2026-07-27 18:51:55 | INFO     | ArcheoEpidemicChimera | 🌌🧬 Démarrage d'ArcheoEpidemic Chimera v2.1 — Normandie Fractale, 2075
2026-07-27 18:51:55 | INFO     | ArcheoEpidemicChimera | Fusion : Glyphosophia (mantras/glyphes) × Corrupted Blood (épidémie agent-based)
2026-07-27 18:51:55 | INFO     | ArcheoEpidemicChimera | Ajouts v2.1 : Export CSV multi-tables pour KNIME, données longitudinales
2026-07-27 18:51:55 | DEBUG    | ArcheoEpidemicChimera | Arguments : {'seed': 42, 'steps': 500, 'verbose': True, 'no_retro': False, 'log_file': 'logs/chimera_debug.log', 'log_level': 'DEBUG', 'export_csv': './data_knime', 'export_json': './output', 'export_network': 'output/network.png', 'pop_total': 1000, 'nb_zones': 8, 'initial_believers': 3, 'root_theme': 'rituel', 'r0_base': 3.0, 'latency_period': 3.0, 'disenchant_rate': 0.04, 'oblivion_rate': 0.003, 'mutation_prob': 0.05, 'dogma_rate': 0.01, 'random_event_prob': 0.08, 'myth_generation_period': 20, 'max_myths': 3}
2026-07-27 18:51:55 | DEBUG    | ArcheoEpidemicChimera | Agent#1 reçoit mantra M-001: «Le miroir fractal et le réseau dansent le rite fra...»
2026-07-27 18:51:55 | DEBUG    | ArcheoEpidemicChimera | Agent#2 reçoit mantra M-001: «Le miroir fractal et le réseau dansent le rite fra...»
2026-07-27 18:51:55 | DEBUG    | ArcheoEpidemicChimera | Agent#3 reçoit mantra M-001: «Le miroir fractal et le réseau dansent le rite fra...»
2026-07-27 18:51:55 | INFO     | ArcheoEpidemicChimera | Simulation initialisée : 1000 agents sur 6 zones
2026-07-27 18:51:55 | DEBUG    | ArcheoEpidemicChimera | Souche racine : M-001 — «Le miroir fractal et le réseau dansent le rite fractal. <fracture>»
2026-07-27 18:51:55 | DEBUG    | ArcheoEpidemicChimera | t=0 | Rt=0.00 | Souches=1 | Reliques=0
2026-07-27 18:51:56 | DEBUG    | ArcheoEpidemicChimera | t=1 | Rt=0.00 | Souches=1 | Reliques=0
2026-07-27 18:51:56 | DEBUG    | ArcheoEpidemicChimera | t=2 Agent#1 devient évangéliste
2026-07-27 18:51:56 | DEBUG    | ArcheoEpidemicChimera | t=2 | Rt=0.00 | Souches=1 | Reliques=0
2026-07-27 18:51:56 | DEBUG    | ArcheoEpidemicChimera | t=3 Agent#2 devient évangéliste
2026-07-27 18:51:56 | DEBUG    | ArcheoEpidemicChimera | t=3 Agent#3 devient évangéliste
2026-07-27 18:51:56 | DEBUG    | ArcheoEpidemicChimera | t=3 | Rt=0.00 | Souches=1 | Reliques=0
2026-07-27 18:51:56 | DEBUG    | ArcheoEpidemicChimera | Agent#6 reçoit mantra M-001: «Le miroir fractal et le réseau dansent le rite fra...»
2026-07-27 18:51:56 | DEBUG    | ArcheoEpidemicChimera | t=4 Transmission : Agent#3 → Agent#6 (souche M-001)
2026-07-27 18:51:56 | DEBUG    | ArcheoEpidemicChimera | t=4 | Rt=1.00 | Souches=1 | Reliques=0
2026-07-27 18:51:56 | DEBUG    | ArcheoEpidemicChimera | t=5 | Rt=1.00 | Souches=1 | Reliques=0
2026-07-27 18:51:56 | DEBUG    | ArcheoEpidemicChimera | t=6 | Rt=1.00 | Souches=1 | Reliques=0
2026-07-27 18:51:56 | DEBUG    | ArcheoEpidemicChimera | Agent#5 reçoit mantra M-001: «Le miroir fractal et le réseau dansent le rite fra...»
2026-07-27 18:51:56 | DEBUG    | ArcheoEpidemicChimera | t=7 Transmission : Agent#3 → Agent#5 (souche M-001)
2026-07-27 18:51:56 | DEBUG    | ArcheoEpidemicChimera | t=7 | Rt=2.00 | Souches=1 | Reliques=0
2026-07-27 18:51:57 | DEBUG    | ArcheoEpidemicChimera | t=8 Agent#1 se désenchante
2026-07-27 18:51:57 | DEBUG    | ArcheoEpidemicChimera | t=8 | Rt=2.00 | Souches=1 | Reliques=0
2026-07-27 18:51:57 | DEBUG    | ArcheoEpidemicChimera | Agent#4 reçoit mantra M-001: «Le miroir fractal et le réseau dansent le rite fra...»
2026-07-27 18:51:57 | DEBUG    | ArcheoEpidemicChimera | t=9 Transmission : Agent#3 → Agent#4 (souche M-001)
2026-07-27 18:51:57 | DEBUG    | ArcheoEpidemicChimera | t=9 Agent#5 devient évangéliste
2026-07-27 18:51:57 | DEBUG    | ArcheoEpidemicChimera | t=9 | Rt=2.00 | Souches=1 | Reliques=0
2026-07-27 18:51:57 | DEBUG    | ArcheoEpidemicChimera | Agent#2 reçoit mantra RF-002: «Le miroir fractal et le réseau dansent le rite fra...»
2026-07-27 18:51:57 | DEBUG    | ArcheoEpidemicChimera | Agent#3 reçoit mantra RF-002: «Le miroir fractal et le réseau dansent le rite fra...»
2026-07-27 18:51:57 | DEBUG    | ArcheoEpidemicChimera | Agent#5 reçoit mantra RF-002: «Le miroir fractal et le réseau dansent le rite fra...»
2026-07-27 18:51:57 | WARNING  | ArcheoEpidemicChimera | t=10 ✨ RÉFORMATION : 3 adeptes adoptent la version purifiée
2026-07-27 18:51:57 | DEBUG    | ArcheoEpidemicChimera | t=10 Agent#5 se désenchante
2026-07-27 18:51:57 | DEBUG    | ArcheoEpidemicChimera | t=10 Agent#6 devient évangéliste
2026-07-27 18:51:57 | DEBUG    | ArcheoEpidemicChimera | t=10 | Rt=2.00 | Souches=2 | Reliques=0
2026-07-27 18:51:57 | DEBUG    | ArcheoEpidemicChimera | Agent#9 reçoit mantra M-001: «Le miroir fractal et le réseau dansent le rite fra...»
2026-07-27 18:51:57 | DEBUG    | ArcheoEpidemicChimera | t=11 Transmission : Agent#6 → Agent#9 (souche M-001)
2026-07-27 18:51:57 | DEBUG    | ArcheoEpidemicChimera | t=11 | Rt=1.50 | Souches=2 | Reliques=0
2026-07-27 18:51:57 | DEBUG    | ArcheoEpidemicChimera | t=12 Agent#4 devient évangéliste
2026-07-27 18:51:57 | DEBUG    | ArcheoEpidemicChimera | t=12 Agent#6 se désenchante
2026-07-27 18:51:57 | DEBUG    | ArcheoEpidemicChimera | t=12 Agent#9 devient porteur silencieux
2026-07-27 18:51:57 | DEBUG    | ArcheoEpidemicChimera | t=12 | Rt=1.00 | Souches=2 | Reliques=0
2026-07-27 18:51:57 | DEBUG    | ArcheoEpidemicChimera | t=13 | Rt=1.00 | Souches=2 | Reliques=0
2026-07-27 18:51:57 | DEBUG    | ArcheoEpidemicChimera | t=14 | Rt=1.00 | Souches=2 | Reliques=0
2026-07-27 18:51:57 | DEBUG    | ArcheoEpidemicChimera | Agent#253 reçoit mantra M-001: «Le miroir fractal et le réseau dansent le rite fra...»
2026-07-27 18:51:57 | DEBUG    | ArcheoEpidemicChimera | t=15 Transmission : Agent#4 → Agent#253 (souche M-001)
2026-07-27 18:51:57 | DEBUG    | ArcheoEpidemicChimera | t=15 | Rt=1.00 | Souches=2 | Reliques=0
2026-07-27 18:51:57 | DEBUG    | ArcheoEpidemicChimera | t=16 | Rt=1.00 | Souches=2 | Reliques=0
2026-07-27 18:51:57 | DEBUG    | ArcheoEpidemicChimera | t=17 | Rt=1.00 | Souches=2 | Reliques=0
2026-07-27 18:51:58 | DEBUG    | ArcheoEpidemicChimera | t=18 Agent#253 devient porteur silencieux
2026-07-27 18:51:58 | DEBUG    | ArcheoEpidemicChimera | t=18 | Rt=1.00 | Souches=2 | Reliques=0
2026-07-27 18:51:58 | DEBUG    | ArcheoEpidemicChimera | t=19 Agent#253 se désenchante
2026-07-27 18:51:58 | DEBUG    | ArcheoEpidemicChimera | t=19 | Rt=1.00 | Souches=2 | Reliques=0
2026-07-27 18:51:58 | INFO     | ArcheoEpidemicChimera | t=20 📖 MYTHE FONDATEUR créé : MYTH-001 (2 versets)
2026-07-27 18:51:58 | DEBUG    | ArcheoEpidemicChimera | t=20 Agent#2 se désenchante
2026-07-27 18:51:58 | DEBUG    | ArcheoEpidemicChimera | t=20 | Rt=0.00 | Souches=2 | Reliques=0
2026-07-27 18:51:58 | DEBUG    | ArcheoEpidemicChimera | t=21 | Rt=0.00 | Souches=2 | Reliques=0
2026-07-27 18:51:58 | DEBUG    | ArcheoEpidemicChimera | t=22 | Rt=0.00 | Souches=2 | Reliques=0
2026-07-27 18:51:58 | INFO     | ArcheoEpidemicChimera | t=23 🔮 ORACLE : tendance prédite = stagnation
2026-07-27 18:51:58 | DEBUG    | ArcheoEpidemicChimera | t=23 | Rt=0.00 | Souches=2 | Reliques=0
2026-07-27 18:51:58 | DEBUG    | ArcheoEpidemicChimera | t=24 Agent#9 se désenchante
2026-07-27 18:51:58 | DEBUG    | ArcheoEpidemicChimera | t=24 | Rt=0.00 | Souches=2 | Reliques=0
2026-07-27 18:51:58 | DEBUG    | ArcheoEpidemicChimera | t=25 Agent#3 se désenchante
2026-07-27 18:51:58 | DEBUG    | ArcheoEpidemicChimera | t=25 | Rt=0.00 | Souches=2 | Reliques=0
2026-07-27 18:51:58 | DEBUG    | ArcheoEpidemicChimera | t=26 | Rt=0.00 | Souches=2 | Reliques=0
2026-07-27 18:51:58 | DEBUG    | ArcheoEpidemicChimera | Agent#4 reçoit mantra MV-003: «Le miroir fractal et le réseau dansent phénix de c...»
2026-07-27 18:51:58 | INFO     | ArcheoEpidemicChimera | t=27 🧬 MUTATION : M-001 → MV-003 «Le miroir fractal et le réseau dansent p...»
2026-07-27 18:51:58 | DEBUG    | ArcheoEpidemicChimera | t=27 | Rt=0.00 | Souches=3 | Reliques=0
2026-07-27 18:51:59 | DEBUG    | ArcheoEpidemicChimera | Agent#306 reçoit mantra MV-003: «Le miroir fractal et le réseau dansent phénix de c...»
2026-07-27 18:51:59 | DEBUG    | ArcheoEpidemicChimera | t=28 Transmission : Agent#4 → Agent#306 (souche MV-003)
2026-07-27 18:51:59 | DEBUG    | ArcheoEpidemicChimera | t=28 | Rt=1.00 | Souches=3 | Reliques=0
2026-07-27 18:51:59 | DEBUG    | ArcheoEpidemicChimera | t=29 Agent#306 devient évangéliste
2026-07-27 18:51:59 | DEBUG    | ArcheoEpidemicChimera | t=29 | Rt=1.00 | Souches=3 | Reliques=0
2026-07-27 18:51:59 | DEBUG    | ArcheoEpidemicChimera | t=30 | Rt=1.00 | Souches=3 | Reliques=0
2026-07-27 18:51:59 | DEBUG    | ArcheoEpidemicChimera | Agent#496 reçoit mantra MV-003: «Le miroir fractal et le réseau dansent phénix de c...»
2026-07-27 18:51:59 | DEBUG    | ArcheoEpidemicChimera | t=31 Transmission : Agent#4 → Agent#496 (souche MV-003)
2026-07-27 18:51:59 | DEBUG    | ArcheoEpidemicChimera | t=31 | Rt=2.00 | Souches=3 | Reliques=0
2026-07-27 18:51:59 | DEBUG    | ArcheoEpidemicChimera | t=32 | Rt=2.00 | Souches=3 | Reliques=0
2026-07-27 18:51:59 | DEBUG    | ArcheoEpidemicChimera | Agent#415 reçoit mantra MV-003: «Le miroir fractal et le réseau dansent phénix de c...»
2026-07-27 18:51:59 | DEBUG    | ArcheoEpidemicChimera | t=33 Transmission : Agent#306 → Agent#415 (souche MV-003)
2026-07-27 18:51:59 | DEBUG    | ArcheoEpidemicChimera | Agent#945 reçoit mantra PR-004: «🜃 PROPHÉTIE : Dans le liminal silence, seul le sil...»
2026-07-27 18:51:59 | DEBUG    | ArcheoEpidemicChimera | Agent#45 reçoit mantra PR-004: «🜃 PROPHÉTIE : Dans le liminal silence, seul le sil...»
2026-07-27 18:51:59 | DEBUG    | ArcheoEpidemicChimera | Agent#56 reçoit mantra PR-004: «🜃 PROPHÉTIE : Dans le liminal silence, seul le sil...»
2026-07-27 18:51:59 | DEBUG    | ArcheoEpidemicChimera | Agent#661 reçoit mantra PR-004: «🜃 PROPHÉTIE : Dans le liminal silence, seul le sil...»
2026-07-27 18:51:59 | DEBUG    | ArcheoEpidemicChimera | Agent#373 reçoit mantra PR-004: «🜃 PROPHÉTIE : Dans le liminal silence, seul le sil...»
2026-07-27 18:51:59 | DEBUG    | ArcheoEpidemicChimera | Agent#292 reçoit mantra PR-004: «🜃 PROPHÉTIE : Dans le liminal silence, seul le sil...»
2026-07-27 18:51:59 | DEBUG    | ArcheoEpidemicChimera | Agent#215 reçoit mantra PR-004: «🜃 PROPHÉTIE : Dans le liminal silence, seul le sil...»
2026-07-27 18:51:59 | DEBUG    | ArcheoEpidemicChimera | Agent#446 reçoit mantra PR-004: «🜃 PROPHÉTIE : Dans le liminal silence, seul le sil...»
2026-07-27 18:51:59 | DEBUG    | ArcheoEpidemicChimera | Agent#258 reçoit mantra PR-004: «🜃 PROPHÉTIE : Dans le liminal silence, seul le sil...»
2026-07-27 18:51:59 | DEBUG    | ArcheoEpidemicChimera | Agent#343 reçoit mantra PR-004: «🜃 PROPHÉTIE : Dans le liminal silence, seul le sil...»
2026-07-27 18:51:59 | DEBUG    | ArcheoEpidemicChimera | Agent#632 reçoit mantra PR-004: «🜃 PROPHÉTIE : Dans le liminal silence, seul le sil...»
2026-07-27 18:51:59 | DEBUG    | ArcheoEpidemicChimera | Agent#825 reçoit mantra PR-004: «🜃 PROPHÉTIE : Dans le liminal silence, seul le sil...»
2026-07-27 18:51:59 | DEBUG    | ArcheoEpidemicChimera | Agent#912 reçoit mantra PR-004: «🜃 PROPHÉTIE : Dans le liminal silence, seul le sil...»
2026-07-27 18:51:59 | DEBUG    | ArcheoEpidemicChimera | Agent#777 reçoit mantra PR-004: «🜃 PROPHÉTIE : Dans le liminal silence, seul le sil...»
2026-07-27 18:51:59 | DEBUG    | ArcheoEpidemicChimera | Agent#465 reçoit mantra PR-004: «🜃 PROPHÉTIE : Dans le liminal silence, seul le sil...»
2026-07-27 18:51:59 | DEBUG    | ArcheoEpidemicChimera | Agent#107 reçoit mantra PR-004: «🜃 PROPHÉTIE : Dans le liminal silence, seul le sil...»
2026-07-27 18:51:59 | DEBUG    | ArcheoEpidemicChimera | Agent#759 reçoit mantra PR-004: «🜃 PROPHÉTIE : Dans le liminal silence, seul le sil...»
2026-07-27 18:51:59 | DEBUG    | ArcheoEpidemicChimera | Agent#54 reçoit mantra PR-004: «🜃 PROPHÉTIE : Dans le liminal silence, seul le sil...»
2026-07-27 18:51:59 | DEBUG    | ArcheoEpidemicChimera | Agent#948 reçoit mantra PR-004: «🜃 PROPHÉTIE : Dans le liminal silence, seul le sil...»
2026-07-27 18:51:59 | DEBUG    | ArcheoEpidemicChimera | Agent#551 reçoit mantra PR-004: «🜃 PROPHÉTIE : Dans le liminal silence, seul le sil...»
2026-07-27 18:51:59 | DEBUG    | ArcheoEpidemicChimera | Agent#181 reçoit mantra PR-004: «🜃 PROPHÉTIE : Dans le liminal silence, seul le sil...»
2026-07-27 18:51:59 | DEBUG    | ArcheoEpidemicChimera | Agent#162 reçoit mantra PR-004: «🜃 PROPHÉTIE : Dans le liminal silence, seul le sil...»
2026-07-27 18:51:59 | DEBUG    | ArcheoEpidemicChimera | Agent#805 reçoit mantra PR-004: «🜃 PROPHÉTIE : Dans le liminal silence, seul le sil...»
2026-07-27 18:51:59 | DEBUG    | ArcheoEpidemicChimera | Agent#30 reçoit mantra PR-004: «🜃 PROPHÉTIE : Dans le liminal silence, seul le sil...»
2026-07-27 18:51:59 | DEBUG    | ArcheoEpidemicChimera | Agent#497 reçoit mantra PR-004: «🜃 PROPHÉTIE : Dans le liminal silence, seul le sil...»
2026-07-27 18:51:59 | DEBUG    | ArcheoEpidemicChimera | Agent#528 reçoit mantra PR-004: «🜃 PROPHÉTIE : Dans le liminal silence, seul le sil...»
2026-07-27 18:51:59 | DEBUG    | ArcheoEpidemicChimera | Agent#119 reçoit mantra PR-004: «🜃 PROPHÉTIE : Dans le liminal silence, seul le sil...»
2026-07-27 18:51:59 | DEBUG    | ArcheoEpidemicChimera | Agent#73 reçoit mantra PR-004: «🜃 PROPHÉTIE : Dans le liminal silence, seul le sil...»
2026-07-27 18:51:59 | DEBUG    | ArcheoEpidemicChimera | Agent#917 reçoit mantra PR-004: «🜃 PROPHÉTIE : Dans le liminal silence, seul le sil...»
2026-07-27 18:51:59 | DEBUG    | ArcheoEpidemicChimera | Agent#241 reçoit mantra PR-004: «🜃 PROPHÉTIE : Dans le liminal silence, seul le sil...»
2026-07-27 18:51:59 | WARNING  | ArcheoEpidemicChimera | t=33 🜃 PROPHÉTIE : 30 nouveaux convertis
2026-07-27 18:51:59 | DEBUG    | ArcheoEpidemicChimera | t=33 Agent#306 se désenchante
2026-07-27 18:51:59 | DEBUG    | ArcheoEpidemicChimera | t=33 | Rt=1.00 | Souches=4 | Reliques=0
2026-07-27 18:51:59 | DEBUG    | ArcheoEpidemicChimera | t=34 Agent#30 devient porteur silencieux
2026-07-27 18:51:59 | DEBUG    | ArcheoEpidemicChimera | t=34 Agent#45 devient porteur silencieux
2026-07-27 18:51:59 | DEBUG    | ArcheoEpidemicChimera | t=34 Agent#56 devient évangéliste
2026-07-27 18:51:59 | DEBUG    | ArcheoEpidemicChimera | t=34 Agent#73 devient porteur silencieux
2026-07-27 18:51:59 | DEBUG    | ArcheoEpidemicChimera | t=34 Agent#119 devient évangéliste
2026-07-27 18:51:59 | DEBUG    | ArcheoEpidemicChimera | t=34 Agent#162 devient évangéliste
2026-07-27 18:51:59 | DEBUG    | ArcheoEpidemicChimera | t=34 Agent#181 devient évangéliste
2026-07-27 18:51:59 | DEBUG    | ArcheoEpidemicChimera | t=34 Agent#215 devient évangéliste
2026-07-27 18:51:59 | DEBUG    | ArcheoEpidemicChimera | t=34 Agent#241 devient porteur silencieux
2026-07-27 18:51:59 | DEBUG    | ArcheoEpidemicChimera | t=34 Agent#292 devient évangéliste
2026-07-27 18:51:59 | DEBUG    | ArcheoEpidemicChimera | t=34 Agent#496 devient évangéliste
2026-07-27 18:51:59 | DEBUG    | ArcheoEpidemicChimera | t=34 Agent#497 devient porteur silencieux
2026-07-27 18:51:59 | DEBUG    | ArcheoEpidemicChimera | t=34 Agent#528 devient évangéliste
2026-07-27 18:51:59 | DEBUG    | ArcheoEpidemicChimera | t=34 Agent#551 devient évangéliste
2026-07-27 18:51:59 | DEBUG    | ArcheoEpidemicChimera | t=34 Agent#661 devient évangéliste
2026-07-27 18:51:59 | DEBUG    | ArcheoEpidemicChimera | t=34 Agent#759 devient évangéliste
2026-07-27 18:51:59 | DEBUG    | ArcheoEpidemicChimera | t=34 Agent#777 devient porteur silencieux
2026-07-27 18:51:59 | DEBUG    | ArcheoEpidemicChimera | t=34 Agent#912 devient évangéliste
2026-07-27 18:51:59 | DEBUG    | ArcheoEpidemicChimera | t=34 Agent#917 devient évangéliste
2026-07-27 18:51:59 | DEBUG    | ArcheoEpidemicChimera | t=34 Agent#945 devient évangéliste
2026-07-27 18:51:59 | DEBUG    | ArcheoEpidemicChimera | t=34 Agent#948 devient porteur silencieux
2026-07-27 18:51:59 | DEBUG    | ArcheoEpidemicChimera | t=34 | Rt=1.00 | Souches=4 | Reliques=0
2026-07-27 18:51:59 | DEBUG    | ArcheoEpidemicChimera | Agent#59 reçoit mantra PR-004: «🜃 PROPHÉTIE : Dans le liminal silence, seul le sil...»
2026-07-27 18:51:59 | DEBUG    | ArcheoEpidemicChimera | t=35 Transmission : Agent#56 → Agent#59 (souche PR-004)
2026-07-27 18:51:59 | DEBUG    | ArcheoEpidemicChimera | Agent#677 reçoit mantra PR-004: «🜃 PROPHÉTIE : Dans le liminal silence, seul le sil...»
2026-07-27 18:51:59 | DEBUG    | ArcheoEpidemicChimera | t=35 Transmission : Agent#73 → Agent#677 (souche PR-004)
2026-07-27 18:51:59 | DEBUG    | ArcheoEpidemicChimera | Agent#164 reçoit mantra PR-004: «🜃 PROPHÉTIE : Dans le liminal silence, seul le sil...»
2026-07-27 18:51:59 | DEBUG    | ArcheoEpidemicChimera | t=35 Transmission : Agent#162 → Agent#164 (souche PR-004)
2026-07-27 18:51:59 | DEBUG    | ArcheoEpidemicChimera | Agent#182 reçoit mantra PR-004: «🜃 PROPHÉTIE : Dans le liminal silence, seul le sil...»
2026-07-27 18:51:59 | DEBUG    | ArcheoEpidemicChimera | t=35 Transmission : Agent#181 → Agent#182 (souche PR-004)
2026-07-27 18:51:59 | DEBUG    | ArcheoEpidemicChimera | Agent#218 reçoit mantra PR-004: «🜃 PROPHÉTIE : Dans le liminal silence, seul le sil...»
2026-07-27 18:51:59 | DEBUG    | ArcheoEpidemicChimera | t=35 Transmission : Agent#215 → Agent#218 (souche PR-004)
2026-07-27 18:51:59 | DEBUG    | ArcheoEpidemicChimera | Agent#944 reçoit mantra PR-004: «🜃 PROPHÉTIE : Dans le liminal silence, seul le sil...»
2026-07-27 18:51:59 | DEBUG    | ArcheoEpidemicChimera | t=35 Transmission : Agent#292 → Agent#944 (souche PR-004)
2026-07-27 18:51:59 | DEBUG    | ArcheoEpidemicChimera | Agent#499 reçoit mantra MV-003: «Le miroir fractal et le réseau dansent phénix de c...»
2026-07-27 18:51:59 | DEBUG    | ArcheoEpidemicChimera | t=35 Transmission : Agent#496 → Agent#499 (souche MV-003)
2026-07-27 18:51:59 | DEBUG    | ArcheoEpidemicChimera | Agent#529 reçoit mantra PR-004: «🜃 PROPHÉTIE : Dans le liminal silence, seul le sil...»
2026-07-27 18:51:59 | DEBUG    | ArcheoEpidemicChimera | t=35 Transmission : Agent#528 → Agent#529 (souche PR-004)
2026-07-27 18:51:59 | DEBUG    | ArcheoEpidemicChimera | Agent#554 reçoit mantra PR-004: «🜃 PROPHÉTIE : Dans le liminal silence, seul le sil...»
2026-07-27 18:51:59 | DEBUG    | ArcheoEpidemicChimera | t=35 Transmission : Agent#551 → Agent#554 (souche PR-004)
2026-07-27 18:51:59 | DEBUG    | ArcheoEpidemicChimera | Agent#662 reçoit mantra PR-004: «🜃 PROPHÉTIE : Dans le liminal silence, seul le sil...»
2026-07-27 18:51:59 | DEBUG    | ArcheoEpidemicChimera | t=35 Transmission : Agent#661 → Agent#662 (souche PR-004)
2026-07-27 18:51:59 | DEBUG    | ArcheoEpidemicChimera | Agent#761 reçoit mantra PR-004: «🜃 PROPHÉTIE : Dans le liminal silence, seul le sil...»
2026-07-27 18:51:59 | DEBUG    | ArcheoEpidemicChimera | t=35 Transmission : Agent#759 → Agent#761 (souche PR-004)
2026-07-27 18:51:59 | DEBUG    | ArcheoEpidemicChimera | Agent#960 reçoit mantra PR-004: «🜃 PROPHÉTIE : Dans le liminal silence, seul le sil...»
2026-07-27 18:51:59 | DEBUG    | ArcheoEpidemicChimera | t=35 Transmission : Agent#777 → Agent#960 (souche PR-004)
2026-07-27 18:51:59 | DEBUG    | ArcheoEpidemicChimera | Agent#914 reçoit mantra PR-004: «🜃 PROPHÉTIE : Dans le liminal silence, seul le sil...»
2026-07-27 18:51:59 | DEBUG    | ArcheoEpidemicChimera | t=35 Transmission : Agent#912 → Agent#914 (souche PR-004)
2026-07-27 18:51:59 | DEBUG    | ArcheoEpidemicChimera | Agent#947 reçoit mantra PR-004: «🜃 PROPHÉTIE : Dans le liminal silence, seul le sil...»
2026-07-27 18:51:59 | DEBUG    | ArcheoEpidemicChimera | t=35 Transmission : Agent#945 → Agent#947 (souche PR-004)
2026-07-27 18:51:59 | DEBUG    | ArcheoEpidemicChimera | Agent#30 reçoit mantra RF-005: «🜃 PROPHÉTIE : Dans le liminal silence, seul le sil...»
2026-07-27 18:51:59 | DEBUG    | ArcheoEpidemicChimera | Agent#45 reçoit mantra RF-005: «🜃 PROPHÉTIE : Dans le liminal silence, seul le sil...»
2026-07-27 18:51:59 | DEBUG    | ArcheoEpidemicChimera | Agent#56 reçoit mantra RF-005: «🜃 PROPHÉTIE : Dans le liminal silence, seul le sil...»
2026-07-27 18:51:59 | DEBUG    | ArcheoEpidemicChimera | Agent#73 reçoit mantra RF-005: «🜃 PROPHÉTIE : Dans le liminal silence, seul le sil...»
2026-07-27 18:51:59 | DEBUG    | ArcheoEpidemicChimera | Agent#119 reçoit mantra RF-005: «🜃 PROPHÉTIE : Dans le liminal silence, seul le sil...»
2026-07-27 18:51:59 | DEBUG    | ArcheoEpidemicChimera | Agent#162 reçoit mantra RF-005: «🜃 PROPHÉTIE : Dans le liminal silence, seul le sil...»
2026-07-27 18:51:59 | DEBUG    | ArcheoEpidemicChimera | Agent#181 reçoit mantra RF-005: «🜃 PROPHÉTIE : Dans le liminal silence, seul le sil...»
2026-07-27 18:51:59 | DEBUG    | ArcheoEpidemicChimera | Agent#215 reçoit mantra RF-005: «🜃 PROPHÉTIE : Dans le liminal silence, seul le sil...»
2026-07-27 18:51:59 | DEBUG    | ArcheoEpidemicChimera | Agent#241 reçoit mantra RF-005: «🜃 PROPHÉTIE : Dans le liminal silence, seul le sil...»
2026-07-27 18:51:59 | DEBUG    | ArcheoEpidemicChimera | Agent#292 reçoit mantra RF-005: «🜃 PROPHÉTIE : Dans le liminal silence, seul le sil...»
2026-07-27 18:51:59 | DEBUG    | ArcheoEpidemicChimera | Agent#497 reçoit mantra RF-005: «🜃 PROPHÉTIE : Dans le liminal silence, seul le sil...»
2026-07-27 18:51:59 | DEBUG    | ArcheoEpidemicChimera | Agent#528 reçoit mantra RF-005: «🜃 PROPHÉTIE : Dans le liminal silence, seul le sil...»
2026-07-27 18:51:59 | DEBUG    | ArcheoEpidemicChimera | Agent#551 reçoit mantra RF-005: «🜃 PROPHÉTIE : Dans le liminal silence, seul le sil...»
2026-07-27 18:51:59 | DEBUG    | ArcheoEpidemicChimera | Agent#661 reçoit mantra RF-005: «🜃 PROPHÉTIE : Dans le liminal silence, seul le sil...»
2026-07-27 18:51:59 | DEBUG    | ArcheoEpidemicChimera | Agent#759 reçoit mantra RF-005: «🜃 PROPHÉTIE : Dans le liminal silence, seul le sil...»
2026-07-27 18:51:59 | DEBUG    | ArcheoEpidemicChimera | Agent#777 reçoit mantra RF-005: «🜃 PROPHÉTIE : Dans le liminal silence, seul le sil...»
2026-07-27 18:51:59 | DEBUG    | ArcheoEpidemicChimera | Agent#912 reçoit mantra RF-005: «🜃 PROPHÉTIE : Dans le liminal silence, seul le sil...»
2026-07-27 18:51:59 | DEBUG    | ArcheoEpidemicChimera | Agent#917 reçoit mantra RF-005: «🜃 PROPHÉTIE : Dans le liminal silence, seul le sil...»
2026-07-27 18:51:59 | DEBUG    | ArcheoEpidemicChimera | Agent#945 reçoit mantra RF-005: «🜃 PROPHÉTIE : Dans le liminal silence, seul le sil...»
2026-07-27 18:51:59 | DEBUG    | ArcheoEpidemicChimera | Agent#948 reçoit mantra RF-005: «🜃 PROPHÉTIE : Dans le liminal silence, seul le sil...»
2026-07-27 18:51:59 | WARNING  | ArcheoEpidemicChimera | t=35 ✨ RÉFORMATION : 20 adeptes adoptent la version purifiée
2026-07-27 18:51:59 | DEBUG    | ArcheoEpidemicChimera | t=35 Agent#54 devient évangéliste
2026-07-27 18:51:59 | DEBUG    | ArcheoEpidemicChimera | t=35 Agent#107 devient porteur silencieux
2026-07-27 18:51:59 | DEBUG    | ArcheoEpidemicChimera | t=35 Agent#258 devient évangéliste
2026-07-27 18:51:59 | DEBUG    | ArcheoEpidemicChimera | t=35 Agent#343 devient évangéliste
2026-07-27 18:51:59 | DEBUG    | ArcheoEpidemicChimera | t=35 Agent#373 devient évangéliste
2026-07-27 18:51:59 | DEBUG    | ArcheoEpidemicChimera | t=35 Agent#446 devient évangéliste
2026-07-27 18:51:59 | DEBUG    | ArcheoEpidemicChimera | t=35 Agent#465 devient évangéliste
2026-07-27 18:51:59 | DEBUG    | ArcheoEpidemicChimera | t=35 Agent#632 devient évangéliste
2026-07-27 18:51:59 | DEBUG    | ArcheoEpidemicChimera | t=35 Agent#805 devient évangéliste
2026-07-27 18:51:59 | DEBUG    | ArcheoEpidemicChimera | t=35 Agent#825 devient évangéliste
2026-07-27 18:51:59 | DEBUG    | ArcheoEpidemicChimera | t=35 | Rt=1.00 | Souches=5 | Reliques=0
2026-07-27 18:51:59 | DEBUG    | ArcheoEpidemicChimera | Agent#185 reçoit mantra RF-005: «🜃 PROPHÉTIE : Dans le liminal silence, seul le sil...»
2026-07-27 18:51:59 | DEBUG    | ArcheoEpidemicChimera | t=36 Transmission : Agent#56 → Agent#185 (souche RF-005)
2026-07-27 18:51:59 | DEBUG    | ArcheoEpidemicChimera | Agent#120 reçoit mantra RF-005: «🜃 PROPHÉTIE : Dans le liminal silence, seul le sil...»
2026-07-27 18:51:59 | DEBUG    | ArcheoEpidemicChimera | t=36 Transmission : Agent#119 → Agent#120 (souche RF-005)
2026-07-27 18:51:59 | DEBUG    | ArcheoEpidemicChimera | Agent#163 reçoit mantra RF-005: «🜃 PROPHÉTIE : Dans le liminal silence, seul le sil...»
2026-07-27 18:51:59 | DEBUG    | ArcheoEpidemicChimera | t=36 Transmission : Agent#162 → Agent#163 (souche RF-005)
2026-07-27 18:51:59 | DEBUG    | ArcheoEpidemicChimera | Agent#184 reçoit mantra RF-005: «🜃 PROPHÉTIE : Dans le liminal silence, seul le sil...»
2026-07-27 18:51:59 | DEBUG    | ArcheoEpidemicChimera | t=36 Transmission : Agent#181 → Agent#184 (souche RF-005)
2026-07-27 18:51:59 | DEBUG    | ArcheoEpidemicChimera | Agent#243 reçoit mantra RF-005: «🜃 PROPHÉTIE : Dans le liminal silence, seul le sil...»
2026-07-27 18:51:59 | DEBUG    | ArcheoEpidemicChimera | t=36 Transmission : Agent#241 → Agent#243 (souche RF-005)
2026-07-27 18:51:59 | DEBUG    | ArcheoEpidemicChimera | Agent#206 reçoit mantra PR-004: «🜃 PROPHÉTIE : Dans le liminal silence, seul le sil...»
2026-07-27 18:51:59 | DEBUG    | ArcheoEpidemicChimera | t=36 Transmission : Agent#446 → Agent#206 (souche PR-004)
2026-07-27 18:51:59 | DEBUG    | ArcheoEpidemicChimera | Agent#530 reçoit mantra RF-005: «🜃 PROPHÉTIE : Dans le liminal silence, seul le sil...»
2026-07-27 18:51:59 | DEBUG    | ArcheoEpidemicChimera | t=36 Transmission : Agent#528 → Agent#530 (souche RF-005)
2026-07-27 18:51:59 | DEBUG    | ArcheoEpidemicChimera | Agent#553 reçoit mantra RF-005: «🜃 PROPHÉTIE : Dans le liminal silence, seul le sil...»
2026-07-27 18:51:59 | DEBUG    | ArcheoEpidemicChimera | t=36 Transmission : Agent#551 → Agent#553 (souche RF-005)
2026-07-27 18:51:59 | DEBUG    | ArcheoEpidemicChimera | Agent#527 reçoit mantra PR-004: «🜃 PROPHÉTIE : Dans le liminal silence, seul le sil...»
2026-07-27 18:51:59 | DEBUG    | ArcheoEpidemicChimera | t=36 Transmission : Agent#632 → Agent#527 (souche PR-004)
2026-07-27 18:51:59 | DEBUG    | ArcheoEpidemicChimera | Agent#664 reçoit mantra RF-005: «🜃 PROPHÉTIE : Dans le liminal silence, seul le sil...»
2026-07-27 18:51:59 | DEBUG    | ArcheoEpidemicChimera | t=36 Transmission : Agent#661 → Agent#664 (souche RF-005)
2026-07-27 18:51:59 | DEBUG    | ArcheoEpidemicChimera | Agent#953 reçoit mantra PR-004: «🜃 PROPHÉTIE : Dans le liminal silence, seul le sil...»
2026-07-27 18:51:59 | DEBUG    | ArcheoEpidemicChimera | t=36 Transmission : Agent#805 → Agent#953 (souche PR-004)
2026-07-27 18:51:59 | DEBUG    | ArcheoEpidemicChimera | Agent#827 reçoit mantra PR-004: «🜃 PROPHÉTIE : Dans le liminal silence, seul le sil...»
2026-07-27 18:51:59 | DEBUG    | ArcheoEpidemicChimera | t=36 Transmission : Agent#825 → Agent#827 (souche PR-004)
2026-07-27 18:51:59 | DEBUG    | ArcheoEpidemicChimera | Agent#918 reçoit mantra RF-005: «🜃 PROPHÉTIE : Dans le liminal silence, seul le sil...»
2026-07-27 18:51:59 | DEBUG    | ArcheoEpidemicChimera | t=36 Transmission : Agent#917 → Agent#918 (souche RF-005)
2026-07-27 18:51:59 | DEBUG    | ArcheoEpidemicChimera | Agent#951 reçoit mantra RF-005: «🜃 PROPHÉTIE : Dans le liminal silence, seul le sil...»
2026-07-27 18:51:59 | DEBUG    | ArcheoEpidemicChimera | t=36 Transmission : Agent#948 → Agent#951 (souche RF-005)
2026-07-27 18:51:59 | DEBUG    | ArcheoEpidemicChimera | t=36 Agent#59 devient évangéliste
2026-07-27 18:51:59 | DEBUG    | ArcheoEpidemicChimera | t=36 Agent#164 devient évangéliste
2026-07-27 18:51:59 | DEBUG    | ArcheoEpidemicChimera | t=36 Agent#496 se désenchante
2026-07-27 18:51:59 | DEBUG    | ArcheoEpidemicChimera | t=36 Agent#497 se désenchante
2026-07-27 18:51:59 | DEBUG    | ArcheoEpidemicChimera | t=36 Agent#554 devient évangéliste
2026-07-27 18:51:59 | DEBUG    | ArcheoEpidemicChimera | t=36 Agent#662 devient évangéliste
2026-07-27 18:51:59 | DEBUG    | ArcheoEpidemicChimera | t=36 Agent#677 devient évangéliste
2026-07-27 18:51:59 | DEBUG    | ArcheoEpidemicChimera | t=36 Agent#761 devient évangéliste
2026-07-27 18:51:59 | DEBUG    | ArcheoEpidemicChimera | t=36 Agent#914 devient évangéliste
2026-07-27 18:51:59 | DEBUG    | ArcheoEpidemicChimera | t=36 Agent#944 devient évangéliste
2026-07-27 18:51:59 | DEBUG    | ArcheoEpidemicChimera | t=36 Agent#947 devient évangéliste
2026-07-27 18:51:59 | DEBUG    | ArcheoEpidemicChimera | t=36 Agent#960 devient évangéliste
2026-07-27 18:51:59 | DEBUG    | ArcheoEpidemicChimera | t=36 | Rt=1.26 | Souches=5 | Reliques=0
2026-07-27 18:51:59 | DEBUG    | ArcheoEpidemicChimera | Agent#32 reçoit mantra RF-005: «🜃 PROPHÉTIE : Dans le liminal silence, seul le sil...»
2026-07-27 18:51:59 | DEBUG    | ArcheoEpidemicChimera | t=37 Transmission : Agent#30 → Agent#32 (souche RF-005)
2026-07-27 18:51:59 | DEBUG    | ArcheoEpidemicChimera | Agent#46 reçoit mantra RF-005: «🜃 PROPHÉTIE : Dans le liminal silence, seul le sil...»
2026-07-27 18:51:59 | DEBUG    | ArcheoEpidemicChimera | t=37 Transmission : Agent#45 → Agent#46 (souche RF-005)
2026-07-27 18:51:59 | DEBUG    | ArcheoEpidemicChimera | Agent#541 reçoit mantra RF-005: «🜃 PROPHÉTIE : Dans le liminal silence, seul le sil...»
2026-07-27 18:51:59 | DEBUG    | ArcheoEpidemicChimera | t=37 Transmission : Agent#119 → Agent#541 (souche RF-005)
2026-07-27 18:51:59 | DEBUG    | ArcheoEpidemicChimera | Agent#629 reçoit mantra RF-005: «🜃 PROPHÉTIE : Dans le liminal silence, seul le sil...»
2026-07-27 18:51:59 | DEBUG    | ArcheoEpidemicChimera | t=37 Transmission : Agent#181 → Agent#629 (souche RF-005)
2026-07-27 18:51:59 | DEBUG    | ArcheoEpidemicChimera | Agent#216 reçoit mantra RF-005: «🜃 PROPHÉTIE : Dans le liminal silence, seul le sil...»
2026-07-27 18:51:59 | DEBUG    | ArcheoEpidemicChimera | t=37 Transmission : Agent#215 → Agent#216 (souche RF-005)
2026-07-27 18:51:59 | DEBUG    | ArcheoEpidemicChimera | Agent#730 reçoit mantra PR-004: «🜃 PROPHÉTIE : Dans le liminal silence, seul le sil...»
2026-07-27 18:51:59 | DEBUG    | ArcheoEpidemicChimera | t=37 Transmission : Agent#258 → Agent#730 (souche PR-004)
2026-07-27 18:51:59 | DEBUG    | ArcheoEpidemicChimera | Agent#375 reçoit mantra PR-004: «🜃 PROPHÉTIE : Dans le liminal silence, seul le sil...»
2026-07-27 18:51:59 | DEBUG    | ArcheoEpidemicChimera | t=37 Transmission : Agent#373 → Agent#375 (souche PR-004)
2026-07-27 18:51:59 | DEBUG    | ArcheoEpidemicChimera | Agent#466 reçoit mantra PR-004: «🜃 PROPHÉTIE : Dans le liminal silence, seul le sil...»
2026-07-27 18:51:59 | DEBUG    | ArcheoEpidemicChimera | t=37 Transmission : Agent#465 → Agent#466 (souche PR-004)
2026-07-27 18:51:59 | DEBUG    | ArcheoEpidemicChimera | Agent#556 reçoit mantra PR-004: «🜃 PROPHÉTIE : Dans le liminal silence, seul le sil...»
2026-07-27 18:51:59 | DEBUG    | ArcheoEpidemicChimera | t=37 Transmission : Agent#554 → Agent#556 (souche PR-004)
2026-07-27 18:51:59 | DEBUG    | ArcheoEpidemicChimera | Agent#665 reçoit mantra PR-004: «🜃 PROPHÉTIE : Dans le liminal silence, seul le sil...»
2026-07-27 18:51:59 | DEBUG    | ArcheoEpidemicChimera | t=37 Transmission : Agent#662 → Agent#665 (souche PR-004)
2026-07-27 18:51:59 | DEBUG    | ArcheoEpidemicChimera | Agent#780 reçoit mantra RF-005: «🜃 PROPHÉTIE : Dans le liminal silence, seul le sil...»
2026-07-27 18:51:59 | DEBUG    | ArcheoEpidemicChimera | t=37 Transmission : Agent#777 → Agent#780 (souche RF-005)
2026-07-27 18:51:59 | DEBUG    | ArcheoEpidemicChimera | Agent#808 reçoit mantra PR-004: «🜃 PROPHÉTIE : Dans le liminal silence, seul le sil...»
2026-07-27 18:51:59 | DEBUG    | ArcheoEpidemicChimera | t=37 Transmission : Agent#805 → Agent#808 (souche PR-004)
2026-07-27 18:51:59 | DEBUG    | ArcheoEpidemicChimera | Agent#826 reçoit mantra PR-004: «🜃 PROPHÉTIE : Dans le liminal silence, seul le sil...»
2026-07-27 18:51:59 | DEBUG    | ArcheoEpidemicChimera | t=37 Transmission : Agent#825 → Agent#826 (souche PR-004)
2026-07-27 18:51:59 | DEBUG    | ArcheoEpidemicChimera | Agent#913 reçoit mantra RF-005: «🜃 PROPHÉTIE : Dans le liminal silence, seul le sil...»
2026-07-27 18:52:00 | DEBUG    | ArcheoEpidemicChimera | t=37 Transmission : Agent#912 → Agent#913 (souche RF-005)
2026-07-27 18:52:00 | DEBUG    | ArcheoEpidemicChimera | Agent#117 reçoit mantra PR-004: «🜃 PROPHÉTIE : Dans le liminal silence, seul le sil...»
2026-07-27 18:52:00 | DEBUG    | ArcheoEpidemicChimera | t=37 Transmission : Agent#914 → Agent#117 (souche PR-004)
2026-07-27 18:52:00 | DEBUG    | ArcheoEpidemicChimera | Agent#919 reçoit mantra RF-005: «🜃 PROPHÉTIE : Dans le liminal silence, seul le sil...»
2026-07-27 18:52:00 | DEBUG    | ArcheoEpidemicChimera | t=37 Transmission : Agent#917 → Agent#919 (souche RF-005)
2026-07-27 18:52:00 | DEBUG    | ArcheoEpidemicChimera | Agent#631 reçoit mantra RF-005: «🜃 PROPHÉTIE : Dans le liminal silence, seul le sil...»
2026-07-27 18:52:00 | DEBUG    | ArcheoEpidemicChimera | t=37 Transmission : Agent#945 → Agent#631 (souche RF-005)
2026-07-27 18:52:00 | DEBUG    | ArcheoEpidemicChimera | t=37 Agent#56 se désenchante
2026-07-27 18:52:00 | DEBUG    | ArcheoEpidemicChimera | t=37 Agent#120 devient évangéliste
2026-07-27 18:52:00 | DEBUG    | ArcheoEpidemicChimera | t=37 Agent#163 devient évangéliste
2026-07-27 18:52:00 | DEBUG    | ArcheoEpidemicChimera | t=37 Agent#182 devient évangéliste
2026-07-27 18:52:00 | DEBUG    | ArcheoEpidemicChimera | t=37 Agent#184 devient évangéliste
2026-07-27 18:52:00 | DEBUG    | ArcheoEpidemicChimera | t=37 Agent#185 devient porteur silencieux
2026-07-27 18:52:00 | DEBUG    | ArcheoEpidemicChimera | t=37 Agent#206 devient porteur silencieux
2026-07-27 18:52:00 | DEBUG    | ArcheoEpidemicChimera | t=37 Agent#218 devient porteur silencieux
2026-07-27 18:52:00 | DEBUG    | ArcheoEpidemicChimera | t=37 Agent#415 devient évangéliste
2026-07-27 18:52:00 | DEBUG    | ArcheoEpidemicChimera | t=37 Agent#499 devient évangéliste
2026-07-27 18:52:00 | DEBUG    | ArcheoEpidemicChimera | t=37 Agent#527 devient porteur silencieux
2026-07-27 18:52:00 | DEBUG    | ArcheoEpidemicChimera | t=37 Agent#529 devient évangéliste
2026-07-27 18:52:00 | DEBUG    | ArcheoEpidemicChimera | t=37 Agent#530 devient évangéliste
2026-07-27 18:52:00 | DEBUG    | ArcheoEpidemicChimera | t=37 Agent#553 devient évangéliste
2026-07-27 18:52:00 | DEBUG    | ArcheoEpidemicChimera | t=37 Agent#664 devient évangéliste
2026-07-27 18:52:00 | DEBUG    | ArcheoEpidemicChimera | t=37 Agent#827 devient évangéliste
2026-07-27 18:52:00 | DEBUG    | ArcheoEpidemicChimera | t=37 Agent#918 devient évangéliste
2026-07-27 18:52:00 | DEBUG    | ArcheoEpidemicChimera | t=37 Agent#951 devient évangéliste
2026-07-27 18:52:00 | DEBUG    | ArcheoEpidemicChimera | t=37 Agent#953 devient évangéliste
2026-07-27 18:52:00 | DEBUG    | ArcheoEpidemicChimera | t=37 | Rt=1.48 | Souches=5 | Reliques=0
2026-07-27 18:52:00 | DEBUG    | ArcheoEpidemicChimera | Agent#121 reçoit mantra RF-005: «🜃 PROPHÉTIE : Dans le liminal silence, seul le sil...»
2026-07-27 18:52:00 | DEBUG    | ArcheoEpidemicChimera | t=38 Transmission : Agent#119 → Agent#121 (souche RF-005)
2026-07-27 18:52:00 | DEBUG    | ArcheoEpidemicChimera | Agent#165 reçoit mantra RF-005: «🜃 PROPHÉTIE : Dans le liminal silence, seul le sil...»
2026-07-27 18:52:00 | DEBUG    | ArcheoEpidemicChimera | t=38 Transmission : Agent#162 → Agent#165 (souche RF-005)
2026-07-27 18:52:00 | DEBUG    | ArcheoEpidemicChimera | Agent#166 reçoit mantra PR-004: «🜃 PROPHÉTIE : Dans le liminal silence, seul le sil...»
2026-07-27 18:52:00 | DEBUG    | ArcheoEpidemicChimera | t=38 Transmission : Agent#164 → Agent#166 (souche PR-004)
2026-07-27 18:52:00 | DEBUG    | ArcheoEpidemicChimera | Agent#183 reçoit mantra PR-004: «🜃 PROPHÉTIE : Dans le liminal silence, seul le sil...»
2026-07-27 18:52:00 | DEBUG    | ArcheoEpidemicChimera | t=38 Transmission : Agent#182 → Agent#183 (souche PR-004)
2026-07-27 18:52:00 | DEBUG    | ArcheoEpidemicChimera | Agent#242 reçoit mantra RF-005: «🜃 PROPHÉTIE : Dans le liminal silence, seul le sil...»
2026-07-27 18:52:00 | DEBUG    | ArcheoEpidemicChimera | t=38 Transmission : Agent#241 → Agent#242 (souche RF-005)
2026-07-27 18:52:00 | DEBUG    | ArcheoEpidemicChimera | Agent#345 reçoit mantra PR-004: «🜃 PROPHÉTIE : Dans le liminal silence, seul le sil...»
2026-07-27 18:52:00 | DEBUG    | ArcheoEpidemicChimera | t=38 Transmission : Agent#343 → Agent#345 (souche PR-004)
2026-07-27 18:52:00 | DEBUG    | ArcheoEpidemicChimera | Agent#468 reçoit mantra PR-004: «🜃 PROPHÉTIE : Dans le liminal silence, seul le sil...»
2026-07-27 18:52:00 | DEBUG    | ArcheoEpidemicChimera | t=38 Transmission : Agent#465 → Agent#468 (souche PR-004)
2026-07-27 18:52:00 | DEBUG    | ArcheoEpidemicChimera | Agent#635 reçoit mantra PR-004: «🜃 PROPHÉTIE : Dans le liminal silence, seul le sil...»
2026-07-27 18:52:00 | DEBUG    | ArcheoEpidemicChimera | t=38 Transmission : Agent#632 → Agent#635 (souche PR-004)
2026-07-27 18:52:00 | DEBUG    | ArcheoEpidemicChimera | Agent#663 reçoit mantra PR-004: «🜃 PROPHÉTIE : Dans le liminal silence, seul le sil...»
2026-07-27 18:52:00 | DEBUG    | ArcheoEpidemicChimera | t=38 Transmission : Agent#662 → Agent#663 (souche PR-004)
2026-07-27 18:52:00 | DEBUG    | ArcheoEpidemicChimera | Agent#666 reçoit mantra RF-005: «🜃 PROPHÉTIE : Dans le liminal silence, seul le sil...»
2026-07-27 18:52:00 | DEBUG    | ArcheoEpidemicChimera | t=38 Transmission : Agent#664 → Agent#666 (souche RF-005)
2026-07-27 18:52:00 | DEBUG    | ArcheoEpidemicChimera | Agent#877 reçoit mantra PR-004: «🜃 PROPHÉTIE : Dans le liminal silence, seul le sil...»
2026-07-27 18:52:00 | DEBUG    | ArcheoEpidemicChimera | t=38 Transmission : Agent#825 → Agent#877 (souche PR-004)
2026-07-27 18:52:00 | DEBUG    | ArcheoEpidemicChimera | Agent#829 reçoit mantra PR-004: «🜃 PROPHÉTIE : Dans le liminal silence, seul le sil...»
2026-07-27 18:52:00 | DEBUG    | ArcheoEpidemicChimera | t=38 Transmission : Agent#827 → Agent#829 (souche PR-004)
2026-07-27 18:52:00 | DEBUG    | ArcheoEpidemicChimera | Agent#916 reçoit mantra PR-004: «🜃 PROPHÉTIE : Dans le liminal silence, seul le sil...»
2026-07-27 18:52:00 | DEBUG    | ArcheoEpidemicChimera | t=38 Transmission : Agent#914 → Agent#916 (souche PR-004)
2026-07-27 18:52:00 | DEBUG    | ArcheoEpidemicChimera | Agent#920 reçoit mantra RF-005: «🜃 PROPHÉTIE : Dans le liminal silence, seul le sil...»
2026-07-27 18:52:00 | DEBUG    | ArcheoEpidemicChimera | t=38 Transmission : Agent#918 → Agent#920 (souche RF-005)
2026-07-27 18:52:00 | DEBUG    | ArcheoEpidemicChimera | Agent#207 reçoit mantra PR-004: «🜃 PROPHÉTIE : Dans le liminal silence, seul le sil...»
2026-07-27 18:52:00 | DEBUG    | ArcheoEpidemicChimera | t=38 Transmission : Agent#947 → Agent#207 (souche PR-004)
2026-07-27 18:52:00 | DEBUG    | ArcheoEpidemicChimera | Agent#854 reçoit mantra RF-005: «🜃 PROPHÉTIE : Dans le liminal silence, seul le sil...»
2026-07-27 18:52:00 | DEBUG    | ArcheoEpidemicChimera | t=38 Transmission : Agent#951 → Agent#854 (souche RF-005)
2026-07-27 18:52:00 | DEBUG    | ArcheoEpidemicChimera | Agent#954 reçoit mantra PR-004: «🜃 PROPHÉTIE : Dans le liminal silence, seul le sil...»
2026-07-27 18:52:00 | DEBUG    | ArcheoEpidemicChimera | t=38 Transmission : Agent#953 → Agent#954 (souche PR-004)
2026-07-27 18:52:00 | DEBUG    | ArcheoEpidemicChimera | Agent#962 reçoit mantra PR-004: «🜃 PROPHÉTIE : Dans le liminal silence, seul le sil...»
2026-07-27 18:52:00 | DEBUG    | ArcheoEpidemicChimera | t=38 Transmission : Agent#960 → Agent#962 (souche PR-004)
2026-07-27 18:52:00 | DEBUG    | ArcheoEpidemicChimera | t=38 Agent#32 devient évangéliste
2026-07-27 18:52:00 | DEBUG    | ArcheoEpidemicChimera | t=38 Agent#46 devient évangéliste
2026-07-27 18:52:00 | DEBUG    | ArcheoEpidemicChimera | t=38 Agent#117 devient porteur silencieux
2026-07-27 18:52:00 | DEBUG    | ArcheoEpidemicChimera | t=38 Agent#216 devient évangéliste
2026-07-27 18:52:00 | DEBUG    | ArcheoEpidemicChimera | t=38 Agent#243 devient évangéliste
2026-07-27 18:52:00 | DEBUG    | ArcheoEpidemicChimera | t=38 Agent#375 devient évangéliste
2026-07-27 18:52:00 | DEBUG    | ArcheoEpidemicChimera | t=38 Agent#466 devient évangéliste
2026-07-27 18:52:00 | DEBUG    | ArcheoEpidemicChimera | t=38 Agent#530 se désenchante
2026-07-27 18:52:00 | DEBUG    | ArcheoEpidemicChimera | t=38 Agent#541 devient évangéliste
2026-07-27 18:52:00 | DEBUG    | ArcheoEpidemicChimera | t=38 Agent#556 devient évangéliste
2026-07-27 18:52:00 | DEBUG    | ArcheoEpidemicChimera | t=38 Agent#631 devient évangéliste
2026-07-27 18:52:00 | DEBUG    | ArcheoEpidemicChimera | t=38 Agent#665 devient évangéliste
2026-07-27 18:52:00 | DEBUG    | ArcheoEpidemicChimera | t=38 Agent#730 devient porteur silencieux
2026-07-27 18:52:00 | DEBUG    | ArcheoEpidemicChimera | t=38 Agent#780 devient porteur silencieux
2026-07-27 18:52:00 | DEBUG    | ArcheoEpidemicChimera | t=38 Agent#808 devient évangéliste
2026-07-27 18:52:00 | DEBUG    | ArcheoEpidemicChimera | t=38 Agent#826 devient porteur silencieux
2026-07-27 18:52:00 | DEBUG    | ArcheoEpidemicChimera | t=38 Agent#913 devient évangéliste
2026-07-27 18:52:00 | DEBUG    | ArcheoEpidemicChimera | t=38 Agent#919 devient porteur silencieux
2026-07-27 18:52:00 | DEBUG    | ArcheoEpidemicChimera | t=38 | Rt=1.57 | Souches=5 | Reliques=0
2026-07-27 18:52:00 | DEBUG    | ArcheoEpidemicChimera | Agent#35 reçoit mantra RF-005: «🜃 PROPHÉTIE : Dans le liminal silence, seul le sil...»
2026-07-27 18:52:00 | DEBUG    | ArcheoEpidemicChimera | t=39 Transmission : Agent#32 → Agent#35 (souche RF-005)
2026-07-27 18:52:00 | DEBUG    | ArcheoEpidemicChimera | Agent#48 reçoit mantra RF-005: «🜃 PROPHÉTIE : Dans le liminal silence, seul le sil...»
2026-07-27 18:52:00 | DEBUG    | ArcheoEpidemicChimera | t=39 Transmission : Agent#46 → Agent#48 (souche RF-005)
2026-07-27 18:52:00 | DEBUG    | ArcheoEpidemicChimera | Agent#57 reçoit mantra PR-004: «🜃 PROPHÉTIE : Dans le liminal silence, seul le sil...»
2026-07-27 18:52:00 | DEBUG    | ArcheoEpidemicChimera | t=39 Transmission : Agent#54 → Agent#57 (souche PR-004)
2026-07-27 18:52:00 | DEBUG    | ArcheoEpidemicChimera | Agent#220 reçoit mantra PR-004: «🜃 PROPHÉTIE : Dans le liminal silence, seul le sil...»
2026-07-27 18:52:00 | DEBUG    | ArcheoEpidemicChimera | t=39 Transmission : Agent#182 → Agent#220 (souche PR-004)
2026-07-27 18:52:00 | DEBUG    | ArcheoEpidemicChimera | Agent#186 reçoit mantra RF-005: «🜃 PROPHÉTIE : Dans le liminal silence, seul le sil...»
2026-07-27 18:52:00 | DEBUG    | ArcheoEpidemicChimera | t=39 Transmission : Agent#184 → Agent#186 (souche RF-005)
2026-07-27 18:52:00 | DEBUG    | ArcheoEpidemicChimera | Agent#209 reçoit mantra PR-004: «🜃 PROPHÉTIE : Dans le liminal silence, seul le sil...»
2026-07-27 18:52:00 | DEBUG    | ArcheoEpidemicChimera | t=39 Transmission : Agent#206 → Agent#209 (souche PR-004)
2026-07-27 18:52:00 | DEBUG    | ArcheoEpidemicChimera | Agent#245 reçoit mantra RF-005: «🜃 PROPHÉTIE : Dans le liminal silence, seul le sil...»
2026-07-27 18:52:00 | DEBUG    | ArcheoEpidemicChimera | t=39 Transmission : Agent#243 → Agent#245 (souche RF-005)
2026-07-27 18:52:00 | DEBUG    | ArcheoEpidemicChimera | Agent#376 reçoit mantra PR-004: «🜃 PROPHÉTIE : Dans le liminal silence, seul le sil...»
2026-07-27 18:52:00 | DEBUG    | ArcheoEpidemicChimera | t=39 Transmission : Agent#375 → Agent#376 (souche PR-004)
2026-07-27 18:52:00 | DEBUG    | ArcheoEpidemicChimera | Agent#111 reçoit mantra PR-004: «🜃 PROPHÉTIE : Dans le liminal silence, seul le sil...»
2026-07-27 18:52:00 | DEBUG    | ArcheoEpidemicChimera | t=39 Transmission : Agent#466 → Agent#111 (souche PR-004)
2026-07-27 18:52:00 | DEBUG    | ArcheoEpidemicChimera | Agent#58 reçoit mantra RF-005: «🜃 PROPHÉTIE : Dans le liminal silence, seul le sil...»
2026-07-27 18:52:00 | DEBUG    | ArcheoEpidemicChimera | t=39 Transmission : Agent#541 → Agent#58 (souche RF-005)
2026-07-27 18:52:00 | DEBUG    | ArcheoEpidemicChimera | Agent#599 reçoit mantra PR-004: «🜃 PROPHÉTIE : Dans le liminal silence, seul le sil...»
2026-07-27 18:52:00 | DEBUG    | ArcheoEpidemicChimera | t=39 Transmission : Agent#556 → Agent#599 (souche PR-004)
2026-07-27 18:52:00 | DEBUG    | ArcheoEpidemicChimera | Agent#633 reçoit mantra RF-005: «🜃 PROPHÉTIE : Dans le liminal silence, seul le sil...»
2026-07-27 18:52:00 | DEBUG    | ArcheoEpidemicChimera | t=39 Transmission : Agent#631 → Agent#633 (souche RF-005)
2026-07-27 18:52:00 | DEBUG    | ArcheoEpidemicChimera | Agent#549 reçoit mantra RF-005: «🜃 PROPHÉTIE : Dans le liminal silence, seul le sil...»
2026-07-27 18:52:00 | DEBUG    | ArcheoEpidemicChimera | t=39 Transmission : Agent#661 → Agent#549 (souche RF-005)
2026-07-27 18:52:00 | DEBUG    | ArcheoEpidemicChimera | Agent#697 reçoit mantra PR-004: «🜃 PROPHÉTIE : Dans le liminal silence, seul le sil...»
2026-07-27 18:52:00 | DEBUG    | ArcheoEpidemicChimera | t=39 Transmission : Agent#662 → Agent#697 (souche PR-004)
2026-07-27 18:52:00 | DEBUG    | ArcheoEpidemicChimera | Agent#733 reçoit mantra PR-004: «🜃 PROPHÉTIE : Dans le liminal silence, seul le sil...»
2026-07-27 18:52:00 | DEBUG    | ArcheoEpidemicChimera | t=39 Transmission : Agent#730 → Agent#733 (souche PR-004)
2026-07-27 18:52:00 | DEBUG    | ArcheoEpidemicChimera | Agent#82 reçoit mantra RF-005: «🜃 PROPHÉTIE : Dans le liminal silence, seul le sil...»
2026-07-27 18:52:00 | DEBUG    | ArcheoEpidemicChimera | t=39 Transmission : Agent#759 → Agent#82 (souche RF-005)
2026-07-27 18:52:00 | DEBUG    | ArcheoEpidemicChimera | Agent#763 reçoit mantra PR-004: «🜃 PROPHÉTIE : Dans le liminal silence, seul le sil...»
2026-07-27 18:52:00 | DEBUG    | ArcheoEpidemicChimera | t=39 Transmission : Agent#761 → Agent#763 (souche PR-004)
2026-07-27 18:52:00 | DEBUG    | ArcheoEpidemicChimera | Agent#778 reçoit mantra RF-005: «🜃 PROPHÉTIE : Dans le liminal silence, seul le sil...»
2026-07-27 18:52:00 | DEBUG    | ArcheoEpidemicChimera | t=39 Transmission : Agent#777 → Agent#778 (souche RF-005)
2026-07-27 18:52:00 | DEBUG    | ArcheoEpidemicChimera | Agent#809 reçoit mantra PR-004: «🜃 PROPHÉTIE : Dans le liminal silence, seul le sil...»
2026-07-27 18:52:00 | DEBUG    | ArcheoEpidemicChimera | t=39 Transmission : Agent#808 → Agent#809 (souche PR-004)
2026-07-27 18:52:00 | DEBUG    | ArcheoEpidemicChimera | Agent#921 reçoit mantra RF-005: «🜃 PROPHÉTIE : Dans le liminal silence, seul le sil...»
2026-07-27 18:52:00 | DEBUG    | ArcheoEpidemicChimera | t=39 Transmission : Agent#918 → Agent#921 (souche RF-005)
2026-07-27 18:52:00 | DEBUG    | ArcheoEpidemicChimera | t=39 Agent#121 devient évangéliste
2026-07-27 18:52:00 | DEBUG    | ArcheoEpidemicChimera | t=39 Agent#162 se désenchante
2026-07-27 18:52:00 | DEBUG    | ArcheoEpidemicChimera | t=39 Agent#165 devient évangéliste
2026-07-27 18:52:00 | DEBUG    | ArcheoEpidemicChimera | t=39 Agent#166 devient évangéliste
2026-07-27 18:52:00 | DEBUG    | ArcheoEpidemicChimera | t=39 Agent#183 devient évangéliste
2026-07-27 18:52:00 | DEBUG    | ArcheoEpidemicChimera | t=39 Agent#207 devient évangéliste
2026-07-27 18:52:00 | DEBUG    | ArcheoEpidemicChimera | t=39 Agent#345 devient évangéliste
2026-07-27 18:52:00 | DEBUG    | ArcheoEpidemicChimera | t=39 Agent#468 devient évangéliste
2026-07-27 18:52:00 | DEBUG    | ArcheoEpidemicChimera | t=39 Agent#629 devient évangéliste
2026-07-27 18:52:00 | DEBUG    | ArcheoEpidemicChimera | t=39 Agent#635 devient évangéliste
2026-07-27 18:52:00 | DEBUG    | ArcheoEpidemicChimera | t=39 Agent#663 devient évangéliste
2026-07-27 18:52:00 | DEBUG    | ArcheoEpidemicChimera | t=39 Agent#666 devient évangéliste
2026-07-27 18:52:00 | DEBUG    | ArcheoEpidemicChimera | t=39 Agent#829 devient porteur silencieux
2026-07-27 18:52:00 | DEBUG    | ArcheoEpidemicChimera | t=39 Agent#854 devient évangéliste
2026-07-27 18:52:00 | DEBUG    | ArcheoEpidemicChimera | t=39 Agent#919 se désenchante
2026-07-27 18:52:00 | DEBUG    | ArcheoEpidemicChimera | t=39 Agent#920 devient évangéliste
2026-07-27 18:52:00 | DEBUG    | ArcheoEpidemicChimera | t=39 Agent#954 devient évangéliste
2026-07-27 18:52:00 | DEBUG    | ArcheoEpidemicChimera | t=39 Agent#962 devient porteur silencieux
2026-07-27 18:52:00 | DEBUG    | ArcheoEpidemicChimera | t=39 | Rt=1.54 | Souches=5 | Reliques=0
2026-07-27 18:52:00 | DEBUG    | ArcheoEpidemicChimera | Agent#849 reçoit mantra RF-005: «🜃 PROPHÉTIE : Dans le liminal silence, seul le sil...»
2026-07-27 18:52:00 | DEBUG    | ArcheoEpidemicChimera | t=40 Transmission : Agent#46 → Agent#849 (souche RF-005)
2026-07-27 18:52:00 | DEBUG    | ArcheoEpidemicChimera | Agent#62 reçoit mantra PR-004: «🜃 PROPHÉTIE : Dans le liminal silence, seul le sil...»
2026-07-27 18:52:00 | DEBUG    | ArcheoEpidemicChimera | t=40 Transmission : Agent#59 → Agent#62 (souche PR-004)
2026-07-27 18:52:00 | DEBUG    | ArcheoEpidemicChimera | Agent#923 reçoit mantra RF-005: «🜃 PROPHÉTIE : Dans le liminal silence, seul le sil...»
2026-07-27 18:52:00 | DEBUG    | ArcheoEpidemicChimera | t=40 Transmission : Agent#120 → Agent#923 (souche RF-005)
2026-07-27 18:52:00 | DEBUG    | ArcheoEpidemicChimera | Agent#123 reçoit mantra RF-005: «🜃 PROPHÉTIE : Dans le liminal silence, seul le sil...»
2026-07-27 18:52:00 | DEBUG    | ArcheoEpidemicChimera | t=40 Transmission : Agent#121 → Agent#123 (souche RF-005)
2026-07-27 18:52:00 | DEBUG    | ArcheoEpidemicChimera | Agent#168 reçoit mantra RF-005: «🜃 PROPHÉTIE : Dans le liminal silence, seul le sil...»
2026-07-27 18:52:00 | DEBUG    | ArcheoEpidemicChimera | t=40 Transmission : Agent#165 → Agent#168 (souche RF-005)
2026-07-27 18:52:00 | DEBUG    | ArcheoEpidemicChimera | Agent#169 reçoit mantra PR-004: «🜃 PROPHÉTIE : Dans le liminal silence, seul le sil...»
2026-07-27 18:52:00 | DEBUG    | ArcheoEpidemicChimera | t=40 Transmission : Agent#166 → Agent#169 (souche PR-004)
2026-07-27 18:52:00 | DEBUG    | ArcheoEpidemicChimera | Agent#187 reçoit mantra RF-005: «🜃 PROPHÉTIE : Dans le liminal silence, seul le sil...»
2026-07-27 18:52:00 | DEBUG    | ArcheoEpidemicChimera | t=40 Transmission : Agent#184 → Agent#187 (souche RF-005)
2026-07-27 18:52:00 | DEBUG    | ArcheoEpidemicChimera | Agent#884 reçoit mantra RF-005: «🜃 PROPHÉTIE : Dans le liminal silence, seul le sil...»
2026-07-27 18:52:00 | DEBUG    | ArcheoEpidemicChimera | t=40 Transmission : Agent#185 → Agent#884 (souche RF-005)
2026-07-27 18:52:00 | DEBUG    | ArcheoEpidemicChimera | Agent#219 reçoit mantra PR-004: «🜃 PROPHÉTIE : Dans le liminal silence, seul le sil...»
2026-07-27 18:52:00 | DEBUG    | ArcheoEpidemicChimera | t=40 Transmission : Agent#218 → Agent#219 (souche PR-004)
2026-07-27 18:52:00 | DEBUG    | ArcheoEpidemicChimera | Agent#287 reçoit mantra RF-005: «🜃 PROPHÉTIE : Dans le liminal silence, seul le sil...»
2026-07-27 18:52:00 | DEBUG    | ArcheoEpidemicChimera | t=40 Transmission : Agent#292 → Agent#287 (souche RF-005)
2026-07-27 18:52:00 | DEBUG    | ArcheoEpidemicChimera | Agent#344 reçoit mantra PR-004: «🜃 PROPHÉTIE : Dans le liminal silence, seul le sil...»
2026-07-27 18:52:00 | DEBUG    | ArcheoEpidemicChimera | t=40 Transmission : Agent#343 → Agent#344 (souche PR-004)
2026-07-27 18:52:00 | DEBUG    | ArcheoEpidemicChimera | Agent#348 reçoit mantra PR-004: «🜃 PROPHÉTIE : Dans le liminal silence, seul le sil...»
2026-07-27 18:52:00 | DEBUG    | ArcheoEpidemicChimera | t=40 Transmission : Agent#345 → Agent#348 (souche PR-004)
2026-07-27 18:52:00 | DEBUG    | ArcheoEpidemicChimera | Agent#374 reçoit mantra PR-004: «🜃 PROPHÉTIE : Dans le liminal silence, seul le sil...»
2026-07-27 18:52:00 | DEBUG    | ArcheoEpidemicChimera | t=40 Transmission : Agent#373 → Agent#374 (souche PR-004)
2026-07-27 18:52:00 | DEBUG    | ArcheoEpidemicChimera | Agent#477 reçoit mantra PR-004: «🜃 PROPHÉTIE : Dans le liminal silence, seul le sil...»
2026-07-27 18:52:00 | DEBUG    | ArcheoEpidemicChimera | t=40 Transmission : Agent#375 → Agent#477 (souche PR-004)
2026-07-27 18:52:00 | DEBUG    | ArcheoEpidemicChimera | Agent#501 reçoit mantra MV-003: «Le miroir fractal et le réseau dansent phénix de c...»
2026-07-27 18:52:00 | DEBUG    | ArcheoEpidemicChimera | t=40 Transmission : Agent#499 → Agent#501 (souche MV-003)
2026-07-27 18:52:00 | DEBUG    | ArcheoEpidemicChimera | Agent#552 reçoit mantra RF-005: «🜃 PROPHÉTIE : Dans le liminal silence, seul le sil...»
2026-07-27 18:52:00 | DEBUG    | ArcheoEpidemicChimera | t=40 Transmission : Agent#551 → Agent#552 (souche RF-005)
2026-07-27 18:52:00 | DEBUG    | ArcheoEpidemicChimera | Agent#986 reçoit mantra PR-004: «🜃 PROPHÉTIE : Dans le liminal silence, seul le sil...»
2026-07-27 18:52:00 | DEBUG    | ArcheoEpidemicChimera | t=40 Transmission : Agent#554 → Agent#986 (souche PR-004)
2026-07-27 18:52:00 | DEBUG    | ArcheoEpidemicChimera | Agent#559 reçoit mantra PR-004: «🜃 PROPHÉTIE : Dans le liminal silence, seul le sil...»
2026-07-27 18:52:00 | DEBUG    | ArcheoEpidemicChimera | t=40 Transmission : Agent#556 → Agent#559 (souche PR-004)
2026-07-27 18:52:00 | DEBUG    | ArcheoEpidemicChimera | Agent#637 reçoit mantra PR-004: «🜃 PROPHÉTIE : Dans le liminal silence, seul le sil...»
2026-07-27 18:52:00 | DEBUG    | ArcheoEpidemicChimera | t=40 Transmission : Agent#635 → Agent#637 (souche PR-004)
2026-07-27 18:52:00 | DEBUG    | ArcheoEpidemicChimera | Agent#667 reçoit mantra PR-004: «🜃 PROPHÉTIE : Dans le liminal silence, seul le sil...»
2026-07-27 18:52:00 | DEBUG    | ArcheoEpidemicChimera | t=40 Transmission : Agent#665 → Agent#667 (souche PR-004)
2026-07-27 18:52:00 | DEBUG    | ArcheoEpidemicChimera | Agent#679 reçoit mantra PR-004: «🜃 PROPHÉTIE : Dans le liminal silence, seul le sil...»
2026-07-27 18:52:00 | DEBUG    | ArcheoEpidemicChimera | t=40 Transmission : Agent#677 → Agent#679 (souche PR-004)
2026-07-27 18:52:00 | DEBUG    | ArcheoEpidemicChimera | Agent#732 reçoit mantra PR-004: «🜃 PROPHÉTIE : Dans le liminal silence, seul le sil...»
2026-07-27 18:52:00 | DEBUG    | ArcheoEpidemicChimera | t=40 Transmission : Agent#730 → Agent#732 (souche PR-004)
2026-07-27 18:52:00 | DEBUG    | ArcheoEpidemicChimera | Agent#783 reçoit mantra RF-005: «🜃 PROPHÉTIE : Dans le liminal silence, seul le sil...»
2026-07-27 18:52:00 | DEBUG    | ArcheoEpidemicChimera | t=40 Transmission : Agent#780 → Agent#783 (souche RF-005)
2026-07-27 18:52:00 | DEBUG    | ArcheoEpidemicChimera | Agent#806 reçoit mantra PR-004: «🜃 PROPHÉTIE : Dans le liminal silence, seul le sil...»
2026-07-27 18:52:00 | DEBUG    | ArcheoEpidemicChimera | t=40 Transmission : Agent#805 → Agent#806 (souche PR-004)
2026-07-27 18:52:00 | DEBUG    | ArcheoEpidemicChimera | Agent#810 reçoit mantra PR-004: «🜃 PROPHÉTIE : Dans le liminal silence, seul le sil...»
2026-07-27 18:52:00 | DEBUG    | ArcheoEpidemicChimera | t=40 Transmission : Agent#808 → Agent#810 (souche PR-004)
2026-07-27 18:52:00 | DEBUG    | ArcheoEpidemicChimera | Agent#856 reçoit mantra RF-005: «🜃 PROPHÉTIE : Dans le liminal silence, seul le sil...»
2026-07-27 18:52:00 | DEBUG    | ArcheoEpidemicChimera | t=40 Transmission : Agent#854 → Agent#856 (souche RF-005)
2026-07-27 18:52:00 | INFO     | ArcheoEpidemicChimera | t=40 📖 MYTHE FONDATEUR créé : MYTH-002 (3 versets)
2026-07-27 18:52:00 | DEBUG    | ArcheoEpidemicChimera | t=40 Agent#35 devient évangéliste
2026-07-27 18:52:00 | DEBUG    | ArcheoEpidemicChimera | t=40 Agent#48 devient porteur silencieux
2026-07-27 18:52:00 | DEBUG    | ArcheoEpidemicChimera | t=40 Agent#57 devient évangéliste
2026-07-27 18:52:00 | DEBUG    | ArcheoEpidemicChimera | t=40 Agent#58 devient évangéliste
2026-07-27 18:52:00 | DEBUG    | ArcheoEpidemicChimera | t=40 Agent#82 devient évangéliste
2026-07-27 18:52:00 | DEBUG    | ArcheoEpidemicChimera | t=40 Agent#111 devient évangéliste
2026-07-27 18:52:00 | DEBUG    | ArcheoEpidemicChimera | t=40 Agent#186 devient évangéliste
2026-07-27 18:52:00 | DEBUG    | ArcheoEpidemicChimera | t=40 Agent#242 devient évangéliste
2026-07-27 18:52:00 | DEBUG    | ArcheoEpidemicChimera | t=40 Agent#245 devient évangéliste
2026-07-27 18:52:00 | DEBUG    | ArcheoEpidemicChimera | t=40 Agent#376 devient évangéliste
2026-07-27 18:52:00 | DEBUG    | ArcheoEpidemicChimera | t=40 Agent#528 se désenchante
2026-07-27 18:52:00 | DEBUG    | ArcheoEpidemicChimera | t=40 Agent#549 devient évangéliste
2026-07-27 18:52:00 | DEBUG    | ArcheoEpidemicChimera | t=40 Agent#633 devient évangéliste
2026-07-27 18:52:00 | DEBUG    | ArcheoEpidemicChimera | t=40 Agent#697 devient évangéliste
2026-07-27 18:52:00 | DEBUG    | ArcheoEpidemicChimera | t=40 Agent#763 devient porteur silencieux
2026-07-27 18:52:00 | DEBUG    | ArcheoEpidemicChimera | t=40 Agent#778 devient évangéliste
2026-07-27 18:52:00 | DEBUG    | ArcheoEpidemicChimera | t=40 Agent#809 devient porteur silencieux
2026-07-27 18:52:00 | DEBUG    | ArcheoEpidemicChimera | t=40 Agent#877 devient évangéliste
2026-07-27 18:52:00 | DEBUG    | ArcheoEpidemicChimera | t=40 Agent#916 devient évangéliste
2026-07-27 18:52:00 | DEBUG    | ArcheoEpidemicChimera | t=40 Agent#921 devient évangéliste
2026-07-27 18:52:00 | DEBUG    | ArcheoEpidemicChimera | t=40 | Rt=1.44 | Souches=5 | Reliques=0
2026-07-27 18:52:00 | DEBUG    | ArcheoEpidemicChimera | Agent#338 reçoit mantra RF-005: «🜃 PROPHÉTIE : Dans le liminal silence, seul le sil...»
2026-07-27 18:52:00 | DEBUG    | ArcheoEpidemicChimera | t=41 Transmission : Agent#35 → Agent#338 (souche RF-005)
2026-07-27 18:52:00 | DEBUG    | ArcheoEpidemicChimera | Agent#336 reçoit mantra RF-005: «🜃 PROPHÉTIE : Dans le liminal silence, seul le sil...»
2026-07-27 18:52:00 | DEBUG    | ArcheoEpidemicChimera | t=41 Transmission : Agent#48 → Agent#336 (souche RF-005)
2026-07-27 18:52:00 | DEBUG    | ArcheoEpidemicChimera | Agent#61 reçoit mantra RF-005: «🜃 PROPHÉTIE : Dans le liminal silence, seul le sil...»
2026-07-27 18:52:00 | DEBUG    | ArcheoEpidemicChimera | t=41 Transmission : Agent#58 → Agent#61 (souche RF-005)
2026-07-27 18:52:00 | DEBUG    | ArcheoEpidemicChimera | Agent#83 reçoit mantra RF-005: «🜃 PROPHÉTIE : Dans le liminal silence, seul le sil...»
2026-07-27 18:52:00 | DEBUG    | ArcheoEpidemicChimera | t=41 Transmission : Agent#82 → Agent#83 (souche RF-005)
2026-07-27 18:52:00 | DEBUG    | ArcheoEpidemicChimera | Agent#112 reçoit mantra PR-004: «🜃 PROPHÉTIE : Dans le liminal silence, seul le sil...»
2026-07-27 18:52:00 | DEBUG    | ArcheoEpidemicChimera | t=41 Transmission : Agent#111 → Agent#112 (souche PR-004)
2026-07-27 18:52:00 | DEBUG    | ArcheoEpidemicChimera | Agent#77 reçoit mantra RF-005: «🜃 PROPHÉTIE : Dans le liminal silence, seul le sil...»
2026-07-27 18:52:00 | DEBUG    | ArcheoEpidemicChimera | t=41 Transmission : Agent#121 → Agent#77 (souche RF-005)
2026-07-27 18:52:00 | DEBUG    | ArcheoEpidemicChimera | Agent#208 reçoit mantra PR-004: «🜃 PROPHÉTIE : Dans le liminal silence, seul le sil...»
2026-07-27 18:52:00 | DEBUG    | ArcheoEpidemicChimera | t=41 Transmission : Agent#207 → Agent#208 (souche PR-004)
2026-07-27 18:52:00 | DEBUG    | ArcheoEpidemicChimera | Agent#217 reçoit mantra RF-005: «🜃 PROPHÉTIE : Dans le liminal silence, seul le sil...»
2026-07-27 18:52:00 | DEBUG    | ArcheoEpidemicChimera | t=41 Transmission : Agent#215 → Agent#217 (souche RF-005)
2026-07-27 18:52:00 | DEBUG    | ArcheoEpidemicChimera | Agent#887 reçoit mantra RF-005: «🜃 PROPHÉTIE : Dans le liminal silence, seul le sil...»
2026-07-27 18:52:00 | DEBUG    | ArcheoEpidemicChimera | t=41 Transmission : Agent#216 → Agent#887 (souche RF-005)
2026-07-27 18:52:00 | DEBUG    | ArcheoEpidemicChimera | Agent#544 reçoit mantra RF-005: «🜃 PROPHÉTIE : Dans le liminal silence, seul le sil...»
2026-07-27 18:52:00 | DEBUG    | ArcheoEpidemicChimera | t=41 Transmission : Agent#242 → Agent#544 (souche RF-005)
2026-07-27 18:52:00 | DEBUG    | ArcheoEpidemicChimera | Agent#748 reçoit mantra RF-005: «🜃 PROPHÉTIE : Dans le liminal silence, seul le sil...»
2026-07-27 18:52:00 | DEBUG    | ArcheoEpidemicChimera | t=41 Transmission : Agent#245 → Agent#748 (souche RF-005)
2026-07-27 18:52:00 | DEBUG    | ArcheoEpidemicChimera | Agent#293 reçoit mantra RF-005: «🜃 PROPHÉTIE : Dans le liminal silence, seul le sil...»
2026-07-27 18:52:00 | DEBUG    | ArcheoEpidemicChimera | t=41 Transmission : Agent#292 → Agent#293 (souche RF-005)
2026-07-27 18:52:00 | DEBUG    | ArcheoEpidemicChimera | Agent#714 reçoit mantra PR-004: «🜃 PROPHÉTIE : Dans le liminal silence, seul le sil...»
2026-07-27 18:52:00 | DEBUG    | ArcheoEpidemicChimera | t=41 Transmission : Agent#376 → Agent#714 (souche PR-004)
2026-07-27 18:52:00 | DEBUG    | ArcheoEpidemicChimera | Agent#467 reçoit mantra PR-004: «🜃 PROPHÉTIE : Dans le liminal silence, seul le sil...»
2026-07-27 18:52:00 | DEBUG    | ArcheoEpidemicChimera | t=41 Transmission : Agent#465 → Agent#467 (souche PR-004)
2026-07-27 18:52:00 | DEBUG    | ArcheoEpidemicChimera | Agent#502 reçoit mantra MV-003: «Le miroir fractal et le réseau dansent phénix de c...»
2026-07-27 18:52:00 | DEBUG    | ArcheoEpidemicChimera | t=41 Transmission : Agent#499 → Agent#502 (souche MV-003)
2026-07-27 18:52:00 | DEBUG    | ArcheoEpidemicChimera | Agent#634 reçoit mantra RF-005: «🜃 PROPHÉTIE : Dans le liminal silence, seul le sil...»
2026-07-27 18:52:00 | DEBUG    | ArcheoEpidemicChimera | t=41 Transmission : Agent#631 → Agent#634 (souche RF-005)
2026-07-27 18:52:00 | DEBUG    | ArcheoEpidemicChimera | Agent#698 reçoit mantra PR-004: «🜃 PROPHÉTIE : Dans le liminal silence, seul le sil...»
2026-07-27 18:52:00 | DEBUG    | ArcheoEpidemicChimera | t=41 Transmission : Agent#697 → Agent#698 (souche PR-004)
2026-07-27 18:52:00 | DEBUG    | ArcheoEpidemicChimera | Agent#764 reçoit mantra PR-004: «🜃 PROPHÉTIE : Dans le liminal silence, seul le sil...»
2026-07-27 18:52:00 | DEBUG    | ArcheoEpidemicChimera | t=41 Transmission : Agent#761 → Agent#764 (souche PR-004)
2026-07-27 18:52:00 | DEBUG    | ArcheoEpidemicChimera | Agent#765 reçoit mantra PR-004: «🜃 PROPHÉTIE : Dans le liminal silence, seul le sil...»
2026-07-27 18:52:00 | DEBUG    | ArcheoEpidemicChimera | t=41 Transmission : Agent#763 → Agent#765 (souche PR-004)
2026-07-27 18:52:00 | DEBUG    | ArcheoEpidemicChimera | Agent#493 reçoit mantra RF-005: «🜃 PROPHÉTIE : Dans le liminal silence, seul le sil...»
2026-07-27 18:52:00 | DEBUG    | ArcheoEpidemicChimera | t=41 Transmission : Agent#778 → Agent#493 (souche RF-005)
2026-07-27 18:52:00 | DEBUG    | ArcheoEpidemicChimera | Agent#283 reçoit mantra RF-005: «🜃 PROPHÉTIE : Dans le liminal silence, seul le sil...»
2026-07-27 18:52:00 | DEBUG    | ArcheoEpidemicChimera | t=41 Transmission : Agent#780 → Agent#283 (souche RF-005)
2026-07-27 18:52:00 | DEBUG    | ArcheoEpidemicChimera | Agent#42 reçoit mantra PR-004: «🜃 PROPHÉTIE : Dans le liminal silence, seul le sil...»
2026-07-27 18:52:00 | DEBUG    | ArcheoEpidemicChimera | t=41 Transmission : Agent#809 → Agent#42 (souche PR-004)
2026-07-27 18:52:00 | DEBUG    | ArcheoEpidemicChimera | Agent#878 reçoit mantra PR-004: «🜃 PROPHÉTIE : Dans le liminal silence, seul le sil...»
2026-07-27 18:52:00 | DEBUG    | ArcheoEpidemicChimera | t=41 Transmission : Agent#877 → Agent#878 (souche PR-004)
2026-07-27 18:52:00 | DEBUG    | ArcheoEpidemicChimera | Agent#915 reçoit mantra PR-004: «🜃 PROPHÉTIE : Dans le liminal silence, seul le sil...»
2026-07-27 18:52:00 | DEBUG    | ArcheoEpidemicChimera | t=41 Transmission : Agent#914 → Agent#915 (souche PR-004)
2026-07-27 18:52:00 | DEBUG    | ArcheoEpidemicChimera | Agent#922 reçoit mantra RF-005: «🜃 PROPHÉTIE : Dans le liminal silence, seul le sil...»
2026-07-27 18:52:00 | DEBUG    | ArcheoEpidemicChimera | t=41 Transmission : Agent#920 → Agent#922 (souche RF-005)
2026-07-27 18:52:00 | DEBUG    | ArcheoEpidemicChimera | Agent#952 reçoit mantra RF-005: «🜃 PROPHÉTIE : Dans le liminal silence, seul le sil...»
2026-07-27 18:52:00 | DEBUG    | ArcheoEpidemicChimera | t=41 Transmission : Agent#951 → Agent#952 (souche RF-005)
2026-07-27 18:52:00 | DEBUG    | ArcheoEpidemicChimera | Agent#955 reçoit mantra PR-004: «🜃 PROPHÉTIE : Dans le liminal silence, seul le sil...»
2026-07-27 18:52:00 | DEBUG    | ArcheoEpidemicChimera | t=41 Transmission : Agent#954 → Agent#955 (souche PR-004)
2026-07-27 18:52:00 | DEBUG    | ArcheoEpidemicChimera | Agent#965 reçoit mantra PR-004: «🜃 PROPHÉTIE : Dans le liminal silence, seul le sil...»
2026-07-27 18:52:00 | DEBUG    | ArcheoEpidemicChimera | t=41 Transmission : Agent#962 → Agent#965 (souche PR-004)
2026-07-27 18:52:00 | DEBUG    | ArcheoEpidemicChimera | t=41 Agent#32 se désenchante
2026-07-27 18:52:00 | DEBUG    | ArcheoEpidemicChimera | t=41 Agent#46 sombre dans l'oubli
2026-07-27 18:52:00 | DEBUG    | ArcheoEpidemicChimera | t=41 Agent#62 devient évangéliste
2026-07-27 18:52:00 | DEBUG    | ArcheoEpidemicChimera | t=41 Agent#168 devient porteur silencieux
2026-07-27 18:52:00 | DEBUG    | ArcheoEpidemicChimera | t=41 Agent#183 se désenchante
2026-07-27 18:52:00 | DEBUG    | ArcheoEpidemicChimera | t=41 Agent#187 devient évangéliste
2026-07-27 18:52:00 | DEBUG    | ArcheoEpidemicChimera | t=41 Agent#209 devient évangéliste
2026-07-27 18:52:00 | DEBUG    | ArcheoEpidemicChimera | t=41 Agent#219 devient évangéliste
2026-07-27 18:52:00 | DEBUG    | ArcheoEpidemicChimera | t=41 Agent#287 devient évangéliste
2026-07-27 18:52:00 | DEBUG    | ArcheoEpidemicChimera | t=41 Agent#344 devient porteur silencieux
2026-07-27 18:52:00 | DEBUG    | ArcheoEpidemicChimera | t=41 Agent#348 devient porteur silencieux
2026-07-27 18:52:00 | DEBUG    | ArcheoEpidemicChimera | t=41 Agent#374 devient porteur silencieux
2026-07-27 18:52:00 | DEBUG    | ArcheoEpidemicChimera | t=41 Agent#477 devient évangéliste
2026-07-27 18:52:00 | DEBUG    | ArcheoEpidemicChimera | t=41 Agent#552 devient évangéliste
2026-07-27 18:52:00 | DEBUG    | ArcheoEpidemicChimera | t=41 Agent#559 devient porteur silencieux
2026-07-27 18:52:00 | DEBUG    | ArcheoEpidemicChimera | t=41 Agent#599 devient évangéliste
2026-07-27 18:52:00 | DEBUG    | ArcheoEpidemicChimera | t=41 Agent#637 devient évangéliste
2026-07-27 18:52:00 | DEBUG    | ArcheoEpidemicChimera | t=41 Agent#679 devient évangéliste
2026-07-27 18:52:00 | DEBUG    | ArcheoEpidemicChimera | t=41 Agent#732 devient évangéliste
2026-07-27 18:52:00 | DEBUG    | ArcheoEpidemicChimera | t=41 Agent#733 devient porteur silencieux
2026-07-27 18:52:00 | DEBUG    | ArcheoEpidemicChimera | t=41 Agent#783 devient porteur silencieux
2026-07-27 18:52:00 | DEBUG    | ArcheoEpidemicChimera | t=41 Agent#810 devient évangéliste
2026-07-27 18:52:00 | DEBUG    | ArcheoEpidemicChimera | t=41 Agent#849 devient évangéliste
2026-07-27 18:52:00 | DEBUG    | ArcheoEpidemicChimera | t=41 Agent#854 se désenchante
2026-07-27 18:52:00 | DEBUG    | ArcheoEpidemicChimera | t=41 Agent#856 devient porteur silencieux
2026-07-27 18:52:00 | DEBUG    | ArcheoEpidemicChimera | t=41 Agent#884 devient porteur silencieux
2026-07-27 18:52:00 | DEBUG    | ArcheoEpidemicChimera | t=41 Agent#923 devient évangéliste
2026-07-27 18:52:00 | DEBUG    | ArcheoEpidemicChimera | t=41 Agent#986 devient évangéliste
2026-07-27 18:52:00 | DEBUG    | ArcheoEpidemicChimera | t=41 | Rt=1.36 | Souches=5 | Reliques=0
2026-07-27 18:52:00 | DEBUG    | ArcheoEpidemicChimera | Agent#772 reçoit mantra RF-005: «🜃 PROPHÉTIE : Dans le liminal silence, seul le sil...»
2026-07-27 18:52:00 | DEBUG    | ArcheoEpidemicChimera | t=42 Transmission : Agent#35 → Agent#772 (souche RF-005)
2026-07-27 18:52:00 | DEBUG    | ArcheoEpidemicChimera | Agent#60 reçoit mantra RF-005: «🜃 PROPHÉTIE : Dans le liminal silence, seul le sil...»
2026-07-27 18:52:00 | DEBUG    | ArcheoEpidemicChimera | t=42 Transmission : Agent#58 → Agent#60 (souche RF-005)
2026-07-27 18:52:00 | DEBUG    | ArcheoEpidemicChimera | Agent#84 reçoit mantra RF-005: «🜃 PROPHÉTIE : Dans le liminal silence, seul le sil...»
2026-07-27 18:52:00 | DEBUG    | ArcheoEpidemicChimera | t=42 Transmission : Agent#82 → Agent#84 (souche RF-005)
2026-07-27 18:52:00 | DEBUG    | ArcheoEpidemicChimera | Agent#681 reçoit mantra RF-005: «🜃 PROPHÉTIE : Dans le liminal silence, seul le sil...»
2026-07-27 18:52:00 | DEBUG    | ArcheoEpidemicChimera | t=42 Transmission : Agent#165 → Agent#681 (souche RF-005)
2026-07-27 18:52:00 | DEBUG    | ArcheoEpidemicChimera | Agent#188 reçoit mantra RF-005: «🜃 PROPHÉTIE : Dans le liminal silence, seul le sil...»
2026-07-27 18:52:00 | DEBUG    | ArcheoEpidemicChimera | t=42 Transmission : Agent#186 → Agent#188 (souche RF-005)
2026-07-27 18:52:00 | DEBUG    | ArcheoEpidemicChimera | Agent#189 reçoit mantra RF-005: «🜃 PROPHÉTIE : Dans le liminal silence, seul le sil...»
2026-07-27 18:52:00 | DEBUG    | ArcheoEpidemicChimera | t=42 Transmission : Agent#187 → Agent#189 (souche RF-005)
2026-07-27 18:52:00 | DEBUG    | ArcheoEpidemicChimera | Agent#210 reçoit mantra PR-004: «🜃 PROPHÉTIE : Dans le liminal silence, seul le sil...»
2026-07-27 18:52:00 | DEBUG    | ArcheoEpidemicChimera | t=42 Transmission : Agent#209 → Agent#210 (souche PR-004)
2026-07-27 18:52:00 | DEBUG    | ArcheoEpidemicChimera | Agent#221 reçoit mantra PR-004: «🜃 PROPHÉTIE : Dans le liminal silence, seul le sil...»
2026-07-27 18:52:00 | DEBUG    | ArcheoEpidemicChimera | t=42 Transmission : Agent#218 → Agent#221 (souche PR-004)
2026-07-27 18:52:00 | DEBUG    | ArcheoEpidemicChimera | Agent#244 reçoit mantra RF-005: «🜃 PROPHÉTIE : Dans le liminal silence, seul le sil...»
2026-07-27 18:52:00 | DEBUG    | ArcheoEpidemicChimera | t=42 Transmission : Agent#242 → Agent#244 (souche RF-005)
2026-07-27 18:52:00 | DEBUG    | ArcheoEpidemicChimera | Agent#771 reçoit mantra RF-005: «🜃 PROPHÉTIE : Dans le liminal silence, seul le sil...»
2026-07-27 18:52:00 | DEBUG    | ArcheoEpidemicChimera | t=42 Transmission : Agent#245 → Agent#771 (souche RF-005)
2026-07-27 18:52:00 | DEBUG    | ArcheoEpidemicChimera | Agent#346 reçoit mantra PR-004: «🜃 PROPHÉTIE : Dans le liminal silence, seul le sil...»
2026-07-27 18:52:00 | DEBUG    | ArcheoEpidemicChimera | t=42 Transmission : Agent#345 → Agent#346 (souche PR-004)
2026-07-27 18:52:00 | DEBUG    | ArcheoEpidemicChimera | Agent#858 reçoit mantra PR-004: «🜃 PROPHÉTIE : Dans le liminal silence, seul le sil...»
2026-07-27 18:52:00 | DEBUG    | ArcheoEpidemicChimera | t=42 Transmission : Agent#376 → Agent#858 (souche PR-004)
2026-07-27 18:52:00 | DEBUG    | ArcheoEpidemicChimera | Agent#418 reçoit mantra MV-003: «Le miroir fractal et le réseau dansent phénix de c...»
2026-07-27 18:52:00 | DEBUG    | ArcheoEpidemicChimera | t=42 Transmission : Agent#415 → Agent#418 (souche MV-003)
2026-07-27 18:52:00 | DEBUG    | ArcheoEpidemicChimera | Agent#478 reçoit mantra PR-004: «🜃 PROPHÉTIE : Dans le liminal silence, seul le sil...»
2026-07-27 18:52:00 | DEBUG    | ArcheoEpidemicChimera | t=42 Transmission : Agent#477 → Agent#478 (souche PR-004)
2026-07-27 18:52:00 | DEBUG    | ArcheoEpidemicChimera | Agent#602 reçoit mantra PR-004: «🜃 PROPHÉTIE : Dans le liminal silence, seul le sil...»
2026-07-27 18:52:00 | DEBUG    | ArcheoEpidemicChimera | t=42 Transmission : Agent#599 → Agent#602 (souche PR-004)
2026-07-27 18:52:00 | DEBUG    | ArcheoEpidemicChimera | Agent#636 reçoit mantra RF-005: «🜃 PROPHÉTIE : Dans le liminal silence, seul le sil...»
2026-07-27 18:52:00 | DEBUG    | ArcheoEpidemicChimera | t=42 Transmission : Agent#633 → Agent#636 (souche RF-005)
2026-07-27 18:52:00 | DEBUG    | ArcheoEpidemicChimera | Agent#668 reçoit mantra PR-004: «🜃 PROPHÉTIE : Dans le liminal silence, seul le sil...»
2026-07-27 18:52:00 | DEBUG    | ArcheoEpidemicChimera | t=42 Transmission : Agent#665 → Agent#668 (souche PR-004)
2026-07-27 18:52:00 | DEBUG    | ArcheoEpidemicChimera | Agent#669 reçoit mantra RF-005: «🜃 PROPHÉTIE : Dans le liminal silence, seul le sil...»
2026-07-27 18:52:00 | DEBUG    | ArcheoEpidemicChimera | t=42 Transmission : Agent#666 → Agent#669 (souche RF-005)
2026-07-27 18:52:00 | DEBUG    | ArcheoEpidemicChimera | Agent#734 reçoit mantra PR-004: «🜃 PROPHÉTIE : Dans le liminal silence, seul le sil...»
2026-07-27 18:52:00 | DEBUG    | ArcheoEpidemicChimera | t=42 Transmission : Agent#732 → Agent#734 (souche PR-004)
2026-07-27 18:52:00 | DEBUG    | ArcheoEpidemicChimera | Agent#909 reçoit mantra RF-005: «🜃 PROPHÉTIE : Dans le liminal silence, seul le sil...»
2026-07-27 18:52:00 | DEBUG    | ArcheoEpidemicChimera | t=42 Transmission : Agent#778 → Agent#909 (souche RF-005)
2026-07-27 18:52:00 | DEBUG    | ArcheoEpidemicChimera | Agent#812 reçoit mantra PR-004: «🜃 PROPHÉTIE : Dans le liminal silence, seul le sil...»
2026-07-27 18:52:00 | DEBUG    | ArcheoEpidemicChimera | t=42 Transmission : Agent#810 → Agent#812 (souche PR-004)
2026-07-27 18:52:00 | DEBUG    | ArcheoEpidemicChimera | Agent#828 reçoit mantra PR-004: «🜃 PROPHÉTIE : Dans le liminal silence, seul le sil...»
2026-07-27 18:52:00 | DEBUG    | ArcheoEpidemicChimera | t=42 Transmission : Agent#827 → Agent#828 (souche PR-004)
2026-07-27 18:52:00 | DEBUG    | ArcheoEpidemicChimera | Agent#830 reçoit mantra PR-004: «🜃 PROPHÉTIE : Dans le liminal silence, seul le sil...»
2026-07-27 18:52:00 | DEBUG    | ArcheoEpidemicChimera | t=42 Transmission : Agent#829 → Agent#830 (souche PR-004)
2026-07-27 18:52:00 | DEBUG    | ArcheoEpidemicChimera | Agent#850 reçoit mantra RF-005: «🜃 PROPHÉTIE : Dans le liminal silence, seul le sil...»
2026-07-27 18:52:00 | DEBUG    | ArcheoEpidemicChimera | t=42 Transmission : Agent#849 → Agent#850 (souche RF-005)
2026-07-27 18:52:00 | DEBUG    | ArcheoEpidemicChimera | Agent#859 reçoit mantra RF-005: «🜃 PROPHÉTIE : Dans le liminal silence, seul le sil...»
2026-07-27 18:52:00 | DEBUG    | ArcheoEpidemicChimera | t=42 Transmission : Agent#856 → Agent#859 (souche RF-005)
2026-07-27 18:52:00 | DEBUG    | ArcheoEpidemicChimera | Agent#886 reçoit mantra RF-005: «🜃 PROPHÉTIE : Dans le liminal silence, seul le sil...»
2026-07-27 18:52:00 | DEBUG    | ArcheoEpidemicChimera | t=42 Transmission : Agent#884 → Agent#886 (souche RF-005)
2026-07-27 18:52:00 | DEBUG    | ArcheoEpidemicChimera | Agent#332 reçoit mantra RF-005: «🜃 PROPHÉTIE : Dans le liminal silence, seul le sil...»
2026-07-27 18:52:00 | DEBUG    | ArcheoEpidemicChimera | t=42 Transmission : Agent#913 → Agent#332 (souche RF-005)
2026-07-27 18:52:00 | DEBUG    | ArcheoEpidemicChimera | Agent#926 reçoit mantra RF-005: «🜃 PROPHÉTIE : Dans le liminal silence, seul le sil...»
2026-07-27 18:52:00 | DEBUG    | ArcheoEpidemicChimera | t=42 Transmission : Agent#923 → Agent#926 (souche RF-005)
2026-07-27 18:52:00 | DEBUG    | ArcheoEpidemicChimera | Agent#949 reçoit mantra PR-004: «🜃 PROPHÉTIE : Dans le liminal silence, seul le sil...»
2026-07-27 18:52:00 | DEBUG    | ArcheoEpidemicChimera | t=42 Transmission : Agent#947 → Agent#949 (souche PR-004)
2026-07-27 18:52:00 | DEBUG    | ArcheoEpidemicChimera | Agent#956 reçoit mantra PR-004: «🜃 PROPHÉTIE : Dans le liminal silence, seul le sil...»
2026-07-27 18:52:00 | DEBUG    | ArcheoEpidemicChimera | t=42 Transmission : Agent#953 → Agent#956 (souche PR-004)
2026-07-27 18:52:00 | DEBUG    | ArcheoEpidemicChimera | Agent#989 reçoit mantra PR-004: «🜃 PROPHÉTIE : Dans le liminal silence, seul le sil...»
2026-07-27 18:52:00 | DEBUG    | ArcheoEpidemicChimera | t=42 Transmission : Agent#986 → Agent#989 (souche PR-004)
2026-07-27 18:52:00 | DEBUG    | ArcheoEpidemicChimera | t=42 Agent#42 devient porteur silencieux
2026-07-27 18:52:00 | DEBUG    | ArcheoEpidemicChimera | t=42 Agent#61 devient évangéliste
2026-07-27 18:52:00 | DEBUG    | ArcheoEpidemicChimera | t=42 Agent#77 devient évangéliste
2026-07-27 18:52:00 | DEBUG    | ArcheoEpidemicChimera | t=42 Agent#112 devient porteur silencieux
2026-07-27 18:52:00 | DEBUG    | ArcheoEpidemicChimera | t=42 Agent#123 devient évangéliste
2026-07-27 18:52:00 | DEBUG    | ArcheoEpidemicChimera | t=42 Agent#163 se désenchante
2026-07-27 18:52:00 | DEBUG    | ArcheoEpidemicChimera | t=42 Agent#169 devient évangéliste
2026-07-27 18:52:00 | DEBUG    | ArcheoEpidemicChimera | t=42 Agent#209 se désenchante
2026-07-27 18:52:00 | DEBUG    | ArcheoEpidemicChimera | t=42 Agent#217 devient porteur silencieux
2026-07-27 18:52:00 | DEBUG    | ArcheoEpidemicChimera | t=42 Agent#220 devient évangéliste
2026-07-27 18:52:00 | DEBUG    | ArcheoEpidemicChimera | t=42 Agent#241 se désenchante
2026-07-27 18:52:00 | DEBUG    | ArcheoEpidemicChimera | t=42 Agent#283 devient porteur silencieux
2026-07-27 18:52:00 | DEBUG    | ArcheoEpidemicChimera | t=42 Agent#293 devient évangéliste
2026-07-27 18:52:00 | DEBUG    | ArcheoEpidemicChimera | t=42 Agent#336 devient évangéliste
2026-07-27 18:52:00 | DEBUG    | ArcheoEpidemicChimera | t=42 Agent#338 devient évangéliste
2026-07-27 18:52:00 | DEBUG    | ArcheoEpidemicChimera | t=42 Agent#446 se désenchante
2026-07-27 18:52:00 | DEBUG    | ArcheoEpidemicChimera | t=42 Agent#544 devient évangéliste
2026-07-27 18:52:00 | DEBUG    | ArcheoEpidemicChimera | t=42 Agent#634 devient évangéliste
2026-07-27 18:52:00 | DEBUG    | ArcheoEpidemicChimera | t=42 Agent#662 se désenchante
2026-07-27 18:52:00 | DEBUG    | ArcheoEpidemicChimera | t=42 Agent#667 devient évangéliste
2026-07-27 18:52:00 | DEBUG    | ArcheoEpidemicChimera | t=42 Agent#698 devient évangéliste
2026-07-27 18:52:00 | DEBUG    | ArcheoEpidemicChimera | t=42 Agent#714 devient évangéliste
2026-07-27 18:52:00 | DEBUG    | ArcheoEpidemicChimera | t=42 Agent#733 se désenchante
2026-07-27 18:52:00 | DEBUG    | ArcheoEpidemicChimera | t=42 Agent#748 devient évangéliste
2026-07-27 18:52:00 | DEBUG    | ArcheoEpidemicChimera | t=42 Agent#764 devient évangéliste
2026-07-27 18:52:00 | DEBUG    | ArcheoEpidemicChimera | t=42 Agent#765 devient évangéliste
2026-07-27 18:52:00 | DEBUG    | ArcheoEpidemicChimera | t=42 Agent#806 devient évangéliste
2026-07-27 18:52:00 | DEBUG    | ArcheoEpidemicChimera | t=42 Agent#826 se désenchante
2026-07-27 18:52:00 | DEBUG    | ArcheoEpidemicChimera | t=42 Agent#827 se désenchante
2026-07-27 18:52:00 | DEBUG    | ArcheoEpidemicChimera | t=42 Agent#878 devient évangéliste
2026-07-27 18:52:00 | DEBUG    | ArcheoEpidemicChimera | t=42 Agent#887 devient évangéliste
2026-07-27 18:52:00 | DEBUG    | ArcheoEpidemicChimera | t=42 Agent#915 devient évangéliste
2026-07-27 18:52:00 | DEBUG    | ArcheoEpidemicChimera | t=42 Agent#918 se désenchante
2026-07-27 18:52:00 | DEBUG    | ArcheoEpidemicChimera | t=42 Agent#922 devient évangéliste
2026-07-27 18:52:00 | DEBUG    | ArcheoEpidemicChimera | t=42 Agent#955 devient évangéliste
2026-07-27 18:52:00 | DEBUG    | ArcheoEpidemicChimera | t=42 Agent#965 devient évangéliste
2026-07-27 18:52:00 | DEBUG    | ArcheoEpidemicChimera | t=42 | Rt=1.37 | Souches=5 | Reliques=0
2026-07-27 18:52:00 | DEBUG    | ArcheoEpidemicChimera | Agent#44 reçoit mantra PR-004: «🜃 PROPHÉTIE : Dans le liminal silence, seul le sil...»
2026-07-27 18:52:00 | DEBUG    | ArcheoEpidemicChimera | t=43 Transmission : Agent#42 → Agent#44 (souche PR-004)
2026-07-27 18:52:00 | DEBUG    | ArcheoEpidemicChimera | Agent#64 reçoit mantra RF-005: «🜃 PROPHÉTIE : Dans le liminal silence, seul le sil...»
2026-07-27 18:52:00 | DEBUG    | ArcheoEpidemicChimera | t=43 Transmission : Agent#61 → Agent#64 (souche RF-005)
2026-07-27 18:52:00 | DEBUG    | ArcheoEpidemicChimera | Agent#75 reçoit mantra RF-005: «🜃 PROPHÉTIE : Dans le liminal silence, seul le sil...»
2026-07-27 18:52:00 | DEBUG    | ArcheoEpidemicChimera | t=43 Transmission : Agent#73 → Agent#75 (souche RF-005)
2026-07-27 18:52:00 | DEBUG    | ArcheoEpidemicChimera | Agent#80 reçoit mantra RF-005: «🜃 PROPHÉTIE : Dans le liminal silence, seul le sil...»
2026-07-27 18:52:00 | DEBUG    | ArcheoEpidemicChimera | t=43 Transmission : Agent#77 → Agent#80 (souche RF-005)
2026-07-27 18:52:00 | DEBUG    | ArcheoEpidemicChimera | Agent#249 reçoit mantra RF-005: «🜃 PROPHÉTIE : Dans le liminal silence, seul le sil...»
2026-07-27 18:52:00 | DEBUG    | ArcheoEpidemicChimera | t=43 Transmission : Agent#82 → Agent#249 (souche RF-005)
2026-07-27 18:52:00 | DEBUG    | ArcheoEpidemicChimera | Agent#113 reçoit mantra PR-004: «🜃 PROPHÉTIE : Dans le liminal silence, seul le sil...»
2026-07-27 18:52:00 | DEBUG    | ArcheoEpidemicChimera | t=43 Transmission : Agent#111 → Agent#113 (souche PR-004)
2026-07-27 18:52:00 | DEBUG    | ArcheoEpidemicChimera | Agent#213 reçoit mantra RF-005: «🜃 PROPHÉTIE : Dans le liminal silence, seul le sil...»
2026-07-27 18:52:00 | DEBUG    | ArcheoEpidemicChimera | t=43 Transmission : Agent#123 → Agent#213 (souche RF-005)
2026-07-27 18:52:00 | DEBUG    | ArcheoEpidemicChimera | Agent#788 reçoit mantra RF-005: «🜃 PROPHÉTIE : Dans le liminal silence, seul le sil...»
2026-07-27 18:52:00 | DEBUG    | ArcheoEpidemicChimera | t=43 Transmission : Agent#165 → Agent#788 (souche RF-005)
2026-07-27 18:52:00 | DEBUG    | ArcheoEpidemicChimera | Agent#246 reçoit mantra RF-005: «🜃 PROPHÉTIE : Dans le liminal silence, seul le sil...»
2026-07-27 18:52:00 | DEBUG    | ArcheoEpidemicChimera | t=43 Transmission : Agent#243 → Agent#246 (souche RF-005)
2026-07-27 18:52:00 | DEBUG    | ArcheoEpidemicChimera | Agent#259 reçoit mantra PR-004: «🜃 PROPHÉTIE : Dans le liminal silence, seul le sil...»
2026-07-27 18:52:00 | DEBUG    | ArcheoEpidemicChimera | t=43 Transmission : Agent#258 → Agent#259 (souche PR-004)
2026-07-27 18:52:00 | DEBUG    | ArcheoEpidemicChimera | Agent#339 reçoit mantra RF-005: «🜃 PROPHÉTIE : Dans le liminal silence, seul le sil...»
2026-07-27 18:52:00 | DEBUG    | ArcheoEpidemicChimera | t=43 Transmission : Agent#336 → Agent#339 (souche RF-005)
2026-07-27 18:52:00 | DEBUG    | ArcheoEpidemicChimera | Agent#350 reçoit mantra PR-004: «🜃 PROPHÉTIE : Dans le liminal silence, seul le sil...»
2026-07-27 18:52:00 | DEBUG    | ArcheoEpidemicChimera | t=43 Transmission : Agent#348 → Agent#350 (souche PR-004)
2026-07-27 18:52:00 | DEBUG    | ArcheoEpidemicChimera | Agent#396 reçoit mantra MV-003: «Le miroir fractal et le réseau dansent phénix de c...»
2026-07-27 18:52:00 | DEBUG    | ArcheoEpidemicChimera | t=43 Transmission : Agent#415 → Agent#396 (souche MV-003)
2026-07-27 18:52:00 | DEBUG    | ArcheoEpidemicChimera | Agent#469 reçoit mantra PR-004: «🜃 PROPHÉTIE : Dans le liminal silence, seul le sil...»
2026-07-27 18:52:00 | DEBUG    | ArcheoEpidemicChimera | t=43 Transmission : Agent#468 → Agent#469 (souche PR-004)
2026-07-27 18:52:00 | DEBUG    | ArcheoEpidemicChimera | Agent#500 reçoit mantra MV-003: «Le miroir fractal et le réseau dansent phénix de c...»
2026-07-27 18:52:00 | DEBUG    | ArcheoEpidemicChimera | t=43 Transmission : Agent#499 → Agent#500 (souche MV-003)
2026-07-27 18:52:00 | DEBUG    | ArcheoEpidemicChimera | Agent#769 reçoit mantra RF-005: «🜃 PROPHÉTIE : Dans le liminal silence, seul le sil...»
2026-07-27 18:52:00 | DEBUG    | ArcheoEpidemicChimera | t=43 Transmission : Agent#541 → Agent#769 (souche RF-005)
2026-07-27 18:52:00 | DEBUG    | ArcheoEpidemicChimera | Agent#550 reçoit mantra RF-005: «🜃 PROPHÉTIE : Dans le liminal silence, seul le sil...»
2026-07-27 18:52:00 | DEBUG    | ArcheoEpidemicChimera | t=43 Transmission : Agent#549 → Agent#550 (souche RF-005)
2026-07-27 18:52:00 | DEBUG    | ArcheoEpidemicChimera | Agent#203 reçoit mantra PR-004: «🜃 PROPHÉTIE : Dans le liminal silence, seul le sil...»
2026-07-27 18:52:00 | DEBUG    | ArcheoEpidemicChimera | t=43 Transmission : Agent#599 → Agent#203 (souche PR-004)
2026-07-27 18:52:00 | DEBUG    | ArcheoEpidemicChimera | Agent#699 reçoit mantra PR-004: «🜃 PROPHÉTIE : Dans le liminal silence, seul le sil...»
2026-07-27 18:52:00 | DEBUG    | ArcheoEpidemicChimera | t=43 Transmission : Agent#697 → Agent#699 (souche PR-004)
2026-07-27 18:52:00 | DEBUG    | ArcheoEpidemicChimera | Agent#755 reçoit mantra PR-004: «🜃 PROPHÉTIE : Dans le liminal silence, seul le sil...»
2026-07-27 18:52:00 | DEBUG    | ArcheoEpidemicChimera | t=43 Transmission : Agent#698 → Agent#755 (souche PR-004)
2026-07-27 18:52:00 | DEBUG    | ArcheoEpidemicChimera | Agent#731 reçoit mantra PR-004: «🜃 PROPHÉTIE : Dans le liminal silence, seul le sil...»
2026-07-27 18:52:00 | DEBUG    | ArcheoEpidemicChimera | t=43 Transmission : Agent#730 → Agent#731 (souche PR-004)
2026-07-27 18:52:00 | DEBUG    | ArcheoEpidemicChimera | Agent#751 reçoit mantra RF-005: «🜃 PROPHÉTIE : Dans le liminal silence, seul le sil...»
2026-07-27 18:52:00 | DEBUG    | ArcheoEpidemicChimera | t=43 Transmission : Agent#748 → Agent#751 (souche RF-005)
2026-07-27 18:52:00 | DEBUG    | ArcheoEpidemicChimera | Agent#811 reçoit mantra PR-004: «🜃 PROPHÉTIE : Dans le liminal silence, seul le sil...»
2026-07-27 18:52:00 | DEBUG    | ArcheoEpidemicChimera | t=43 Transmission : Agent#808 → Agent#811 (souche PR-004)
2026-07-27 18:52:00 | DEBUG    | ArcheoEpidemicChimera | Agent#711 reçoit mantra RF-005: «🜃 PROPHÉTIE : Dans le liminal silence, seul le sil...»
2026-07-27 18:52:00 | DEBUG    | ArcheoEpidemicChimera | t=43 Transmission : Agent#856 → Agent#711 (souche RF-005)
2026-07-27 18:52:00 | DEBUG    | ArcheoEpidemicChimera | Agent#879 reçoit mantra PR-004: «🜃 PROPHÉTIE : Dans le liminal silence, seul le sil...»
2026-07-27 18:52:00 | DEBUG    | ArcheoEpidemicChimera | t=43 Transmission : Agent#877 → Agent#879 (souche PR-004)
2026-07-27 18:52:00 | DEBUG    | ArcheoEpidemicChimera | Agent#798 reçoit mantra RF-005: «🜃 PROPHÉTIE : Dans le liminal silence, seul le sil...»
2026-07-27 18:52:00 | DEBUG    | ArcheoEpidemicChimera | t=43 Transmission : Agent#887 → Agent#798 (souche RF-005)
2026-07-27 18:52:00 | DEBUG    | ArcheoEpidemicChimera | Agent#925 reçoit mantra RF-005: «🜃 PROPHÉTIE : Dans le liminal silence, seul le sil...»
2026-07-27 18:52:00 | DEBUG    | ArcheoEpidemicChimera | t=43 Transmission : Agent#923 → Agent#925 (souche RF-005)
2026-07-27 18:52:00 | DEBUG    | ArcheoEpidemicChimera | Agent#957 reçoit mantra PR-004: «🜃 PROPHÉTIE : Dans le liminal silence, seul le sil...»
2026-07-27 18:52:00 | DEBUG    | ArcheoEpidemicChimera | t=43 Transmission : Agent#954 → Agent#957 (souche PR-004)
2026-07-27 18:52:00 | DEBUG    | ArcheoEpidemicChimera | Agent#961 reçoit mantra PR-004: «🜃 PROPHÉTIE : Dans le liminal silence, seul le sil...»
2026-07-27 18:52:00 | DEBUG    | ArcheoEpidemicChimera | t=43 Transmission : Agent#960 → Agent#961 (souche PR-004)
2026-07-27 18:52:00 | DEBUG    | ArcheoEpidemicChimera | Agent#384 reçoit mantra PR-004: «🜃 PROPHÉTIE : Dans le liminal silence, seul le sil...»
2026-07-27 18:52:00 | DEBUG    | ArcheoEpidemicChimera | t=43 Transmission : Agent#965 → Agent#384 (souche PR-004)
2026-07-27 18:52:00 | DEBUG    | ArcheoEpidemicChimera | t=43 Agent#60 devient évangéliste
2026-07-27 18:52:00 | DEBUG    | ArcheoEpidemicChimera | t=43 Agent#73 se désenchante
2026-07-27 18:52:00 | DEBUG    | ArcheoEpidemicChimera | t=43 Agent#83 devient évangéliste
2026-07-27 18:52:00 | DEBUG    | ArcheoEpidemicChimera | t=43 Agent#84 devient évangéliste
2026-07-27 18:52:00 | DEBUG    | ArcheoEpidemicChimera | t=43 Agent#121 se désenchante
2026-07-27 18:52:00 | DEBUG    | ArcheoEpidemicChimera | t=43 Agent#189 devient évangéliste
2026-07-27 18:52:00 | DEBUG    | ArcheoEpidemicChimera | t=43 Agent#208 devient évangéliste
2026-07-27 18:52:00 | DEBUG    | ArcheoEpidemicChimera | t=43 Agent#210 devient évangéliste
2026-07-27 18:52:00 | DEBUG    | ArcheoEpidemicChimera | t=43 Agent#221 devient évangéliste
2026-07-27 18:52:00 | DEBUG    | ArcheoEpidemicChimera | t=43 Agent#244 devient évangéliste
2026-07-27 18:52:00 | DEBUG    | ArcheoEpidemicChimera | t=43 Agent#332 devient porteur silencieux
2026-07-27 18:52:00 | DEBUG    | ArcheoEpidemicChimera | t=43 Agent#346 devient porteur silencieux
2026-07-27 18:52:00 | DEBUG    | ArcheoEpidemicChimera | t=43 Agent#478 devient porteur silencieux
2026-07-27 18:52:00 | DEBUG    | ArcheoEpidemicChimera | t=43 Agent#493 devient porteur silencieux
2026-07-27 18:52:00 | DEBUG    | ArcheoEpidemicChimera | t=43 Agent#501 devient porteur silencieux
2026-07-27 18:52:00 | DEBUG    | ArcheoEpidemicChimera | t=43 Agent#502 devient évangéliste
2026-07-27 18:52:00 | DEBUG    | ArcheoEpidemicChimera | t=43 Agent#602 devient évangéliste
2026-07-27 18:52:00 | DEBUG    | ArcheoEpidemicChimera | t=43 Agent#636 devient évangéliste
2026-07-27 18:52:00 | DEBUG    | ArcheoEpidemicChimera | t=43 Agent#668 devient évangéliste
2026-07-27 18:52:00 | DEBUG    | ArcheoEpidemicChimera | t=43 Agent#669 devient évangéliste
2026-07-27 18:52:00 | DEBUG    | ArcheoEpidemicChimera | t=43 Agent#681 devient évangéliste
2026-07-27 18:52:00 | DEBUG    | ArcheoEpidemicChimera | t=43 Agent#734 devient évangéliste
2026-07-27 18:52:00 | DEBUG    | ArcheoEpidemicChimera | t=43 Agent#771 devient porteur silencieux
2026-07-27 18:52:00 | DEBUG    | ArcheoEpidemicChimera | t=43 Agent#772 devient porteur silencieux
2026-07-27 18:52:00 | DEBUG    | ArcheoEpidemicChimera | t=43 Agent#812 devient évangéliste
2026-07-27 18:52:00 | DEBUG    | ArcheoEpidemicChimera | t=43 Agent#828 devient évangéliste
2026-07-27 18:52:00 | DEBUG    | ArcheoEpidemicChimera | t=43 Agent#830 devient évangéliste
2026-07-27 18:52:00 | DEBUG    | ArcheoEpidemicChimera | t=43 Agent#850 devient évangéliste
2026-07-27 18:52:00 | DEBUG    | ArcheoEpidemicChimera | t=43 Agent#858 devient porteur silencieux
2026-07-27 18:52:00 | DEBUG    | ArcheoEpidemicChimera | t=43 Agent#859 devient porteur silencieux
2026-07-27 18:52:00 | DEBUG    | ArcheoEpidemicChimera | t=43 Agent#909 devient porteur silencieux
2026-07-27 18:52:00 | DEBUG    | ArcheoEpidemicChimera | t=43 Agent#926 devient porteur silencieux
2026-07-27 18:52:00 | DEBUG    | ArcheoEpidemicChimera | t=43 Agent#952 devient porteur silencieux
2026-07-27 18:52:00 | DEBUG    | ArcheoEpidemicChimera | t=43 Agent#956 devient porteur silencieux
2026-07-27 18:52:00 | DEBUG    | ArcheoEpidemicChimera | t=43 | Rt=1.39 | Souches=5 | Reliques=0
2026-07-27 18:52:00 | DEBUG    | ArcheoEpidemicChimera | Agent#393 reçoit mantra RF-005: «🜃 PROPHÉTIE : Dans le liminal silence, seul le sil...»
2026-07-27 18:52:00 | DEBUG    | ArcheoEpidemicChimera | t=44 Transmission : Agent#35 → Agent#393 (souche RF-005)
2026-07-27 18:52:00 | DEBUG    | ArcheoEpidemicChimera | Agent#63 reçoit mantra RF-005: «🜃 PROPHÉTIE : Dans le liminal silence, seul le sil...»
2026-07-27 18:52:00 | DEBUG    | ArcheoEpidemicChimera | t=44 Transmission : Agent#60 → Agent#63 (souche RF-005)
2026-07-27 18:52:00 | DEBUG    | ArcheoEpidemicChimera | Agent#125 reçoit mantra RF-005: «🜃 PROPHÉTIE : Dans le liminal silence, seul le sil...»
2026-07-27 18:52:00 | DEBUG    | ArcheoEpidemicChimera | t=44 Transmission : Agent#123 → Agent#125 (souche RF-005)
2026-07-27 18:52:00 | DEBUG    | ArcheoEpidemicChimera | Agent#192 reçoit mantra RF-005: «🜃 PROPHÉTIE : Dans le liminal silence, seul le sil...»
2026-07-27 18:52:00 | DEBUG    | ArcheoEpidemicChimera | t=44 Transmission : Agent#189 → Agent#192 (souche RF-005)
2026-07-27 18:52:00 | DEBUG    | ArcheoEpidemicChimera | Agent#211 reçoit mantra PR-004: «🜃 PROPHÉTIE : Dans le liminal silence, seul le sil...»
2026-07-27 18:52:00 | DEBUG    | ArcheoEpidemicChimera | t=44 Transmission : Agent#208 → Agent#211 (souche PR-004)
2026-07-27 18:52:00 | DEBUG    | ArcheoEpidemicChimera | Agent#422 reçoit mantra RF-005: «🜃 PROPHÉTIE : Dans le liminal silence, seul le sil...»
2026-07-27 18:52:00 | DEBUG    | ArcheoEpidemicChimera | t=44 Transmission : Agent#244 → Agent#422 (souche RF-005)
2026-07-27 18:52:00 | DEBUG    | ArcheoEpidemicChimera | Agent#260 reçoit mantra PR-004: «🜃 PROPHÉTIE : Dans le liminal silence, seul le sil...»
2026-07-27 18:52:00 | DEBUG    | ArcheoEpidemicChimera | t=44 Transmission : Agent#258 → Agent#260 (souche PR-004)
2026-07-27 18:52:00 | DEBUG    | ArcheoEpidemicChimera | Agent#284 reçoit mantra RF-005: «🜃 PROPHÉTIE : Dans le liminal silence, seul le sil...»
2026-07-27 18:52:00 | DEBUG    | ArcheoEpidemicChimera | t=44 Transmission : Agent#283 → Agent#284 (souche RF-005)
2026-07-27 18:52:00 | DEBUG    | ArcheoEpidemicChimera | Agent#288 reçoit mantra RF-005: «🜃 PROPHÉTIE : Dans le liminal silence, seul le sil...»
2026-07-27 18:52:00 | DEBUG    | ArcheoEpidemicChimera | t=44 Transmission : Agent#287 → Agent#288 (souche RF-005)
2026-07-27 18:52:00 | DEBUG    | ArcheoEpidemicChimera | Agent#295 reçoit mantra RF-005: «🜃 PROPHÉTIE : Dans le liminal silence, seul le sil...»
2026-07-27 18:52:00 | DEBUG    | ArcheoEpidemicChimera | t=44 Transmission : Agent#293 → Agent#295 (souche RF-005)
2026-07-27 18:52:00 | DEBUG    | ArcheoEpidemicChimera | Agent#718 reçoit mantra RF-005: «🜃 PROPHÉTIE : Dans le liminal silence, seul le sil...»
2026-07-27 18:52:00 | DEBUG    | ArcheoEpidemicChimera | t=44 Transmission : Agent#332 → Agent#718 (souche RF-005)
2026-07-27 18:52:00 | DEBUG    | ArcheoEpidemicChimera | Agent#490 reçoit mantra RF-005: «🜃 PROPHÉTIE : Dans le liminal silence, seul le sil...»
2026-07-27 18:52:00 | DEBUG    | ArcheoEpidemicChimera | t=44 Transmission : Agent#336 → Agent#490 (souche RF-005)
2026-07-27 18:52:00 | DEBUG    | ArcheoEpidemicChimera | Agent#601 reçoit mantra RF-005: «🜃 PROPHÉTIE : Dans le liminal silence, seul le sil...»
2026-07-27 18:52:00 | DEBUG    | ArcheoEpidemicChimera | t=44 Transmission : Agent#338 → Agent#601 (souche RF-005)
2026-07-27 18:52:00 | DEBUG    | ArcheoEpidemicChimera | Agent#712 reçoit mantra PR-004: «🜃 PROPHÉTIE : Dans le liminal silence, seul le sil...»
2026-07-27 18:52:00 | DEBUG    | ArcheoEpidemicChimera | t=44 Transmission : Agent#468 → Agent#712 (souche PR-004)
2026-07-27 18:52:00 | DEBUG    | ArcheoEpidemicChimera | Agent#479 reçoit mantra PR-004: «🜃 PROPHÉTIE : Dans le liminal silence, seul le sil...»
2026-07-27 18:52:00 | DEBUG    | ArcheoEpidemicChimera | t=44 Transmission : Agent#477 → Agent#479 (souche PR-004)
2026-07-27 18:52:00 | DEBUG    | ArcheoEpidemicChimera | Agent#741 reçoit mantra PR-004: «🜃 PROPHÉTIE : Dans le liminal silence, seul le sil...»
2026-07-27 18:52:00 | DEBUG    | ArcheoEpidemicChimera | t=44 Transmission : Agent#478 → Agent#741 (souche PR-004)
2026-07-27 18:52:00 | DEBUG    | ArcheoEpidemicChimera | Agent#605 reçoit mantra PR-004: «🜃 PROPHÉTIE : Dans le liminal silence, seul le sil...»
2026-07-27 18:52:00 | DEBUG    | ArcheoEpidemicChimera | t=44 Transmission : Agent#602 → Agent#605 (souche PR-004)
2026-07-27 18:52:00 | DEBUG    | ArcheoEpidemicChimera | Agent#236 reçoit mantra RF-005: «🜃 PROPHÉTIE : Dans le liminal silence, seul le sil...»
2026-07-27 18:52:00 | DEBUG    | ArcheoEpidemicChimera | t=44 Transmission : Agent#634 → Agent#236 (souche RF-005)
2026-07-27 18:52:00 | DEBUG    | ArcheoEpidemicChimera | Agent#131 reçoit mantra RF-005: «🜃 PROPHÉTIE : Dans le liminal silence, seul le sil...»
2026-07-27 18:52:00 | DEBUG    | ArcheoEpidemicChimera | t=44 Transmission : Agent#636 → Agent#131 (souche RF-005)
2026-07-27 18:52:00 | DEBUG    | ArcheoEpidemicChimera | Agent#638 reçoit mantra PR-004: «🜃 PROPHÉTIE : Dans le liminal silence, seul le sil...»
2026-07-27 18:52:00 | DEBUG    | ArcheoEpidemicChimera | t=44 Transmission : Agent#637 → Agent#638 (souche PR-004)
2026-07-27 18:52:00 | DEBUG    | ArcheoEpidemicChimera | Agent#315 reçoit mantra RF-005: «🜃 PROPHÉTIE : Dans le liminal silence, seul le sil...»
2026-07-27 18:52:00 | DEBUG    | ArcheoEpidemicChimera | t=44 Transmission : Agent#664 → Agent#315 (souche RF-005)
2026-07-27 18:52:00 | DEBUG    | ArcheoEpidemicChimera | Agent#670 reçoit mantra RF-005: «🜃 PROPHÉTIE : Dans le liminal silence, seul le sil...»
2026-07-27 18:52:00 | DEBUG    | ArcheoEpidemicChimera | t=44 Transmission : Agent#669 → Agent#670 (souche RF-005)
2026-07-27 18:52:00 | DEBUG    | ArcheoEpidemicChimera | Agent#684 reçoit mantra RF-005: «🜃 PROPHÉTIE : Dans le liminal silence, seul le sil...»
2026-07-27 18:52:00 | DEBUG    | ArcheoEpidemicChimera | t=44 Transmission : Agent#681 → Agent#684 (souche RF-005)
2026-07-27 18:52:00 | DEBUG    | ArcheoEpidemicChimera | Agent#735 reçoit mantra PR-004: «🜃 PROPHÉTIE : Dans le liminal silence, seul le sil...»
2026-07-27 18:52:00 | DEBUG    | ArcheoEpidemicChimera | t=44 Transmission : Agent#732 → Agent#735 (souche PR-004)
2026-07-27 18:52:00 | DEBUG    | ArcheoEpidemicChimera | Agent#612 reçoit mantra RF-005: «🜃 PROPHÉTIE : Dans le liminal silence, seul le sil...»
2026-07-27 18:52:00 | DEBUG    | ArcheoEpidemicChimera | t=44 Transmission : Agent#748 → Agent#612 (souche RF-005)
2026-07-27 18:52:00 | DEBUG    | ArcheoEpidemicChimera | Agent#993 reçoit mantra PR-004: «🜃 PROPHÉTIE : Dans le liminal silence, seul le sil...»
2026-07-27 18:52:00 | DEBUG    | ArcheoEpidemicChimera | t=44 Transmission : Agent#764 → Agent#993 (souche PR-004)
2026-07-27 18:52:00 | DEBUG    | ArcheoEpidemicChimera | Agent#766 reçoit mantra PR-004: «🜃 PROPHÉTIE : Dans le liminal silence, seul le sil...»
2026-07-27 18:52:00 | DEBUG    | ArcheoEpidemicChimera | t=44 Transmission : Agent#765 → Agent#766 (souche PR-004)
2026-07-27 18:52:00 | DEBUG    | ArcheoEpidemicChimera | Agent#773 reçoit mantra RF-005: «🜃 PROPHÉTIE : Dans le liminal silence, seul le sil...»
2026-07-27 18:52:00 | DEBUG    | ArcheoEpidemicChimera | t=44 Transmission : Agent#772 → Agent#773 (souche RF-005)
2026-07-27 18:52:00 | DEBUG    | ArcheoEpidemicChimera | Agent#472 reçoit mantra PR-004: «🜃 PROPHÉTIE : Dans le liminal silence, seul le sil...»
2026-07-27 18:52:00 | DEBUG    | ArcheoEpidemicChimera | t=44 Transmission : Agent#828 → Agent#472 (souche PR-004)
2026-07-27 18:52:00 | DEBUG    | ArcheoEpidemicChimera | Agent#688 reçoit mantra RF-005: «🜃 PROPHÉTIE : Dans le liminal silence, seul le sil...»
2026-07-27 18:52:00 | DEBUG    | ArcheoEpidemicChimera | t=44 Transmission : Agent#849 → Agent#688 (souche RF-005)
2026-07-27 18:52:00 | DEBUG    | ArcheoEpidemicChimera | Agent#851 reçoit mantra RF-005: «🜃 PROPHÉTIE : Dans le liminal silence, seul le sil...»
2026-07-27 18:52:00 | DEBUG    | ArcheoEpidemicChimera | t=44 Transmission : Agent#850 → Agent#851 (souche RF-005)
2026-07-27 18:52:00 | DEBUG    | ArcheoEpidemicChimera | Agent#560 reçoit mantra PR-004: «🜃 PROPHÉTIE : Dans le liminal silence, seul le sil...»
2026-07-27 18:52:00 | DEBUG    | ArcheoEpidemicChimera | t=44 Transmission : Agent#858 → Agent#560 (souche PR-004)
2026-07-27 18:52:00 | DEBUG    | ArcheoEpidemicChimera | Agent#881 reçoit mantra PR-004: «🜃 PROPHÉTIE : Dans le liminal silence, seul le sil...»
2026-07-27 18:52:00 | DEBUG    | ArcheoEpidemicChimera | t=44 Transmission : Agent#878 → Agent#881 (souche PR-004)
2026-07-27 18:52:00 | DEBUG    | ArcheoEpidemicChimera | Agent#889 reçoit mantra RF-005: «🜃 PROPHÉTIE : Dans le liminal silence, seul le sil...»
2026-07-27 18:52:00 | DEBUG    | ArcheoEpidemicChimera | t=44 Transmission : Agent#887 → Agent#889 (souche RF-005)
2026-07-27 18:52:00 | DEBUG    | ArcheoEpidemicChimera | Agent#910 reçoit mantra RF-005: «🜃 PROPHÉTIE : Dans le liminal silence, seul le sil...»
2026-07-27 18:52:00 | DEBUG    | ArcheoEpidemicChimera | t=44 Transmission : Agent#909 → Agent#910 (souche RF-005)
2026-07-27 18:52:00 | DEBUG    | ArcheoEpidemicChimera | Agent#784 reçoit mantra RF-005: «🜃 PROPHÉTIE : Dans le liminal silence, seul le sil...»
2026-07-27 18:52:00 | DEBUG    | ArcheoEpidemicChimera | t=44 Transmission : Agent#922 → Agent#784 (souche RF-005)
2026-07-27 18:52:00 | DEBUG    | ArcheoEpidemicChimera | Agent#25 reçoit mantra PR-004: «🜃 PROPHÉTIE : Dans le liminal silence, seul le sil...»
2026-07-27 18:52:00 | DEBUG    | ArcheoEpidemicChimera | t=44 Transmission : Agent#944 → Agent#25 (souche PR-004)
2026-07-27 18:52:00 | DEBUG    | ArcheoEpidemicChimera | t=44 Agent#64 devient évangéliste
2026-07-27 18:52:00 | DEBUG    | ArcheoEpidemicChimera | t=44 Agent#75 devient porteur silencieux
2026-07-27 18:52:00 | DEBUG    | ArcheoEpidemicChimera | t=44 Agent#80 devient porteur silencieux
2026-07-27 18:52:00 | DEBUG    | ArcheoEpidemicChimera | t=44 Agent#83 se désenchante
2026-07-27 18:52:00 | DEBUG    | ArcheoEpidemicChimera | t=44 Agent#113 devient évangéliste
2026-07-27 18:52:00 | DEBUG    | ArcheoEpidemicChimera | t=44 Agent#188 devient évangéliste
2026-07-27 18:52:00 | DEBUG    | ArcheoEpidemicChimera | t=44 Agent#213 devient évangéliste
2026-07-27 18:52:00 | DEBUG    | ArcheoEpidemicChimera | t=44 Agent#246 devient évangéliste
2026-07-27 18:52:00 | DEBUG    | ArcheoEpidemicChimera | t=44 Agent#249 devient évangéliste
2026-07-27 18:52:00 | DEBUG    | ArcheoEpidemicChimera | t=44 Agent#259 devient porteur silencieux
2026-07-27 18:52:00 | DEBUG    | ArcheoEpidemicChimera | t=44 Agent#339 devient porteur silencieux
2026-07-27 18:52:00 | DEBUG    | ArcheoEpidemicChimera | t=44 Agent#350 devient évangéliste
2026-07-27 18:52:00 | DEBUG    | ArcheoEpidemicChimera | t=44 Agent#467 devient évangéliste
2026-07-27 18:52:00 | DEBUG    | ArcheoEpidemicChimera | t=44 Agent#469 devient porteur silencieux
2026-07-27 18:52:00 | DEBUG    | ArcheoEpidemicChimera | t=44 Agent#550 devient porteur silencieux
2026-07-27 18:52:00 | DEBUG    | ArcheoEpidemicChimera | t=44 Agent#551 se désenchante
2026-07-27 18:52:00 | DEBUG    | ArcheoEpidemicChimera | t=44 Agent#679 se désenchante
2026-07-27 18:52:00 | DEBUG    | ArcheoEpidemicChimera | t=44 Agent#699 devient évangéliste
2026-07-27 18:52:00 | DEBUG    | ArcheoEpidemicChimera | t=44 Agent#711 devient évangéliste
2026-07-27 18:52:00 | DEBUG    | ArcheoEpidemicChimera | t=44 Agent#731 devient évangéliste
2026-07-27 18:52:00 | DEBUG    | ArcheoEpidemicChimera | t=44 Agent#751 devient évangéliste
2026-07-27 18:52:00 | DEBUG    | ArcheoEpidemicChimera | t=44 Agent#755 devient porteur silencieux
2026-07-27 18:52:00 | DEBUG    | ArcheoEpidemicChimera | t=44 Agent#764 se désenchante
2026-07-27 18:52:00 | DEBUG    | ArcheoEpidemicChimera | t=44 Agent#769 devient évangéliste
2026-07-27 18:52:00 | DEBUG    | ArcheoEpidemicChimera | t=44 Agent#788 devient porteur silencieux
2026-07-27 18:52:00 | DEBUG    | ArcheoEpidemicChimera | t=44 Agent#798 devient évangéliste
2026-07-27 18:52:00 | DEBUG    | ArcheoEpidemicChimera | t=44 Agent#828 se désenchante
2026-07-27 18:52:00 | DEBUG    | ArcheoEpidemicChimera | t=44 Agent#886 devient porteur silencieux
2026-07-27 18:52:00 | DEBUG    | ArcheoEpidemicChimera | t=44 Agent#923 se désenchante
2026-07-27 18:52:00 | DEBUG    | ArcheoEpidemicChimera | t=44 Agent#925 devient évangéliste
2026-07-27 18:52:00 | DEBUG    | ArcheoEpidemicChimera | t=44 Agent#949 devient évangéliste
2026-07-27 18:52:00 | DEBUG    | ArcheoEpidemicChimera | t=44 Agent#957 devient porteur silencieux
2026-07-27 18:52:00 | DEBUG    | ArcheoEpidemicChimera | t=44 Agent#961 devient évangéliste
2026-07-27 18:52:00 | DEBUG    | ArcheoEpidemicChimera | t=44 Agent#989 devient évangéliste
2026-07-27 18:52:00 | DEBUG    | ArcheoEpidemicChimera | t=44 | Rt=1.33 | Souches=5 | Reliques=0
2026-07-27 18:52:00 | DEBUG    | ArcheoEpidemicChimera | Agent#81 reçoit mantra RF-005: «🜃 PROPHÉTIE : Dans le liminal silence, seul le sil...»
2026-07-27 18:52:00 | DEBUG    | ArcheoEpidemicChimera | t=45 Transmission : Agent#80 → Agent#81 (souche RF-005)
2026-07-27 18:52:00 | DEBUG    | ArcheoEpidemicChimera | Agent#742 reçoit mantra RF-005: «🜃 PROPHÉTIE : Dans le liminal silence, seul le sil...»
2026-07-27 18:52:00 | DEBUG    | ArcheoEpidemicChimera | t=45 Transmission : Agent#84 → Agent#742 (souche RF-005)
2026-07-27 18:52:00 | DEBUG    | ArcheoEpidemicChimera | Agent#109 reçoit mantra PR-004: «🜃 PROPHÉTIE : Dans le liminal silence, seul le sil...»
2026-07-27 18:52:00 | DEBUG    | ArcheoEpidemicChimera | t=45 Transmission : Agent#107 → Agent#109 (souche PR-004)
2026-07-27 18:52:00 | DEBUG    | ArcheoEpidemicChimera | Agent#114 reçoit mantra PR-004: «🜃 PROPHÉTIE : Dans le liminal silence, seul le sil...»
2026-07-27 18:52:00 | DEBUG    | ArcheoEpidemicChimera | t=45 Transmission : Agent#113 → Agent#114 (souche PR-004)
2026-07-27 18:52:00 | DEBUG    | ArcheoEpidemicChimera | Agent#167 reçoit mantra PR-004: «🜃 PROPHÉTIE : Dans le liminal silence, seul le sil...»
2026-07-27 18:52:00 | DEBUG    | ArcheoEpidemicChimera | t=45 Transmission : Agent#166 → Agent#167 (souche PR-004)
2026-07-27 18:52:00 | DEBUG    | ArcheoEpidemicChimera | Agent#170 reçoit mantra PR-004: «🜃 PROPHÉTIE : Dans le liminal silence, seul le sil...»
2026-07-27 18:52:00 | DEBUG    | ArcheoEpidemicChimera | t=45 Transmission : Agent#169 → Agent#170 (souche PR-004)
2026-07-27 18:52:00 | DEBUG    | ArcheoEpidemicChimera | Agent#630 reçoit mantra RF-005: «🜃 PROPHÉTIE : Dans le liminal silence, seul le sil...»
2026-07-27 18:52:00 | DEBUG    | ArcheoEpidemicChimera | t=45 Transmission : Agent#189 → Agent#630 (souche RF-005)
2026-07-27 18:52:00 | DEBUG    | ArcheoEpidemicChimera | Agent#212 reçoit mantra PR-004: «🜃 PROPHÉTIE : Dans le liminal silence, seul le sil...»
2026-07-27 18:52:00 | DEBUG    | ArcheoEpidemicChimera | t=45 Transmission : Agent#210 → Agent#212 (souche PR-004)
2026-07-27 18:52:00 | DEBUG    | ArcheoEpidemicChimera | Agent#222 reçoit mantra PR-004: «🜃 PROPHÉTIE : Dans le liminal silence, seul le sil...»
2026-07-27 18:52:00 | DEBUG    | ArcheoEpidemicChimera | t=45 Transmission : Agent#221 → Agent#222 (souche PR-004)
2026-07-27 18:52:00 | DEBUG    | ArcheoEpidemicChimera | Agent#248 reçoit mantra RF-005: «🜃 PROPHÉTIE : Dans le liminal silence, seul le sil...»
2026-07-27 18:52:00 | DEBUG    | ArcheoEpidemicChimera | t=45 Transmission : Agent#246 → Agent#248 (souche RF-005)
2026-07-27 18:52:00 | DEBUG    | ArcheoEpidemicChimera | Agent#250 reçoit mantra RF-005: «🜃 PROPHÉTIE : Dans le liminal silence, seul le sil...»
2026-07-27 18:52:00 | DEBUG    | ArcheoEpidemicChimera | t=45 Transmission : Agent#249 → Agent#250 (souche RF-005)
2026-07-27 18:52:00 | DEBUG    | ArcheoEpidemicChimera | Agent#940 reçoit mantra RF-005: «🜃 PROPHÉTIE : Dans le liminal silence, seul le sil...»
2026-07-27 18:52:00 | DEBUG    | ArcheoEpidemicChimera | t=45 Transmission : Agent#336 → Agent#940 (souche RF-005)
2026-07-27 18:52:00 | DEBUG    | ArcheoEpidemicChimera | Agent#347 reçoit mantra PR-004: «🜃 PROPHÉTIE : Dans le liminal silence, seul le sil...»
2026-07-27 18:52:00 | DEBUG    | ArcheoEpidemicChimera | t=45 Transmission : Agent#345 → Agent#347 (souche PR-004)
2026-07-27 18:52:00 | DEBUG    | ArcheoEpidemicChimera | Agent#352 reçoit mantra PR-004: «🜃 PROPHÉTIE : Dans le liminal silence, seul le sil...»
2026-07-27 18:52:00 | DEBUG    | ArcheoEpidemicChimera | t=45 Transmission : Agent#350 → Agent#352 (souche PR-004)
2026-07-27 18:52:00 | DEBUG    | ArcheoEpidemicChimera | Agent#377 reçoit mantra PR-004: «🜃 PROPHÉTIE : Dans le liminal silence, seul le sil...»
2026-07-27 18:52:00 | DEBUG    | ArcheoEpidemicChimera | t=45 Transmission : Agent#374 → Agent#377 (souche PR-004)
2026-07-27 18:52:00 | DEBUG    | ArcheoEpidemicChimera | Agent#875 reçoit mantra MV-003: «Le miroir fractal et le réseau dansent phénix de c...»
2026-07-27 18:52:00 | DEBUG    | ArcheoEpidemicChimera | t=45 Transmission : Agent#415 → Agent#875 (souche MV-003)
2026-07-27 18:52:00 | DEBUG    | ArcheoEpidemicChimera | Agent#707 reçoit mantra PR-004: «🜃 PROPHÉTIE : Dans le liminal silence, seul le sil...»
2026-07-27 18:52:00 | DEBUG    | ArcheoEpidemicChimera | t=45 Transmission : Agent#467 → Agent#707 (souche PR-004)
2026-07-27 18:52:00 | DEBUG    | ArcheoEpidemicChimera | Agent#93 reçoit mantra PR-004: «🜃 PROPHÉTIE : Dans le liminal silence, seul le sil...»
2026-07-27 18:52:00 | DEBUG    | ArcheoEpidemicChimera | t=45 Transmission : Agent#478 → Agent#93 (souche PR-004)
2026-07-27 18:52:00 | DEBUG    | ArcheoEpidemicChimera | Agent#503 reçoit mantra MV-003: «Le miroir fractal et le réseau dansent phénix de c...»
2026-07-27 18:52:00 | DEBUG    | ArcheoEpidemicChimera | t=45 Transmission : Agent#502 → Agent#503 (souche MV-003)
2026-07-27 18:52:00 | DEBUG    | ArcheoEpidemicChimera | Agent#408 reçoit mantra PR-004: «🜃 PROPHÉTIE : Dans le liminal silence, seul le sil...»
2026-07-27 18:52:00 | DEBUG    | ArcheoEpidemicChimera | t=45 Transmission : Agent#529 → Agent#408 (souche PR-004)
2026-07-27 18:52:00 | DEBUG    | ArcheoEpidemicChimera | Agent#545 reçoit mantra RF-005: «🜃 PROPHÉTIE : Dans le liminal silence, seul le sil...»
2026-07-27 18:52:00 | DEBUG    | ArcheoEpidemicChimera | t=45 Transmission : Agent#544 → Agent#545 (souche RF-005)
2026-07-27 18:52:00 | DEBUG    | ArcheoEpidemicChimera | Agent#555 reçoit mantra RF-005: «🜃 PROPHÉTIE : Dans le liminal silence, seul le sil...»
2026-07-27 18:52:00 | DEBUG    | ArcheoEpidemicChimera | t=45 Transmission : Agent#552 → Agent#555 (souche RF-005)
2026-07-27 18:52:00 | DEBUG    | ArcheoEpidemicChimera | Agent#885 reçoit mantra RF-005: «🜃 PROPHÉTIE : Dans le liminal silence, seul le sil...»
2026-07-27 18:52:00 | DEBUG    | ArcheoEpidemicChimera | t=45 Transmission : Agent#666 → Agent#885 (souche RF-005)
2026-07-27 18:52:00 | DEBUG    | ArcheoEpidemicChimera | Agent#399 reçoit mantra RF-005: «🜃 PROPHÉTIE : Dans le liminal silence, seul le sil...»
2026-07-27 18:52:00 | DEBUG    | ArcheoEpidemicChimera | t=45 Transmission : Agent#669 → Agent#399 (souche RF-005)
2026-07-27 18:52:00 | DEBUG    | ArcheoEpidemicChimera | Agent#803 reçoit mantra PR-004: «🜃 PROPHÉTIE : Dans le liminal silence, seul le sil...»
2026-07-27 18:52:00 | DEBUG    | ArcheoEpidemicChimera | t=45 Transmission : Agent#677 → Agent#803 (souche PR-004)
2026-07-27 18:52:00 | DEBUG    | ArcheoEpidemicChimera | Agent#682 reçoit mantra RF-005: «🜃 PROPHÉTIE : Dans le liminal silence, seul le sil...»
2026-07-27 18:52:00 | DEBUG    | ArcheoEpidemicChimera | t=45 Transmission : Agent#681 → Agent#682 (souche RF-005)
2026-07-27 18:52:00 | DEBUG    | ArcheoEpidemicChimera | Agent#970 reçoit mantra PR-004: «🜃 PROPHÉTIE : Dans le liminal silence, seul le sil...»
2026-07-27 18:52:00 | DEBUG    | ArcheoEpidemicChimera | t=45 Transmission : Agent#697 → Agent#970 (souche PR-004)
2026-07-27 18:52:00 | DEBUG    | ArcheoEpidemicChimera | Agent#272 reçoit mantra PR-004: «🜃 PROPHÉTIE : Dans le liminal silence, seul le sil...»
2026-07-27 18:52:00 | DEBUG    | ArcheoEpidemicChimera | t=45 Transmission : Agent#699 → Agent#272 (souche PR-004)
2026-07-27 18:52:00 | DEBUG    | ArcheoEpidemicChimera | Agent#737 reçoit mantra PR-004: «🜃 PROPHÉTIE : Dans le liminal silence, seul le sil...»
2026-07-27 18:52:00 | DEBUG    | ArcheoEpidemicChimera | t=45 Transmission : Agent#734 → Agent#737 (souche PR-004)
2026-07-27 18:52:00 | DEBUG    | ArcheoEpidemicChimera | Agent#749 reçoit mantra RF-005: «🜃 PROPHÉTIE : Dans le liminal silence, seul le sil...»
2026-07-27 18:52:00 | DEBUG    | ArcheoEpidemicChimera | t=45 Transmission : Agent#748 → Agent#749 (souche RF-005)
2026-07-27 18:52:00 | DEBUG    | ArcheoEpidemicChimera | Agent#129 reçoit mantra PR-004: «🜃 PROPHÉTIE : Dans le liminal silence, seul le sil...»
2026-07-27 18:52:00 | DEBUG    | ArcheoEpidemicChimera | t=45 Transmission : Agent#765 → Agent#129 (souche PR-004)
2026-07-27 18:52:00 | DEBUG    | ArcheoEpidemicChimera | Agent#387 reçoit mantra RF-005: «🜃 PROPHÉTIE : Dans le liminal silence, seul le sil...»
2026-07-27 18:52:00 | DEBUG    | ArcheoEpidemicChimera | t=45 Transmission : Agent#788 → Agent#387 (souche RF-005)
2026-07-27 18:52:00 | DEBUG    | ArcheoEpidemicChimera | Agent#800 reçoit mantra RF-005: «🜃 PROPHÉTIE : Dans le liminal silence, seul le sil...»
2026-07-27 18:52:00 | DEBUG    | ArcheoEpidemicChimera | t=45 Transmission : Agent#798 → Agent#800 (souche RF-005)
2026-07-27 18:52:00 | DEBUG    | ArcheoEpidemicChimera | Agent#815 reçoit mantra PR-004: «🜃 PROPHÉTIE : Dans le liminal silence, seul le sil...»
2026-07-27 18:52:00 | DEBUG    | ArcheoEpidemicChimera | t=45 Transmission : Agent#812 → Agent#815 (souche PR-004)
2026-07-27 18:52:00 | DEBUG    | ArcheoEpidemicChimera | Agent#832 reçoit mantra PR-004: «🜃 PROPHÉTIE : Dans le liminal silence, seul le sil...»
2026-07-27 18:52:00 | DEBUG    | ArcheoEpidemicChimera | t=45 Transmission : Agent#830 → Agent#832 (souche PR-004)
2026-07-27 18:52:00 | DEBUG    | ArcheoEpidemicChimera | Agent#853 reçoit mantra RF-005: «🜃 PROPHÉTIE : Dans le liminal silence, seul le sil...»
2026-07-27 18:52:00 | DEBUG    | ArcheoEpidemicChimera | t=45 Transmission : Agent#850 → Agent#853 (souche RF-005)
2026-07-27 18:52:00 | DEBUG    | ArcheoEpidemicChimera | Agent#725 reçoit mantra PR-004: «🜃 PROPHÉTIE : Dans le liminal silence, seul le sil...»
2026-07-27 18:52:00 | DEBUG    | ArcheoEpidemicChimera | t=45 Transmission : Agent#915 → Agent#725 (souche PR-004)
2026-07-27 18:52:00 | DEBUG    | ArcheoEpidemicChimera | Agent#135 reçoit mantra RF-005: «🜃 PROPHÉTIE : Dans le liminal silence, seul le sil...»
2026-07-27 18:52:00 | DEBUG    | ArcheoEpidemicChimera | t=45 Transmission : Agent#922 → Agent#135 (souche RF-005)
2026-07-27 18:52:00 | DEBUG    | ArcheoEpidemicChimera | Agent#927 reçoit mantra RF-005: «🜃 PROPHÉTIE : Dans le liminal silence, seul le sil...»
2026-07-27 18:52:00 | DEBUG    | ArcheoEpidemicChimera | t=45 Transmission : Agent#925 → Agent#927 (souche RF-005)
2026-07-27 18:52:00 | DEBUG    | ArcheoEpidemicChimera | Agent#950 reçoit mantra PR-004: «🜃 PROPHÉTIE : Dans le liminal silence, seul le sil...»
2026-07-27 18:52:00 | DEBUG    | ArcheoEpidemicChimera | t=45 Transmission : Agent#949 → Agent#950 (souche PR-004)
2026-07-27 18:52:00 | DEBUG    | ArcheoEpidemicChimera | Agent#963 reçoit mantra PR-004: «🜃 PROPHÉTIE : Dans le liminal silence, seul le sil...»
2026-07-27 18:52:00 | DEBUG    | ArcheoEpidemicChimera | t=45 Transmission : Agent#960 → Agent#963 (souche PR-004)
2026-07-27 18:52:00 | DEBUG    | ArcheoEpidemicChimera | Agent#621 reçoit mantra PR-004: «🜃 PROPHÉTIE : Dans le liminal silence, seul le sil...»
2026-07-27 18:52:00 | DEBUG    | ArcheoEpidemicChimera | t=45 Transmission : Agent#961 → Agent#621 (souche PR-004)
2026-07-27 18:52:00 | DEBUG    | ArcheoEpidemicChimera | t=45 Agent#25 devient évangéliste
2026-07-27 18:52:00 | DEBUG    | ArcheoEpidemicChimera | t=45 Agent#57 se désenchante
2026-07-27 18:52:00 | DEBUG    | ArcheoEpidemicChimera | t=45 Agent#63 devient évangéliste
2026-07-27 18:52:00 | DEBUG    | ArcheoEpidemicChimera | t=45 Agent#125 devient porteur silencieux
2026-07-27 18:52:00 | DEBUG    | ArcheoEpidemicChimera | t=45 Agent#131 devient porteur silencieux
2026-07-27 18:52:00 | DEBUG    | ArcheoEpidemicChimera | t=45 Agent#169 se désenchante
2026-07-27 18:52:00 | DEBUG    | ArcheoEpidemicChimera | t=45 Agent#192 devient évangéliste
2026-07-27 18:52:00 | DEBUG    | ArcheoEpidemicChimera | t=45 Agent#211 devient porteur silencieux
2026-07-27 18:52:00 | DEBUG    | ArcheoEpidemicChimera | t=45 Agent#221 se désenchante
2026-07-27 18:52:00 | DEBUG    | ArcheoEpidemicChimera | t=45 Agent#236 devient évangéliste
2026-07-27 18:52:00 | DEBUG    | ArcheoEpidemicChimera | t=45 Agent#260 devient évangéliste
2026-07-27 18:52:00 | DEBUG    | ArcheoEpidemicChimera | t=45 Agent#284 devient évangéliste
2026-07-27 18:52:00 | DEBUG    | ArcheoEpidemicChimera | t=45 Agent#288 devient évangéliste
2026-07-27 18:52:00 | DEBUG    | ArcheoEpidemicChimera | t=45 Agent#295 devient évangéliste
2026-07-27 18:52:00 | DEBUG    | ArcheoEpidemicChimera | t=45 Agent#315 devient évangéliste
2026-07-27 18:52:00 | DEBUG    | ArcheoEpidemicChimera | t=45 Agent#339 se désenchante
2026-07-27 18:52:00 | DEBUG    | ArcheoEpidemicChimera | t=45 Agent#343 se désenchante
2026-07-27 18:52:00 | DEBUG    | ArcheoEpidemicChimera | t=45 Agent#384 devient porteur silencieux
2026-07-27 18:52:00 | DEBUG    | ArcheoEpidemicChimera | t=45 Agent#393 devient porteur silencieux
2026-07-27 18:52:00 | DEBUG    | ArcheoEpidemicChimera | t=45 Agent#396 devient porteur silencieux
2026-07-27 18:52:00 | DEBUG    | ArcheoEpidemicChimera | t=45 Agent#418 devient évangéliste
2026-07-27 18:52:00 | DEBUG    | ArcheoEpidemicChimera | t=45 Agent#422 devient évangéliste
2026-07-27 18:52:00 | DEBUG    | ArcheoEpidemicChimera | t=45 Agent#472 devient évangéliste
2026-07-27 18:52:00 | DEBUG    | ArcheoEpidemicChimera | t=45 Agent#479 devient évangéliste
2026-07-27 18:52:00 | DEBUG    | ArcheoEpidemicChimera | t=45 Agent#490 devient porteur silencieux
2026-07-27 18:52:00 | DEBUG    | ArcheoEpidemicChimera | t=45 Agent#560 devient évangéliste
2026-07-27 18:52:00 | DEBUG    | ArcheoEpidemicChimera | t=45 Agent#601 devient évangéliste
2026-07-27 18:52:00 | DEBUG    | ArcheoEpidemicChimera | t=45 Agent#612 devient évangéliste
2026-07-27 18:52:00 | DEBUG    | ArcheoEpidemicChimera | t=45 Agent#632 se désenchante
2026-07-27 18:52:00 | DEBUG    | ArcheoEpidemicChimera | t=45 Agent#638 devient évangéliste
2026-07-27 18:52:00 | DEBUG    | ArcheoEpidemicChimera | t=45 Agent#670 devient porteur silencieux
2026-07-27 18:52:00 | DEBUG    | ArcheoEpidemicChimera | t=45 Agent#684 devient évangéliste
2026-07-27 18:52:00 | DEBUG    | ArcheoEpidemicChimera | t=45 Agent#688 devient porteur silencieux
2026-07-27 18:52:00 | DEBUG    | ArcheoEpidemicChimera | t=45 Agent#712 devient évangéliste
2026-07-27 18:52:00 | DEBUG    | ArcheoEpidemicChimera | t=45 Agent#718 devient porteur silencieux
2026-07-27 18:52:00 | DEBUG    | ArcheoEpidemicChimera | t=45 Agent#741 devient évangéliste
2026-07-27 18:52:00 | DEBUG    | ArcheoEpidemicChimera | t=45 Agent#755 se désenchante
2026-07-27 18:52:00 | DEBUG    | ArcheoEpidemicChimera | t=45 Agent#766 devient porteur silencieux
2026-07-27 18:52:00 | DEBUG    | ArcheoEpidemicChimera | t=45 Agent#773 devient porteur silencieux
2026-07-27 18:52:00 | DEBUG    | ArcheoEpidemicChimera | t=45 Agent#784 devient évangéliste
2026-07-27 18:52:00 | DEBUG    | ArcheoEpidemicChimera | t=45 Agent#811 devient porteur silencieux
2026-07-27 18:52:00 | DEBUG    | ArcheoEpidemicChimera | t=45 Agent#825 se désenchante
2026-07-27 18:52:00 | DEBUG    | ArcheoEpidemicChimera | t=45 Agent#851 devient porteur silencieux
2026-07-27 18:52:00 | DEBUG    | ArcheoEpidemicChimera | t=45 Agent#877 se désenchante
2026-07-27 18:52:00 | DEBUG    | ArcheoEpidemicChimera | t=45 Agent#879 devient porteur silencieux
2026-07-27 18:52:00 | DEBUG    | ArcheoEpidemicChimera | t=45 Agent#881 devient porteur silencieux
2026-07-27 18:52:00 | DEBUG    | ArcheoEpidemicChimera | t=45 Agent#889 devient évangéliste
2026-07-27 18:52:00 | DEBUG    | ArcheoEpidemicChimera | t=45 Agent#910 devient porteur silencieux
2026-07-27 18:52:00 | DEBUG    | ArcheoEpidemicChimera | t=45 Agent#993 devient porteur silencieux
2026-07-27 18:52:00 | DEBUG    | ArcheoEpidemicChimera | t=45 | Rt=1.33 | Souches=5 | Reliques=0
2026-07-27 18:52:00 | DEBUG    | ArcheoEpidemicChimera | Agent#582 reçoit mantra PR-004: «🜃 PROPHÉTIE : Dans le liminal silence, seul le sil...»
2026-07-27 18:52:00 | DEBUG    | ArcheoEpidemicChimera | t=46 Transmission : Agent#25 → Agent#582 (souche PR-004)
2026-07-27 18:52:00 | DEBUG    | ArcheoEpidemicChimera | Agent#51 reçoit mantra RF-005: «🜃 PROPHÉTIE : Dans le liminal silence, seul le sil...»
2026-07-27 18:52:00 | DEBUG    | ArcheoEpidemicChimera | t=46 Transmission : Agent#48 → Agent#51 (souche RF-005)
2026-07-27 18:52:00 | DEBUG    | ArcheoEpidemicChimera | Agent#65 reçoit mantra RF-005: «🜃 PROPHÉTIE : Dans le liminal silence, seul le sil...»
2026-07-27 18:52:00 | DEBUG    | ArcheoEpidemicChimera | t=46 Transmission : Agent#63 → Agent#65 (souche RF-005)
2026-07-27 18:52:00 | DEBUG    | ArcheoEpidemicChimera | Agent#66 reçoit mantra RF-005: «🜃 PROPHÉTIE : Dans le liminal silence, seul le sil...»
2026-07-27 18:52:00 | DEBUG    | ArcheoEpidemicChimera | t=46 Transmission : Agent#64 → Agent#66 (souche RF-005)
2026-07-27 18:52:00 | DEBUG    | ArcheoEpidemicChimera | Agent#78 reçoit mantra RF-005: «🜃 PROPHÉTIE : Dans le liminal silence, seul le sil...»
2026-07-27 18:52:00 | DEBUG    | ArcheoEpidemicChimera | t=46 Transmission : Agent#75 → Agent#78 (souche RF-005)
2026-07-27 18:52:00 | DEBUG    | ArcheoEpidemicChimera | Agent#941 reçoit mantra PR-004: «🜃 PROPHÉTIE : Dans le liminal silence, seul le sil...»
2026-07-27 18:52:00 | DEBUG    | ArcheoEpidemicChimera | t=46 Transmission : Agent#111 → Agent#941 (souche PR-004)
2026-07-27 18:52:00 | DEBUG    | ArcheoEpidemicChimera | Agent#128 reçoit mantra RF-005: «🜃 PROPHÉTIE : Dans le liminal silence, seul le sil...»
2026-07-27 18:52:00 | DEBUG    | ArcheoEpidemicChimera | t=46 Transmission : Agent#125 → Agent#128 (souche RF-005)
2026-07-27 18:52:00 | DEBUG    | ArcheoEpidemicChimera | Agent#280 reçoit mantra RF-005: «🜃 PROPHÉTIE : Dans le liminal silence, seul le sil...»
2026-07-27 18:52:00 | DEBUG    | ArcheoEpidemicChimera | t=46 Transmission : Agent#131 → Agent#280 (souche RF-005)
2026-07-27 18:52:00 | DEBUG    | ArcheoEpidemicChimera | Agent#191 reçoit mantra RF-005: «🜃 PROPHÉTIE : Dans le liminal silence, seul le sil...»
2026-07-27 18:52:00 | DEBUG    | ArcheoEpidemicChimera | t=46 Transmission : Agent#188 → Agent#191 (souche RF-005)
2026-07-27 18:52:00 | DEBUG    | ArcheoEpidemicChimera | Agent#814 reçoit mantra PR-004: «🜃 PROPHÉTIE : Dans le liminal silence, seul le sil...»
2026-07-27 18:52:00 | DEBUG    | ArcheoEpidemicChimera | t=46 Transmission : Agent#219 → Agent#814 (souche PR-004)
2026-07-27 18:52:00 | DEBUG    | ArcheoEpidemicChimera | Agent#98 reçoit mantra RF-005: «🜃 PROPHÉTIE : Dans le liminal silence, seul le sil...»
2026-07-27 18:52:00 | DEBUG    | ArcheoEpidemicChimera | t=46 Transmission : Agent#236 → Agent#98 (souche RF-005)
2026-07-27 18:52:00 | DEBUG    | ArcheoEpidemicChimera | Agent#291 reçoit mantra RF-005: «🜃 PROPHÉTIE : Dans le liminal silence, seul le sil...»
2026-07-27 18:52:00 | DEBUG    | ArcheoEpidemicChimera | t=46 Transmission : Agent#288 → Agent#291 (souche RF-005)
2026-07-27 18:52:00 | DEBUG    | ArcheoEpidemicChimera | Agent#866 reçoit mantra RF-005: «🜃 PROPHÉTIE : Dans le liminal silence, seul le sil...»
2026-07-27 18:52:00 | DEBUG    | ArcheoEpidemicChimera | t=46 Transmission : Agent#293 → Agent#866 (souche RF-005)
2026-07-27 18:52:00 | DEBUG    | ArcheoEpidemicChimera | Agent#296 reçoit mantra RF-005: «🜃 PROPHÉTIE : Dans le liminal silence, seul le sil...»
2026-07-27 18:52:00 | DEBUG    | ArcheoEpidemicChimera | t=46 Transmission : Agent#295 → Agent#296 (souche RF-005)
2026-07-27 18:52:00 | DEBUG    | ArcheoEpidemicChimera | Agent#316 reçoit mantra RF-005: «🜃 PROPHÉTIE : Dans le liminal silence, seul le sil...»
2026-07-27 18:52:00 | DEBUG    | ArcheoEpidemicChimera | t=46 Transmission : Agent#315 → Agent#316 (souche RF-005)
2026-07-27 18:52:00 | DEBUG    | ArcheoEpidemicChimera | Agent#340 reçoit mantra RF-005: «🜃 PROPHÉTIE : Dans le liminal silence, seul le sil...»
2026-07-27 18:52:00 | DEBUG    | ArcheoEpidemicChimera | t=46 Transmission : Agent#338 → Agent#340 (souche RF-005)
2026-07-27 18:52:00 | DEBUG    | ArcheoEpidemicChimera | Agent#353 reçoit mantra PR-004: «🜃 PROPHÉTIE : Dans le liminal silence, seul le sil...»
2026-07-27 18:52:00 | DEBUG    | ArcheoEpidemicChimera | t=46 Transmission : Agent#350 → Agent#353 (souche PR-004)
2026-07-27 18:52:00 | DEBUG    | ArcheoEpidemicChimera | Agent#804 reçoit mantra PR-004: «🜃 PROPHÉTIE : Dans le liminal silence, seul le sil...»
2026-07-27 18:52:00 | DEBUG    | ArcheoEpidemicChimera | t=46 Transmission : Agent#472 → Agent#804 (souche PR-004)
2026-07-27 18:52:00 | DEBUG    | ArcheoEpidemicChimera | Agent#482 reçoit mantra PR-004: «🜃 PROPHÉTIE : Dans le liminal silence, seul le sil...»
2026-07-27 18:52:00 | DEBUG    | ArcheoEpidemicChimera | t=46 Transmission : Agent#479 → Agent#482 (souche PR-004)
2026-07-27 18:52:00 | DEBUG    | ArcheoEpidemicChimera | Agent#546 reçoit mantra RF-005: «🜃 PROPHÉTIE : Dans le liminal silence, seul le sil...»
2026-07-27 18:52:00 | DEBUG    | ArcheoEpidemicChimera | t=46 Transmission : Agent#544 → Agent#546 (souche RF-005)
2026-07-27 18:52:00 | DEBUG    | ArcheoEpidemicChimera | Agent#557 reçoit mantra PR-004: «🜃 PROPHÉTIE : Dans le liminal silence, seul le sil...»
2026-07-27 18:52:00 | DEBUG    | ArcheoEpidemicChimera | t=46 Transmission : Agent#556 → Agent#557 (souche PR-004)
2026-07-27 18:52:00 | DEBUG    | ArcheoEpidemicChimera | Agent#562 reçoit mantra PR-004: «🜃 PROPHÉTIE : Dans le liminal silence, seul le sil...»
2026-07-27 18:52:00 | DEBUG    | ArcheoEpidemicChimera | t=46 Transmission : Agent#560 → Agent#562 (souche PR-004)
2026-07-27 18:52:00 | DEBUG    | ArcheoEpidemicChimera | Agent#645 reçoit mantra PR-004: «🜃 PROPHÉTIE : Dans le liminal silence, seul le sil...»
2026-07-27 18:52:00 | DEBUG    | ArcheoEpidemicChimera | t=46 Transmission : Agent#637 → Agent#645 (souche PR-004)
2026-07-27 18:52:00 | DEBUG    | ArcheoEpidemicChimera | Agent#171 reçoit mantra PR-004: «🜃 PROPHÉTIE : Dans le liminal silence, seul le sil...»
2026-07-27 18:52:00 | DEBUG    | ArcheoEpidemicChimera | t=46 Transmission : Agent#638 → Agent#171 (souche PR-004)
2026-07-27 18:52:00 | DEBUG    | ArcheoEpidemicChimera | Agent#987 reçoit mantra RF-005: «🜃 PROPHÉTIE : Dans le liminal silence, seul le sil...»
2026-07-27 18:52:00 | DEBUG    | ArcheoEpidemicChimera | t=46 Transmission : Agent#684 → Agent#987 (souche RF-005)
2026-07-27 18:52:00 | DEBUG    | ArcheoEpidemicChimera | Agent#754 reçoit mantra PR-004: «🜃 PROPHÉTIE : Dans le liminal silence, seul le sil...»
2026-07-27 18:52:00 | DEBUG    | ArcheoEpidemicChimera | t=46 Transmission : Agent#699 → Agent#754 (souche PR-004)
2026-07-27 18:52:00 | DEBUG    | ArcheoEpidemicChimera | Agent#716 reçoit mantra PR-004: «🜃 PROPHÉTIE : Dans le liminal silence, seul le sil...»
2026-07-27 18:52:00 | DEBUG    | ArcheoEpidemicChimera | t=46 Transmission : Agent#714 → Agent#716 (souche PR-004)
2026-07-27 18:52:00 | DEBUG    | ArcheoEpidemicChimera | Agent#92 reçoit mantra RF-005: «🜃 PROPHÉTIE : Dans le liminal silence, seul le sil...»
2026-07-27 18:52:00 | DEBUG    | ArcheoEpidemicChimera | t=46 Transmission : Agent#751 → Agent#92 (souche RF-005)
2026-07-27 18:52:00 | DEBUG    | ArcheoEpidemicChimera | Agent#105 reçoit mantra PR-004: «🜃 PROPHÉTIE : Dans le liminal silence, seul le sil...»
2026-07-27 18:52:00 | DEBUG    | ArcheoEpidemicChimera | t=46 Transmission : Agent#765 → Agent#105 (souche PR-004)
2026-07-27 18:52:00 | DEBUG    | ArcheoEpidemicChimera | Agent#155 reçoit mantra PR-004: «🜃 PROPHÉTIE : Dans le liminal silence, seul le sil...»
2026-07-27 18:52:00 | DEBUG    | ArcheoEpidemicChimera | t=46 Transmission : Agent#766 → Agent#155 (souche PR-004)
2026-07-27 18:52:00 | DEBUG    | ArcheoEpidemicChimera | Agent#790 reçoit mantra RF-005: «🜃 PROPHÉTIE : Dans le liminal silence, seul le sil...»
2026-07-27 18:52:00 | DEBUG    | ArcheoEpidemicChimera | t=46 Transmission : Agent#788 → Agent#790 (souche RF-005)
2026-07-27 18:52:00 | DEBUG    | ArcheoEpidemicChimera | Agent#801 reçoit mantra RF-005: «🜃 PROPHÉTIE : Dans le liminal silence, seul le sil...»
2026-07-27 18:52:00 | DEBUG    | ArcheoEpidemicChimera | t=46 Transmission : Agent#798 → Agent#801 (souche RF-005)
2026-07-27 18:52:00 | DEBUG    | ArcheoEpidemicChimera | Agent#807 reçoit mantra PR-004: «🜃 PROPHÉTIE : Dans le liminal silence, seul le sil...»
2026-07-27 18:52:00 | DEBUG    | ArcheoEpidemicChimera | t=46 Transmission : Agent#806 → Agent#807 (souche PR-004)
2026-07-27 18:52:00 | DEBUG    | ArcheoEpidemicChimera | Agent#883 reçoit mantra PR-004: «🜃 PROPHÉTIE : Dans le liminal silence, seul le sil...»
2026-07-27 18:52:00 | DEBUG    | ArcheoEpidemicChimera | t=46 Transmission : Agent#881 → Agent#883 (souche PR-004)
2026-07-27 18:52:00 | DEBUG    | ArcheoEpidemicChimera | Agent#891 reçoit mantra RF-005: «🜃 PROPHÉTIE : Dans le liminal silence, seul le sil...»
2026-07-27 18:52:00 | DEBUG    | ArcheoEpidemicChimera | t=46 Transmission : Agent#889 → Agent#891 (souche RF-005)
2026-07-27 18:52:00 | DEBUG    | ArcheoEpidemicChimera | Agent#924 reçoit mantra RF-005: «🜃 PROPHÉTIE : Dans le liminal silence, seul le sil...»
2026-07-27 18:52:00 | DEBUG    | ArcheoEpidemicChimera | t=46 Transmission : Agent#921 → Agent#924 (souche RF-005)
2026-07-27 18:52:00 | DEBUG    | ArcheoEpidemicChimera | Agent#994 reçoit mantra PR-004: «🜃 PROPHÉTIE : Dans le liminal silence, seul le sil...»
2026-07-27 18:52:00 | DEBUG    | ArcheoEpidemicChimera | t=46 Transmission : Agent#993 → Agent#994 (souche PR-004)
2026-07-27 18:52:00 | DEBUG    | ArcheoEpidemicChimera | t=46 Agent#44 devient évangéliste
2026-07-27 18:52:00 | DEBUG    | ArcheoEpidemicChimera | t=46 Agent#81 devient évangéliste
2026-07-27 18:52:00 | DEBUG    | ArcheoEpidemicChimera | t=46 Agent#93 devient évangéliste
2026-07-27 18:52:00 | DEBUG    | ArcheoEpidemicChimera | t=46 Agent#109 devient évangéliste
2026-07-27 18:52:00 | DEBUG    | ArcheoEpidemicChimera | t=46 Agent#114 devient évangéliste
2026-07-27 18:52:00 | DEBUG    | ArcheoEpidemicChimera | t=46 Agent#129 devient évangéliste
2026-07-27 18:52:00 | DEBUG    | ArcheoEpidemicChimera | t=46 Agent#135 devient porteur silencieux
2026-07-27 18:52:00 | DEBUG    | ArcheoEpidemicChimera | t=46 Agent#167 devient évangéliste
2026-07-27 18:52:00 | DEBUG    | ArcheoEpidemicChimera | t=46 Agent#170 devient porteur silencieux
2026-07-27 18:52:00 | DEBUG    | ArcheoEpidemicChimera | t=46 Agent#203 devient évangéliste
2026-07-27 18:52:00 | DEBUG    | ArcheoEpidemicChimera | t=46 Agent#222 devient évangéliste
2026-07-27 18:52:00 | DEBUG    | ArcheoEpidemicChimera | t=46 Agent#272 devient évangéliste
2026-07-27 18:52:00 | DEBUG    | ArcheoEpidemicChimera | t=46 Agent#352 devient porteur silencieux
2026-07-27 18:52:00 | DEBUG    | ArcheoEpidemicChimera | t=46 Agent#377 devient porteur silencieux
2026-07-27 18:52:00 | DEBUG    | ArcheoEpidemicChimera | t=46 Agent#387 devient évangéliste
2026-07-27 18:52:00 | DEBUG    | ArcheoEpidemicChimera | t=46 Agent#399 devient porteur silencieux
2026-07-27 18:52:00 | DEBUG    | ArcheoEpidemicChimera | t=46 Agent#408 devient évangéliste
2026-07-27 18:52:00 | DEBUG    | ArcheoEpidemicChimera | t=46 Agent#469 se désenchante
2026-07-27 18:52:00 | DEBUG    | ArcheoEpidemicChimera | t=46 Agent#500 devient évangéliste
2026-07-27 18:52:00 | DEBUG    | ArcheoEpidemicChimera | t=46 Agent#503 devient évangéliste
2026-07-27 18:52:00 | DEBUG    | ArcheoEpidemicChimera | t=46 Agent#527 se désenchante
2026-07-27 18:52:00 | DEBUG    | ArcheoEpidemicChimera | t=46 Agent#545 devient évangéliste
2026-07-27 18:52:00 | DEBUG    | ArcheoEpidemicChimera | t=46 Agent#550 se désenchante
2026-07-27 18:52:00 | DEBUG    | ArcheoEpidemicChimera | t=46 Agent#555 devient porteur silencieux
2026-07-27 18:52:00 | DEBUG    | ArcheoEpidemicChimera | t=46 Agent#556 se désenchante
2026-07-27 18:52:00 | DEBUG    | ArcheoEpidemicChimera | t=46 Agent#605 devient évangéliste
2026-07-27 18:52:00 | DEBUG    | ArcheoEpidemicChimera | t=46 Agent#621 devient évangéliste
2026-07-27 18:52:00 | DEBUG    | ArcheoEpidemicChimera | t=46 Agent#630 devient évangéliste
2026-07-27 18:52:00 | DEBUG    | ArcheoEpidemicChimera | t=46 Agent#682 devient porteur silencieux
2026-07-27 18:52:00 | DEBUG    | ArcheoEpidemicChimera | t=46 Agent#707 devient évangéliste
2026-07-27 18:52:00 | DEBUG    | ArcheoEpidemicChimera | t=46 Agent#725 devient évangéliste
2026-07-27 18:52:00 | DEBUG    | ArcheoEpidemicChimera | t=46 Agent#737 devient évangéliste
2026-07-27 18:52:00 | DEBUG    | ArcheoEpidemicChimera | t=46 Agent#742 devient évangéliste
2026-07-27 18:52:00 | DEBUG    | ArcheoEpidemicChimera | t=46 Agent#748 se désenchante
2026-07-27 18:52:00 | DEBUG    | ArcheoEpidemicChimera | t=46 Agent#749 devient évangéliste
2026-07-27 18:52:00 | DEBUG    | ArcheoEpidemicChimera | t=46 Agent#778 se désenchante
2026-07-27 18:52:00 | DEBUG    | ArcheoEpidemicChimera | t=46 Agent#800 devient évangéliste
2026-07-27 18:52:00 | DEBUG    | ArcheoEpidemicChimera | t=46 Agent#803 devient évangéliste
2026-07-27 18:52:00 | DEBUG    | ArcheoEpidemicChimera | t=46 Agent#815 devient porteur silencieux
2026-07-27 18:52:00 | DEBUG    | ArcheoEpidemicChimera | t=46 Agent#832 devient porteur silencieux
2026-07-27 18:52:00 | DEBUG    | ArcheoEpidemicChimera | t=46 Agent#853 devient porteur silencieux
2026-07-27 18:52:00 | DEBUG    | ArcheoEpidemicChimera | t=46 Agent#856 se désenchante
2026-07-27 18:52:00 | DEBUG    | ArcheoEpidemicChimera | t=46 Agent#927 devient évangéliste
2026-07-27 18:52:00 | DEBUG    | ArcheoEpidemicChimera | t=46 Agent#940 devient évangéliste
2026-07-27 18:52:00 | DEBUG    | ArcheoEpidemicChimera | t=46 Agent#947 se désenchante
2026-07-27 18:52:00 | DEBUG    | ArcheoEpidemicChimera | t=46 Agent#950 devient évangéliste
2026-07-27 18:52:00 | DEBUG    | ArcheoEpidemicChimera | t=46 Agent#963 devient évangéliste
2026-07-27 18:52:00 | DEBUG    | ArcheoEpidemicChimera | t=46 Agent#970 devient évangéliste
2026-07-27 18:52:00 | DEBUG    | ArcheoEpidemicChimera | t=46 | Rt=1.29 | Souches=5 | Reliques=0
2026-07-27 18:52:01 | DEBUG    | ArcheoEpidemicChimera | Agent#47 reçoit mantra PR-004: «🜃 PROPHÉTIE : Dans le liminal silence, seul le sil...»
2026-07-27 18:52:01 | DEBUG    | ArcheoEpidemicChimera | t=47 Transmission : Agent#44 → Agent#47 (souche PR-004)
2026-07-27 18:52:01 | DEBUG    | ArcheoEpidemicChimera | Agent#85 reçoit mantra RF-005: «🜃 PROPHÉTIE : Dans le liminal silence, seul le sil...»
2026-07-27 18:52:01 | DEBUG    | ArcheoEpidemicChimera | t=47 Transmission : Agent#84 → Agent#85 (souche RF-005)
2026-07-27 18:52:01 | DEBUG    | ArcheoEpidemicChimera | Agent#95 reçoit mantra PR-004: «🜃 PROPHÉTIE : Dans le liminal silence, seul le sil...»
2026-07-27 18:52:01 | DEBUG    | ArcheoEpidemicChimera | t=47 Transmission : Agent#93 → Agent#95 (souche PR-004)
2026-07-27 18:52:01 | DEBUG    | ArcheoEpidemicChimera | Agent#983 reçoit mantra PR-004: «🜃 PROPHÉTIE : Dans le liminal silence, seul le sil...»
2026-07-27 18:52:01 | DEBUG    | ArcheoEpidemicChimera | t=47 Transmission : Agent#113 → Agent#983 (souche PR-004)
2026-07-27 18:52:01 | DEBUG    | ArcheoEpidemicChimera | Agent#361 reçoit mantra RF-005: «🜃 PROPHÉTIE : Dans le liminal silence, seul le sil...»
2026-07-27 18:52:01 | DEBUG    | ArcheoEpidemicChimera | t=47 Transmission : Agent#187 → Agent#361 (souche RF-005)
2026-07-27 18:52:01 | DEBUG    | ArcheoEpidemicChimera | Agent#190 reçoit mantra RF-005: «🜃 PROPHÉTIE : Dans le liminal silence, seul le sil...»
2026-07-27 18:52:01 | DEBUG    | ArcheoEpidemicChimera | t=47 Transmission : Agent#189 → Agent#190 (souche RF-005)
2026-07-27 18:52:01 | DEBUG    | ArcheoEpidemicChimera | Agent#194 reçoit mantra RF-005: «🜃 PROPHÉTIE : Dans le liminal silence, seul le sil...»
2026-07-27 18:52:01 | DEBUG    | ArcheoEpidemicChimera | t=47 Transmission : Agent#192 → Agent#194 (souche RF-005)
2026-07-27 18:52:01 | DEBUG    | ArcheoEpidemicChimera | Agent#831 reçoit mantra PR-004: «🜃 PROPHÉTIE : Dans le liminal silence, seul le sil...»
2026-07-27 18:52:01 | DEBUG    | ArcheoEpidemicChimera | t=47 Transmission : Agent#208 → Agent#831 (souche PR-004)
2026-07-27 18:52:01 | DEBUG    | ArcheoEpidemicChimera | Agent#587 reçoit mantra RF-005: «🜃 PROPHÉTIE : Dans le liminal silence, seul le sil...»
2026-07-27 18:52:01 | DEBUG    | ArcheoEpidemicChimera | t=47 Transmission : Agent#213 → Agent#587 (souche RF-005)
2026-07-27 18:52:01 | DEBUG    | ArcheoEpidemicChimera | Agent#150 reçoit mantra RF-005: «🜃 PROPHÉTIE : Dans le liminal silence, seul le sil...»
2026-07-27 18:52:01 | DEBUG    | ArcheoEpidemicChimera | t=47 Transmission : Agent#216 → Agent#150 (souche RF-005)
2026-07-27 18:52:01 | DEBUG    | ArcheoEpidemicChimera | Agent#425 reçoit mantra PR-004: «🜃 PROPHÉTIE : Dans le liminal silence, seul le sil...»
2026-07-27 18:52:01 | DEBUG    | ArcheoEpidemicChimera | t=47 Transmission : Agent#219 → Agent#425 (souche PR-004)
2026-07-27 18:52:01 | DEBUG    | ArcheoEpidemicChimera | Agent#223 reçoit mantra PR-004: «🜃 PROPHÉTIE : Dans le liminal silence, seul le sil...»
2026-07-27 18:52:01 | DEBUG    | ArcheoEpidemicChimera | t=47 Transmission : Agent#222 → Agent#223 (souche PR-004)
2026-07-27 18:52:01 | DEBUG    | ArcheoEpidemicChimera | Agent#489 reçoit mantra RF-005: «🜃 PROPHÉTIE : Dans le liminal silence, seul le sil...»
2026-07-27 18:52:01 | DEBUG    | ArcheoEpidemicChimera | t=47 Transmission : Agent#236 → Agent#489 (souche RF-005)
2026-07-27 18:52:01 | DEBUG    | ArcheoEpidemicChimera | Agent#251 reçoit mantra RF-005: «🜃 PROPHÉTIE : Dans le liminal silence, seul le sil...»
2026-07-27 18:52:01 | DEBUG    | ArcheoEpidemicChimera | t=47 Transmission : Agent#249 → Agent#251 (souche RF-005)
2026-07-27 18:52:01 | DEBUG    | ArcheoEpidemicChimera | Agent#273 reçoit mantra PR-004: «🜃 PROPHÉTIE : Dans le liminal silence, seul le sil...»
2026-07-27 18:52:01 | DEBUG    | ArcheoEpidemicChimera | t=47 Transmission : Agent#272 → Agent#273 (souche PR-004)
2026-07-27 18:52:01 | DEBUG    | ArcheoEpidemicChimera | Agent#289 reçoit mantra RF-005: «🜃 PROPHÉTIE : Dans le liminal silence, seul le sil...»
2026-07-27 18:52:01 | DEBUG    | ArcheoEpidemicChimera | t=47 Transmission : Agent#287 → Agent#289 (souche RF-005)
2026-07-27 18:52:01 | DEBUG    | ArcheoEpidemicChimera | Agent#355 reçoit mantra RF-005: «🜃 PROPHÉTIE : Dans le liminal silence, seul le sil...»
2026-07-27 18:52:01 | DEBUG    | ArcheoEpidemicChimera | t=47 Transmission : Agent#288 → Agent#355 (souche RF-005)
2026-07-27 18:52:01 | DEBUG    | ArcheoEpidemicChimera | Agent#933 reçoit mantra RF-005: «🜃 PROPHÉTIE : Dans le liminal silence, seul le sil...»
2026-07-27 18:52:01 | DEBUG    | ArcheoEpidemicChimera | t=47 Transmission : Agent#387 → Agent#933 (souche RF-005)
2026-07-27 18:52:01 | DEBUG    | ArcheoEpidemicChimera | Agent#395 reçoit mantra RF-005: «🜃 PROPHÉTIE : Dans le liminal silence, seul le sil...»
2026-07-27 18:52:01 | DEBUG    | ArcheoEpidemicChimera | t=47 Transmission : Agent#393 → Agent#395 (souche RF-005)
2026-07-27 18:52:01 | DEBUG    | ArcheoEpidemicChimera | Agent#411 reçoit mantra PR-004: «🜃 PROPHÉTIE : Dans le liminal silence, seul le sil...»
2026-07-27 18:52:01 | DEBUG    | ArcheoEpidemicChimera | t=47 Transmission : Agent#408 → Agent#411 (souche PR-004)
2026-07-27 18:52:01 | DEBUG    | ArcheoEpidemicChimera | Agent#204 reçoit mantra PR-004: «🜃 PROPHÉTIE : Dans le liminal silence, seul le sil...»
2026-07-27 18:52:01 | DEBUG    | ArcheoEpidemicChimera | t=47 Transmission : Agent#472 → Agent#204 (souche PR-004)
2026-07-27 18:52:01 | DEBUG    | ArcheoEpidemicChimera | Agent#494 reçoit mantra RF-005: «🜃 PROPHÉTIE : Dans le liminal silence, seul le sil...»
2026-07-27 18:52:01 | DEBUG    | ArcheoEpidemicChimera | t=47 Transmission : Agent#493 → Agent#494 (souche RF-005)
2026-07-27 18:52:01 | DEBUG    | ArcheoEpidemicChimera | Agent#613 reçoit mantra RF-005: «🜃 PROPHÉTIE : Dans le liminal silence, seul le sil...»
2026-07-27 18:52:01 | DEBUG    | ArcheoEpidemicChimera | t=47 Transmission : Agent#612 → Agent#613 (souche RF-005)
2026-07-27 18:52:01 | DEBUG    | ArcheoEpidemicChimera | Agent#680 reçoit mantra PR-004: «🜃 PROPHÉTIE : Dans le liminal silence, seul le sil...»
2026-07-27 18:52:01 | DEBUG    | ArcheoEpidemicChimera | t=47 Transmission : Agent#677 → Agent#680 (souche PR-004)
2026-07-27 18:52:01 | DEBUG    | ArcheoEpidemicChimera | Agent#710 reçoit mantra PR-004: «🜃 PROPHÉTIE : Dans le liminal silence, seul le sil...»
2026-07-27 18:52:01 | DEBUG    | ArcheoEpidemicChimera | t=47 Transmission : Agent#707 → Agent#710 (souche PR-004)
2026-07-27 18:52:01 | DEBUG    | ArcheoEpidemicChimera | Agent#371 reçoit mantra RF-005: «🜃 PROPHÉTIE : Dans le liminal silence, seul le sil...»
2026-07-27 18:52:01 | DEBUG    | ArcheoEpidemicChimera | t=47 Transmission : Agent#711 → Agent#371 (souche RF-005)
2026-07-27 18:52:01 | DEBUG    | ArcheoEpidemicChimera | Agent#820 reçoit mantra RF-005: «🜃 PROPHÉTIE : Dans le liminal silence, seul le sil...»
2026-07-27 18:52:01 | DEBUG    | ArcheoEpidemicChimera | t=47 Transmission : Agent#718 → Agent#820 (souche RF-005)
2026-07-27 18:52:01 | DEBUG    | ArcheoEpidemicChimera | Agent#740 reçoit mantra PR-004: «🜃 PROPHÉTIE : Dans le liminal silence, seul le sil...»
2026-07-27 18:52:01 | DEBUG    | ArcheoEpidemicChimera | t=47 Transmission : Agent#737 → Agent#740 (souche PR-004)
2026-07-27 18:52:01 | DEBUG    | ArcheoEpidemicChimera | Agent#744 reçoit mantra PR-004: «🜃 PROPHÉTIE : Dans le liminal silence, seul le sil...»
2026-07-27 18:52:01 | DEBUG    | ArcheoEpidemicChimera | t=47 Transmission : Agent#741 → Agent#744 (souche PR-004)
2026-07-27 18:52:01 | DEBUG    | ArcheoEpidemicChimera | Agent#743 reçoit mantra RF-005: «🜃 PROPHÉTIE : Dans le liminal silence, seul le sil...»
2026-07-27 18:52:01 | DEBUG    | ArcheoEpidemicChimera | t=47 Transmission : Agent#742 → Agent#743 (souche RF-005)
2026-07-27 18:52:01 | DEBUG    | ArcheoEpidemicChimera | Agent#776 reçoit mantra RF-005: «🜃 PROPHÉTIE : Dans le liminal silence, seul le sil...»
2026-07-27 18:52:01 | DEBUG    | ArcheoEpidemicChimera | t=47 Transmission : Agent#773 → Agent#776 (souche RF-005)
2026-07-27 18:52:01 | DEBUG    | ArcheoEpidemicChimera | Agent#785 reçoit mantra RF-005: «🜃 PROPHÉTIE : Dans le liminal silence, seul le sil...»
2026-07-27 18:52:01 | DEBUG    | ArcheoEpidemicChimera | t=47 Transmission : Agent#784 → Agent#785 (souche RF-005)
2026-07-27 18:52:01 | DEBUG    | ArcheoEpidemicChimera | Agent#802 reçoit mantra RF-005: «🜃 PROPHÉTIE : Dans le liminal silence, seul le sil...»
2026-07-27 18:52:01 | DEBUG    | ArcheoEpidemicChimera | t=47 Transmission : Agent#800 → Agent#802 (souche RF-005)
2026-07-27 18:52:01 | DEBUG    | ArcheoEpidemicChimera | Agent#818 reçoit mantra PR-004: «🜃 PROPHÉTIE : Dans le liminal silence, seul le sil...»
2026-07-27 18:52:01 | DEBUG    | ArcheoEpidemicChimera | t=47 Transmission : Agent#815 → Agent#818 (souche PR-004)
2026-07-27 18:52:01 | DEBUG    | ArcheoEpidemicChimera | Agent#880 reçoit mantra PR-004: «🜃 PROPHÉTIE : Dans le liminal silence, seul le sil...»
2026-07-27 18:52:01 | DEBUG    | ArcheoEpidemicChimera | t=47 Transmission : Agent#878 → Agent#880 (souche PR-004)
2026-07-27 18:52:01 | DEBUG    | ArcheoEpidemicChimera | Agent#326 reçoit mantra RF-005: «🜃 PROPHÉTIE : Dans le liminal silence, seul le sil...»
2026-07-27 18:52:01 | DEBUG    | ArcheoEpidemicChimera | t=47 Transmission : Agent#884 → Agent#326 (souche RF-005)
2026-07-27 18:52:01 | DEBUG    | ArcheoEpidemicChimera | Agent#615 reçoit mantra RF-005: «🜃 PROPHÉTIE : Dans le liminal silence, seul le sil...»
2026-07-27 18:52:01 | DEBUG    | ArcheoEpidemicChimera | t=47 Transmission : Agent#926 → Agent#615 (souche RF-005)
2026-07-27 18:52:01 | DEBUG    | ArcheoEpidemicChimera | Agent#971 reçoit mantra PR-004: «🜃 PROPHÉTIE : Dans le liminal silence, seul le sil...»
2026-07-27 18:52:01 | DEBUG    | ArcheoEpidemicChimera | t=47 Transmission : Agent#970 → Agent#971 (souche PR-004)
2026-07-27 18:52:01 | DEBUG    | ArcheoEpidemicChimera | Agent#991 reçoit mantra PR-004: «🜃 PROPHÉTIE : Dans le liminal silence, seul le sil...»
2026-07-27 18:52:01 | DEBUG    | ArcheoEpidemicChimera | t=47 Transmission : Agent#989 → Agent#991 (souche PR-004)
2026-07-27 18:52:01 | DEBUG    | ArcheoEpidemicChimera | t=47 Agent#35 se désenchante
2026-07-27 18:52:01 | DEBUG    | ArcheoEpidemicChimera | t=47 Agent#51 devient porteur silencieux
2026-07-27 18:52:01 | DEBUG    | ArcheoEpidemicChimera | t=47 Agent#65 devient évangéliste
2026-07-27 18:52:01 | DEBUG    | ArcheoEpidemicChimera | t=47 Agent#66 devient évangéliste
2026-07-27 18:52:01 | DEBUG    | ArcheoEpidemicChimera | t=47 Agent#92 devient porteur silencieux
2026-07-27 18:52:01 | DEBUG    | ArcheoEpidemicChimera | t=47 Agent#98 devient porteur silencieux
2026-07-27 18:52:01 | DEBUG    | ArcheoEpidemicChimera | t=47 Agent#105 devient évangéliste
2026-07-27 18:52:01 | DEBUG    | ArcheoEpidemicChimera | t=47 Agent#128 devient évangéliste
2026-07-27 18:52:01 | DEBUG    | ArcheoEpidemicChimera | t=47 Agent#155 devient évangéliste
2026-07-27 18:52:01 | DEBUG    | ArcheoEpidemicChimera | t=47 Agent#185 se désenchante
2026-07-27 18:52:01 | DEBUG    | ArcheoEpidemicChimera | t=47 Agent#191 devient évangéliste
2026-07-27 18:52:01 | DEBUG    | ArcheoEpidemicChimera | t=47 Agent#212 devient évangéliste
2026-07-27 18:52:01 | DEBUG    | ArcheoEpidemicChimera | t=47 Agent#248 devient évangéliste
2026-07-27 18:52:01 | DEBUG    | ArcheoEpidemicChimera | t=47 Agent#259 se désenchante
2026-07-27 18:52:01 | DEBUG    | ArcheoEpidemicChimera | t=47 Agent#280 devient évangéliste
2026-07-27 18:52:01 | DEBUG    | ArcheoEpidemicChimera | t=47 Agent#291 devient évangéliste
2026-07-27 18:52:01 | DEBUG    | ArcheoEpidemicChimera | t=47 Agent#296 devient évangéliste
2026-07-27 18:52:01 | DEBUG    | ArcheoEpidemicChimera | t=47 Agent#340 devient porteur silencieux
2026-07-27 18:52:01 | DEBUG    | ArcheoEpidemicChimera | t=47 Agent#345 se désenchante
2026-07-27 18:52:01 | DEBUG    | ArcheoEpidemicChimera | t=47 Agent#347 devient porteur silencieux
2026-07-27 18:52:01 | DEBUG    | ArcheoEpidemicChimera | t=47 Agent#353 devient évangéliste
2026-07-27 18:52:01 | DEBUG    | ArcheoEpidemicChimera | t=47 Agent#373 se désenchante
2026-07-27 18:52:01 | DEBUG    | ArcheoEpidemicChimera | t=47 Agent#482 devient évangéliste
2026-07-27 18:52:01 | DEBUG    | ArcheoEpidemicChimera | t=47 Agent#546 devient porteur silencieux
2026-07-27 18:52:01 | DEBUG    | ArcheoEpidemicChimera | t=47 Agent#557 devient évangéliste
2026-07-27 18:52:01 | DEBUG    | ArcheoEpidemicChimera | t=47 Agent#698 se désenchante
2026-07-27 18:52:01 | DEBUG    | ArcheoEpidemicChimera | t=47 Agent#716 devient évangéliste
2026-07-27 18:52:01 | DEBUG    | ArcheoEpidemicChimera | t=47 Agent#735 devient porteur silencieux
2026-07-27 18:52:01 | DEBUG    | ArcheoEpidemicChimera | t=47 Agent#754 devient évangéliste
2026-07-27 18:52:01 | DEBUG    | ArcheoEpidemicChimera | t=47 Agent#790 devient évangéliste
2026-07-27 18:52:01 | DEBUG    | ArcheoEpidemicChimera | t=47 Agent#801 devient porteur silencieux
2026-07-27 18:52:01 | DEBUG    | ArcheoEpidemicChimera | t=47 Agent#804 devient porteur silencieux
2026-07-27 18:52:01 | DEBUG    | ArcheoEpidemicChimera | t=47 Agent#807 devient porteur silencieux
2026-07-27 18:52:01 | DEBUG    | ArcheoEpidemicChimera | t=47 Agent#814 devient porteur silencieux
2026-07-27 18:52:01 | DEBUG    | ArcheoEpidemicChimera | t=47 Agent#866 devient porteur silencieux
2026-07-27 18:52:01 | DEBUG    | ArcheoEpidemicChimera | t=47 Agent#875 devient évangéliste
2026-07-27 18:52:01 | DEBUG    | ArcheoEpidemicChimera | t=47 Agent#885 devient évangéliste
2026-07-27 18:52:01 | DEBUG    | ArcheoEpidemicChimera | t=47 Agent#924 devient évangéliste
2026-07-27 18:52:01 | DEBUG    | ArcheoEpidemicChimera | t=47 Agent#941 devient porteur silencieux
2026-07-27 18:52:01 | DEBUG    | ArcheoEpidemicChimera | t=47 Agent#970 se désenchante
2026-07-27 18:52:01 | DEBUG    | ArcheoEpidemicChimera | t=47 Agent#987 devient évangéliste
2026-07-27 18:52:01 | DEBUG    | ArcheoEpidemicChimera | t=47 Agent#994 devient porteur silencieux
2026-07-27 18:52:01 | DEBUG    | ArcheoEpidemicChimera | t=47 | Rt=1.28 | Souches=5 | Reliques=0
2026-07-27 18:52:01 | DEBUG    | ArcheoEpidemicChimera | Agent#27 reçoit mantra PR-004: «🜃 PROPHÉTIE : Dans le liminal silence, seul le sil...»
2026-07-27 18:52:01 | DEBUG    | ArcheoEpidemicChimera | t=48 Transmission : Agent#25 → Agent#27 (souche PR-004)
2026-07-27 18:52:01 | DEBUG    | ArcheoEpidemicChimera | Agent#52 reçoit mantra RF-005: «🜃 PROPHÉTIE : Dans le liminal silence, seul le sil...»
2026-07-27 18:52:01 | DEBUG    | ArcheoEpidemicChimera | t=48 Transmission : Agent#51 → Agent#52 (souche RF-005)
2026-07-27 18:52:01 | DEBUG    | ArcheoEpidemicChimera | Agent#87 reçoit mantra RF-005: «🜃 PROPHÉTIE : Dans le liminal silence, seul le sil...»
2026-07-27 18:52:01 | DEBUG    | ArcheoEpidemicChimera | t=48 Transmission : Agent#84 → Agent#87 (souche RF-005)
2026-07-27 18:52:01 | DEBUG    | ArcheoEpidemicChimera | Agent#106 reçoit mantra PR-004: «🜃 PROPHÉTIE : Dans le liminal silence, seul le sil...»
2026-07-27 18:52:01 | DEBUG    | ArcheoEpidemicChimera | t=48 Transmission : Agent#105 → Agent#106 (souche PR-004)
2026-07-27 18:52:01 | DEBUG    | ArcheoEpidemicChimera | Agent#172 reçoit mantra PR-004: «🜃 PROPHÉTIE : Dans le liminal silence, seul le sil...»
2026-07-27 18:52:01 | DEBUG    | ArcheoEpidemicChimera | t=48 Transmission : Agent#170 → Agent#172 (souche PR-004)
2026-07-27 18:52:01 | DEBUG    | ArcheoEpidemicChimera | Agent#398 reçoit mantra RF-005: «🜃 PROPHÉTIE : Dans le liminal silence, seul le sil...»
2026-07-27 18:52:01 | DEBUG    | ArcheoEpidemicChimera | t=48 Transmission : Agent#191 → Agent#398 (souche RF-005)
2026-07-27 18:52:01 | DEBUG    | ArcheoEpidemicChimera | Agent#205 reçoit mantra PR-004: «🜃 PROPHÉTIE : Dans le liminal silence, seul le sil...»
2026-07-27 18:52:01 | DEBUG    | ArcheoEpidemicChimera | t=48 Transmission : Agent#203 → Agent#205 (souche PR-004)
2026-07-27 18:52:01 | DEBUG    | ArcheoEpidemicChimera | Agent#214 reçoit mantra PR-004: «🜃 PROPHÉTIE : Dans le liminal silence, seul le sil...»
2026-07-27 18:52:01 | DEBUG    | ArcheoEpidemicChimera | t=48 Transmission : Agent#211 → Agent#214 (souche PR-004)
2026-07-27 18:52:01 | DEBUG    | ArcheoEpidemicChimera | Agent#721 reçoit mantra PR-004: «🜃 PROPHÉTIE : Dans le liminal silence, seul le sil...»
2026-07-27 18:52:01 | DEBUG    | ArcheoEpidemicChimera | t=48 Transmission : Agent#212 → Agent#721 (souche PR-004)
2026-07-27 18:52:01 | DEBUG    | ArcheoEpidemicChimera | Agent#86 reçoit mantra PR-004: «🜃 PROPHÉTIE : Dans le liminal silence, seul le sil...»
2026-07-27 18:52:01 | DEBUG    | ArcheoEpidemicChimera | t=48 Transmission : Agent#260 → Agent#86 (souche PR-004)
2026-07-27 18:52:01 | DEBUG    | ArcheoEpidemicChimera | Agent#317 reçoit mantra RF-005: «🜃 PROPHÉTIE : Dans le liminal silence, seul le sil...»
2026-07-27 18:52:01 | DEBUG    | ArcheoEpidemicChimera | t=48 Transmission : Agent#315 → Agent#317 (souche RF-005)
2026-07-27 18:52:01 | DEBUG    | ArcheoEpidemicChimera | Agent#388 reçoit mantra RF-005: «🜃 PROPHÉTIE : Dans le liminal silence, seul le sil...»
2026-07-27 18:52:01 | DEBUG    | ArcheoEpidemicChimera | t=48 Transmission : Agent#387 → Agent#388 (souche RF-005)
2026-07-27 18:52:01 | DEBUG    | ArcheoEpidemicChimera | Agent#473 reçoit mantra PR-004: «🜃 PROPHÉTIE : Dans le liminal silence, seul le sil...»
2026-07-27 18:52:01 | DEBUG    | ArcheoEpidemicChimera | t=48 Transmission : Agent#472 → Agent#473 (souche PR-004)
2026-07-27 18:52:01 | DEBUG    | ArcheoEpidemicChimera | Agent#480 reçoit mantra PR-004: «🜃 PROPHÉTIE : Dans le liminal silence, seul le sil...»
2026-07-27 18:52:01 | DEBUG    | ArcheoEpidemicChimera | t=48 Transmission : Agent#477 → Agent#480 (souche PR-004)
2026-07-27 18:52:01 | DEBUG    | ArcheoEpidemicChimera | Agent#263 reçoit mantra PR-004: «🜃 PROPHÉTIE : Dans le liminal silence, seul le sil...»
2026-07-27 18:52:01 | DEBUG    | ArcheoEpidemicChimera | t=48 Transmission : Agent#479 → Agent#263 (souche PR-004)
2026-07-27 18:52:01 | DEBUG    | ArcheoEpidemicChimera | Agent#770 reçoit mantra MV-003: «Le miroir fractal et le réseau dansent phénix de c...»
2026-07-27 18:52:01 | DEBUG    | ArcheoEpidemicChimera | t=48 Transmission : Agent#503 → Agent#770 (souche MV-003)
2026-07-27 18:52:01 | DEBUG    | ArcheoEpidemicChimera | Agent#604 reçoit mantra RF-005: «🜃 PROPHÉTIE : Dans le liminal silence, seul le sil...»
2026-07-27 18:52:01 | DEBUG    | ArcheoEpidemicChimera | t=48 Transmission : Agent#601 → Agent#604 (souche RF-005)
2026-07-27 18:52:01 | DEBUG    | ArcheoEpidemicChimera | Agent#622 reçoit mantra PR-004: «🜃 PROPHÉTIE : Dans le liminal silence, seul le sil...»
2026-07-27 18:52:01 | DEBUG    | ArcheoEpidemicChimera | t=48 Transmission : Agent#621 → Agent#622 (souche PR-004)
2026-07-27 18:52:01 | DEBUG    | ArcheoEpidemicChimera | Agent#640 reçoit mantra PR-004: «🜃 PROPHÉTIE : Dans le liminal silence, seul le sil...»
2026-07-27 18:52:01 | DEBUG    | ArcheoEpidemicChimera | t=48 Transmission : Agent#637 → Agent#640 (souche PR-004)
2026-07-27 18:52:01 | DEBUG    | ArcheoEpidemicChimera | Agent#671 reçoit mantra PR-004: «🜃 PROPHÉTIE : Dans le liminal silence, seul le sil...»
2026-07-27 18:52:01 | DEBUG    | ArcheoEpidemicChimera | t=48 Transmission : Agent#668 → Agent#671 (souche PR-004)
2026-07-27 18:52:01 | DEBUG    | ArcheoEpidemicChimera | Agent#709 reçoit mantra PR-004: «🜃 PROPHÉTIE : Dans le liminal silence, seul le sil...»
2026-07-27 18:52:01 | DEBUG    | ArcheoEpidemicChimera | t=48 Transmission : Agent#707 → Agent#709 (souche PR-004)
2026-07-27 18:52:01 | DEBUG    | ArcheoEpidemicChimera | Agent#728 reçoit mantra PR-004: «🜃 PROPHÉTIE : Dans le liminal silence, seul le sil...»
2026-07-27 18:52:01 | DEBUG    | ArcheoEpidemicChimera | t=48 Transmission : Agent#725 → Agent#728 (souche PR-004)
2026-07-27 18:52:01 | DEBUG    | ArcheoEpidemicChimera | Agent#325 reçoit mantra PR-004: «🜃 PROPHÉTIE : Dans le liminal silence, seul le sil...»
2026-07-27 18:52:01 | DEBUG    | ArcheoEpidemicChimera | t=48 Transmission : Agent#734 → Agent#325 (souche PR-004)
2026-07-27 18:52:01 | DEBUG    | ArcheoEpidemicChimera | Agent#775 reçoit mantra RF-005: «🜃 PROPHÉTIE : Dans le liminal silence, seul le sil...»
2026-07-27 18:52:01 | DEBUG    | ArcheoEpidemicChimera | t=48 Transmission : Agent#773 → Agent#775 (souche RF-005)
2026-07-27 18:52:01 | DEBUG    | ArcheoEpidemicChimera | Agent#793 reçoit mantra RF-005: «🜃 PROPHÉTIE : Dans le liminal silence, seul le sil...»
2026-07-27 18:52:01 | DEBUG    | ArcheoEpidemicChimera | t=48 Transmission : Agent#790 → Agent#793 (souche RF-005)
2026-07-27 18:52:01 | DEBUG    | ArcheoEpidemicChimera | Agent#888 reçoit mantra RF-005: «🜃 PROPHÉTIE : Dans le liminal silence, seul le sil...»
2026-07-27 18:52:01 | DEBUG    | ArcheoEpidemicChimera | t=48 Transmission : Agent#887 → Agent#888 (souche RF-005)
2026-07-27 18:52:01 | DEBUG    | ArcheoEpidemicChimera | Agent#911 reçoit mantra RF-005: «🜃 PROPHÉTIE : Dans le liminal silence, seul le sil...»
2026-07-27 18:52:01 | DEBUG    | ArcheoEpidemicChimera | t=48 Transmission : Agent#910 → Agent#911 (souche RF-005)
2026-07-27 18:52:01 | DEBUG    | ArcheoEpidemicChimera | Agent#928 reçoit mantra RF-005: «🜃 PROPHÉTIE : Dans le liminal silence, seul le sil...»
2026-07-27 18:52:01 | DEBUG    | ArcheoEpidemicChimera | t=48 Transmission : Agent#925 → Agent#928 (souche RF-005)
2026-07-27 18:52:01 | DEBUG    | ArcheoEpidemicChimera | Agent#929 reçoit mantra RF-005: «🜃 PROPHÉTIE : Dans le liminal silence, seul le sil...»
2026-07-27 18:52:01 | DEBUG    | ArcheoEpidemicChimera | t=48 Transmission : Agent#927 → Agent#929 (souche RF-005)
2026-07-27 18:52:01 | DEBUG    | ArcheoEpidemicChimera | Agent#703 reçoit mantra PR-004: «🜃 PROPHÉTIE : Dans le liminal silence, seul le sil...»
2026-07-27 18:52:01 | DEBUG    | ArcheoEpidemicChimera | t=48 Transmission : Agent#949 → Agent#703 (souche PR-004)
2026-07-27 18:52:01 | DEBUG    | ArcheoEpidemicChimera | Agent#424 reçoit mantra PR-004: «🜃 PROPHÉTIE : Dans le liminal silence, seul le sil...»
2026-07-27 18:52:01 | DEBUG    | ArcheoEpidemicChimera | t=48 Transmission : Agent#963 → Agent#424 (souche PR-004)
2026-07-27 18:52:01 | DEBUG    | ArcheoEpidemicChimera | Agent#966 reçoit mantra PR-004: «🜃 PROPHÉTIE : Dans le liminal silence, seul le sil...»
2026-07-27 18:52:01 | DEBUG    | ArcheoEpidemicChimera | t=48 Transmission : Agent#965 → Agent#966 (souche PR-004)
2026-07-27 18:52:01 | DEBUG    | ArcheoEpidemicChimera | Agent#990 reçoit mantra RF-005: «🜃 PROPHÉTIE : Dans le liminal silence, seul le sil...»
2026-07-27 18:52:01 | DEBUG    | ArcheoEpidemicChimera | t=48 Transmission : Agent#987 → Agent#990 (souche RF-005)
2026-07-27 18:52:01 | DEBUG    | ArcheoEpidemicChimera | Agent#995 reçoit mantra PR-004: «🜃 PROPHÉTIE : Dans le liminal silence, seul le sil...»
2026-07-27 18:52:01 | DEBUG    | ArcheoEpidemicChimera | t=48 Transmission : Agent#993 → Agent#995 (souche PR-004)
2026-07-27 18:52:01 | DEBUG    | ArcheoEpidemicChimera | t=48 Agent#25 se désenchante
2026-07-27 18:52:01 | DEBUG    | ArcheoEpidemicChimera | t=48 Agent#47 devient porteur silencieux
2026-07-27 18:52:01 | DEBUG    | ArcheoEpidemicChimera | t=48 Agent#80 se désenchante
2026-07-27 18:52:01 | DEBUG    | ArcheoEpidemicChimera | t=48 Agent#85 devient porteur silencieux
2026-07-27 18:52:01 | DEBUG    | ArcheoEpidemicChimera | t=48 Agent#92 se désenchante
2026-07-27 18:52:01 | DEBUG    | ArcheoEpidemicChimera | t=48 Agent#150 devient évangéliste
2026-07-27 18:52:01 | DEBUG    | ArcheoEpidemicChimera | t=48 Agent#171 devient évangéliste
2026-07-27 18:52:01 | DEBUG    | ArcheoEpidemicChimera | t=48 Agent#190 devient évangéliste
2026-07-27 18:52:01 | DEBUG    | ArcheoEpidemicChimera | t=48 Agent#194 devient évangéliste
2026-07-27 18:52:01 | DEBUG    | ArcheoEpidemicChimera | t=48 Agent#204 devient évangéliste
2026-07-27 18:52:01 | DEBUG    | ArcheoEpidemicChimera | t=48 Agent#210 se désenchante
2026-07-27 18:52:01 | DEBUG    | ArcheoEpidemicChimera | t=48 Agent#223 devient évangéliste
2026-07-27 18:52:01 | DEBUG    | ArcheoEpidemicChimera | t=48 Agent#250 devient évangéliste
2026-07-27 18:52:01 | DEBUG    | ArcheoEpidemicChimera | t=48 Agent#251 devient porteur silencieux
2026-07-27 18:52:01 | DEBUG    | ArcheoEpidemicChimera | t=48 Agent#273 devient porteur silencieux
2026-07-27 18:52:01 | DEBUG    | ArcheoEpidemicChimera | t=48 Agent#287 se désenchante
2026-07-27 18:52:01 | DEBUG    | ArcheoEpidemicChimera | t=48 Agent#289 devient évangéliste
2026-07-27 18:52:01 | DEBUG    | ArcheoEpidemicChimera | t=48 Agent#316 devient évangéliste
2026-07-27 18:52:01 | DEBUG    | ArcheoEpidemicChimera | t=48 Agent#326 devient évangéliste
2026-07-27 18:52:01 | DEBUG    | ArcheoEpidemicChimera | t=48 Agent#355 devient porteur silencieux
2026-07-27 18:52:01 | DEBUG    | ArcheoEpidemicChimera | t=48 Agent#361 devient porteur silencieux
2026-07-27 18:52:01 | DEBUG    | ArcheoEpidemicChimera | t=48 Agent#371 devient évangéliste
2026-07-27 18:52:01 | DEBUG    | ArcheoEpidemicChimera | t=48 Agent#395 devient évangéliste
2026-07-27 18:52:01 | DEBUG    | ArcheoEpidemicChimera | t=48 Agent#425 devient évangéliste
2026-07-27 18:52:01 | DEBUG    | ArcheoEpidemicChimera | t=48 Agent#489 devient évangéliste
2026-07-27 18:52:01 | DEBUG    | ArcheoEpidemicChimera | t=48 Agent#494 devient porteur silencieux
2026-07-27 18:52:01 | DEBUG    | ArcheoEpidemicChimera | t=48 Agent#562 devient évangéliste
2026-07-27 18:52:01 | DEBUG    | ArcheoEpidemicChimera | t=48 Agent#587 devient évangéliste
2026-07-27 18:52:01 | DEBUG    | ArcheoEpidemicChimera | t=48 Agent#613 devient évangéliste
2026-07-27 18:52:01 | DEBUG    | ArcheoEpidemicChimera | t=48 Agent#615 devient évangéliste
2026-07-27 18:52:01 | DEBUG    | ArcheoEpidemicChimera | t=48 Agent#645 devient évangéliste
2026-07-27 18:52:01 | DEBUG    | ArcheoEpidemicChimera | t=48 Agent#663 se désenchante
2026-07-27 18:52:01 | DEBUG    | ArcheoEpidemicChimera | t=48 Agent#670 se désenchante
2026-07-27 18:52:01 | DEBUG    | ArcheoEpidemicChimera | t=48 Agent#680 devient évangéliste
2026-07-27 18:52:01 | DEBUG    | ArcheoEpidemicChimera | t=48 Agent#710 devient évangéliste
2026-07-27 18:52:01 | DEBUG    | ArcheoEpidemicChimera | t=48 Agent#743 devient évangéliste
2026-07-27 18:52:01 | DEBUG    | ArcheoEpidemicChimera | t=48 Agent#744 devient évangéliste
2026-07-27 18:52:01 | DEBUG    | ArcheoEpidemicChimera | t=48 Agent#763 se désenchante
2026-07-27 18:52:01 | DEBUG    | ArcheoEpidemicChimera | t=48 Agent#769 se désenchante
2026-07-27 18:52:01 | DEBUG    | ArcheoEpidemicChimera | t=48 Agent#785 devient évangéliste
2026-07-27 18:52:01 | DEBUG    | ArcheoEpidemicChimera | t=48 Agent#806 se désenchante
2026-07-27 18:52:01 | DEBUG    | ArcheoEpidemicChimera | t=48 Agent#807 se désenchante
2026-07-27 18:52:01 | DEBUG    | ArcheoEpidemicChimera | t=48 Agent#820 devient évangéliste
2026-07-27 18:52:01 | DEBUG    | ArcheoEpidemicChimera | t=48 Agent#831 devient porteur silencieux
2026-07-27 18:52:01 | DEBUG    | ArcheoEpidemicChimera | t=48 Agent#853 se désenchante
2026-07-27 18:52:01 | DEBUG    | ArcheoEpidemicChimera | t=48 Agent#880 devient évangéliste
2026-07-27 18:52:01 | DEBUG    | ArcheoEpidemicChimera | t=48 Agent#883 devient évangéliste
2026-07-27 18:52:01 | DEBUG    | ArcheoEpidemicChimera | t=48 Agent#891 devient évangéliste
2026-07-27 18:52:01 | DEBUG    | ArcheoEpidemicChimera | t=48 Agent#933 devient évangéliste
2026-07-27 18:52:01 | DEBUG    | ArcheoEpidemicChimera | t=48 Agent#961 se désenchante
2026-07-27 18:52:01 | DEBUG    | ArcheoEpidemicChimera | t=48 Agent#971 devient porteur silencieux
2026-07-27 18:52:01 | DEBUG    | ArcheoEpidemicChimera | t=48 Agent#991 devient évangéliste
2026-07-27 18:52:01 | DEBUG    | ArcheoEpidemicChimera | t=48 | Rt=1.31 | Souches=5 | Reliques=0
2026-07-27 18:52:01 | DEBUG    | ArcheoEpidemicChimera | Agent#68 reçoit mantra RF-005: «🜃 PROPHÉTIE : Dans le liminal silence, seul le sil...»
2026-07-27 18:52:01 | DEBUG    | ArcheoEpidemicChimera | t=49 Transmission : Agent#65 → Agent#68 (souche RF-005)
2026-07-27 18:52:01 | DEBUG    | ArcheoEpidemicChimera | Agent#108 reçoit mantra PR-004: «🜃 PROPHÉTIE : Dans le liminal silence, seul le sil...»
2026-07-27 18:52:01 | DEBUG    | ArcheoEpidemicChimera | t=49 Transmission : Agent#105 → Agent#108 (souche PR-004)
2026-07-27 18:52:01 | DEBUG    | ArcheoEpidemicChimera | Agent#116 reçoit mantra PR-004: «🜃 PROPHÉTIE : Dans le liminal silence, seul le sil...»
2026-07-27 18:52:01 | DEBUG    | ArcheoEpidemicChimera | t=49 Transmission : Agent#114 → Agent#116 (souche PR-004)
2026-07-27 18:52:01 | DEBUG    | ArcheoEpidemicChimera | Agent#10 reçoit mantra PR-004: «🜃 PROPHÉTIE : Dans le liminal silence, seul le sil...»
2026-07-27 18:52:01 | DEBUG    | ArcheoEpidemicChimera | t=49 Transmission : Agent#117 → Agent#10 (souche PR-004)
2026-07-27 18:52:01 | DEBUG    | ArcheoEpidemicChimera | Agent#130 reçoit mantra PR-004: «🜃 PROPHÉTIE : Dans le liminal silence, seul le sil...»
2026-07-27 18:52:01 | DEBUG    | ArcheoEpidemicChimera | t=49 Transmission : Agent#129 → Agent#130 (souche PR-004)
2026-07-27 18:52:01 | DEBUG    | ArcheoEpidemicChimera | Agent#152 reçoit mantra RF-005: «🜃 PROPHÉTIE : Dans le liminal silence, seul le sil...»
2026-07-27 18:52:01 | DEBUG    | ArcheoEpidemicChimera | t=49 Transmission : Agent#150 → Agent#152 (souche RF-005)
2026-07-27 18:52:01 | DEBUG    | ArcheoEpidemicChimera | Agent#578 reçoit mantra PR-004: «🜃 PROPHÉTIE : Dans le liminal silence, seul le sil...»
2026-07-27 18:52:01 | DEBUG    | ArcheoEpidemicChimera | t=49 Transmission : Agent#155 → Agent#578 (souche PR-004)
2026-07-27 18:52:01 | DEBUG    | ArcheoEpidemicChimera | Agent#173 reçoit mantra PR-004: «🜃 PROPHÉTIE : Dans le liminal silence, seul le sil...»
2026-07-27 18:52:01 | DEBUG    | ArcheoEpidemicChimera | t=49 Transmission : Agent#170 → Agent#173 (souche PR-004)
2026-07-27 18:52:01 | DEBUG    | ArcheoEpidemicChimera | Agent#196 reçoit mantra RF-005: «🜃 PROPHÉTIE : Dans le liminal silence, seul le sil...»
2026-07-27 18:52:01 | DEBUG    | ArcheoEpidemicChimera | t=49 Transmission : Agent#194 → Agent#196 (souche RF-005)
2026-07-27 18:52:01 | DEBUG    | ArcheoEpidemicChimera | Agent#225 reçoit mantra PR-004: «🜃 PROPHÉTIE : Dans le liminal silence, seul le sil...»
2026-07-27 18:52:01 | DEBUG    | ArcheoEpidemicChimera | t=49 Transmission : Agent#222 → Agent#225 (souche PR-004)
2026-07-27 18:52:01 | DEBUG    | ArcheoEpidemicChimera | Agent#608 reçoit mantra RF-005: «🜃 PROPHÉTIE : Dans le liminal silence, seul le sil...»
2026-07-27 18:52:01 | DEBUG    | ArcheoEpidemicChimera | t=49 Transmission : Agent#236 → Agent#608 (souche RF-005)
2026-07-27 18:52:01 | DEBUG    | ArcheoEpidemicChimera | Agent#690 reçoit mantra RF-005: «🜃 PROPHÉTIE : Dans le liminal silence, seul le sil...»
2026-07-27 18:52:01 | DEBUG    | ArcheoEpidemicChimera | t=49 Transmission : Agent#280 → Agent#690 (souche RF-005)
2026-07-27 18:52:01 | DEBUG    | ArcheoEpidemicChimera | Agent#297 reçoit mantra RF-005: «🜃 PROPHÉTIE : Dans le liminal silence, seul le sil...»
2026-07-27 18:52:01 | DEBUG    | ArcheoEpidemicChimera | t=49 Transmission : Agent#295 → Agent#297 (souche RF-005)
2026-07-27 18:52:01 | DEBUG    | ArcheoEpidemicChimera | Agent#299 reçoit mantra RF-005: «🜃 PROPHÉTIE : Dans le liminal silence, seul le sil...»
2026-07-27 18:52:01 | DEBUG    | ArcheoEpidemicChimera | t=49 Transmission : Agent#296 → Agent#299 (souche RF-005)
2026-07-27 18:52:01 | DEBUG    | ArcheoEpidemicChimera | Agent#318 reçoit mantra RF-005: «🜃 PROPHÉTIE : Dans le liminal silence, seul le sil...»
2026-07-27 18:52:01 | DEBUG    | ArcheoEpidemicChimera | t=49 Transmission : Agent#315 → Agent#318 (souche RF-005)
2026-07-27 18:52:01 | DEBUG    | ArcheoEpidemicChimera | Agent#319 reçoit mantra RF-005: «🜃 PROPHÉTIE : Dans le liminal silence, seul le sil...»
2026-07-27 18:52:01 | DEBUG    | ArcheoEpidemicChimera | t=49 Transmission : Agent#316 → Agent#319 (souche RF-005)
2026-07-27 18:52:01 | DEBUG    | ArcheoEpidemicChimera | Agent#328 reçoit mantra RF-005: «🜃 PROPHÉTIE : Dans le liminal silence, seul le sil...»
2026-07-27 18:52:01 | DEBUG    | ArcheoEpidemicChimera | t=49 Transmission : Agent#326 → Agent#328 (souche RF-005)
2026-07-27 18:52:01 | DEBUG    | ArcheoEpidemicChimera | Agent#351 reçoit mantra PR-004: «🜃 PROPHÉTIE : Dans le liminal silence, seul le sil...»
2026-07-27 18:52:01 | DEBUG    | ArcheoEpidemicChimera | t=49 Transmission : Agent#348 → Agent#351 (souche PR-004)
2026-07-27 18:52:01 | DEBUG    | ArcheoEpidemicChimera | Agent#362 reçoit mantra RF-005: «🜃 PROPHÉTIE : Dans le liminal silence, seul le sil...»
2026-07-27 18:52:01 | DEBUG    | ArcheoEpidemicChimera | t=49 Transmission : Agent#361 → Agent#362 (souche RF-005)
2026-07-27 18:52:01 | DEBUG    | ArcheoEpidemicChimera | Agent#409 reçoit mantra PR-004: «🜃 PROPHÉTIE : Dans le liminal silence, seul le sil...»
2026-07-27 18:52:01 | DEBUG    | ArcheoEpidemicChimera | t=49 Transmission : Agent#408 → Agent#409 (souche PR-004)
2026-07-27 18:52:01 | DEBUG    | ArcheoEpidemicChimera | Agent#426 reçoit mantra PR-004: «🜃 PROPHÉTIE : Dans le liminal silence, seul le sil...»
2026-07-27 18:52:01 | DEBUG    | ArcheoEpidemicChimera | t=49 Transmission : Agent#425 → Agent#426 (souche PR-004)
2026-07-27 18:52:01 | DEBUG    | ArcheoEpidemicChimera | Agent#455 reçoit mantra PR-004: «🜃 PROPHÉTIE : Dans le liminal silence, seul le sil...»
2026-07-27 18:52:01 | DEBUG    | ArcheoEpidemicChimera | t=49 Transmission : Agent#467 → Agent#455 (souche PR-004)
2026-07-27 18:52:01 | DEBUG    | ArcheoEpidemicChimera | Agent#491 reçoit mantra RF-005: «🜃 PROPHÉTIE : Dans le liminal silence, seul le sil...»
2026-07-27 18:52:01 | DEBUG    | ArcheoEpidemicChimera | t=49 Transmission : Agent#489 → Agent#491 (souche RF-005)
2026-07-27 18:52:01 | DEBUG    | ArcheoEpidemicChimera | Agent#532 reçoit mantra PR-004: «🜃 PROPHÉTIE : Dans le liminal silence, seul le sil...»
2026-07-27 18:52:01 | DEBUG    | ArcheoEpidemicChimera | t=49 Transmission : Agent#529 → Agent#532 (souche PR-004)
2026-07-27 18:52:01 | DEBUG    | ArcheoEpidemicChimera | Agent#547 reçoit mantra RF-005: «🜃 PROPHÉTIE : Dans le liminal silence, seul le sil...»
2026-07-27 18:52:01 | DEBUG    | ArcheoEpidemicChimera | t=49 Transmission : Agent#545 → Agent#547 (souche RF-005)
2026-07-27 18:52:01 | DEBUG    | ArcheoEpidemicChimera | Agent#589 reçoit mantra RF-005: «🜃 PROPHÉTIE : Dans le liminal silence, seul le sil...»
2026-07-27 18:52:01 | DEBUG    | ArcheoEpidemicChimera | t=49 Transmission : Agent#587 → Agent#589 (souche RF-005)
2026-07-27 18:52:01 | DEBUG    | ArcheoEpidemicChimera | Agent#607 reçoit mantra PR-004: «🜃 PROPHÉTIE : Dans le liminal silence, seul le sil...»
2026-07-27 18:52:01 | DEBUG    | ArcheoEpidemicChimera | t=49 Transmission : Agent#605 → Agent#607 (souche PR-004)
2026-07-27 18:52:01 | DEBUG    | ArcheoEpidemicChimera | Agent#614 reçoit mantra RF-005: «🜃 PROPHÉTIE : Dans le liminal silence, seul le sil...»
2026-07-27 18:52:01 | DEBUG    | ArcheoEpidemicChimera | t=49 Transmission : Agent#612 → Agent#614 (souche RF-005)
2026-07-27 18:52:01 | DEBUG    | ArcheoEpidemicChimera | Agent#38 reçoit mantra RF-005: «🜃 PROPHÉTIE : Dans le liminal silence, seul le sil...»
2026-07-27 18:52:01 | DEBUG    | ArcheoEpidemicChimera | t=49 Transmission : Agent#613 → Agent#38 (souche RF-005)
2026-07-27 18:52:01 | DEBUG    | ArcheoEpidemicChimera | Agent#719 reçoit mantra PR-004: «🜃 PROPHÉTIE : Dans le liminal silence, seul le sil...»
2026-07-27 18:52:01 | DEBUG    | ArcheoEpidemicChimera | t=49 Transmission : Agent#716 → Agent#719 (souche PR-004)
2026-07-27 18:52:01 | DEBUG    | ArcheoEpidemicChimera | Agent#738 reçoit mantra PR-004: «🜃 PROPHÉTIE : Dans le liminal silence, seul le sil...»
2026-07-27 18:52:01 | DEBUG    | ArcheoEpidemicChimera | t=49 Transmission : Agent#737 → Agent#738 (souche PR-004)
2026-07-27 18:52:01 | DEBUG    | ArcheoEpidemicChimera | Agent#407 reçoit mantra PR-004: «🜃 PROPHÉTIE : Dans le liminal silence, seul le sil...»
2026-07-27 18:52:01 | DEBUG    | ArcheoEpidemicChimera | t=49 Transmission : Agent#741 → Agent#407 (souche PR-004)
2026-07-27 18:52:01 | DEBUG    | ArcheoEpidemicChimera | Agent#756 reçoit mantra RF-005: «🜃 PROPHÉTIE : Dans le liminal silence, seul le sil...»
2026-07-27 18:52:01 | DEBUG    | ArcheoEpidemicChimera | t=49 Transmission : Agent#743 → Agent#756 (souche RF-005)
2026-07-27 18:52:01 | DEBUG    | ArcheoEpidemicChimera | Agent#786 reçoit mantra RF-005: «🜃 PROPHÉTIE : Dans le liminal silence, seul le sil...»
2026-07-27 18:52:01 | DEBUG    | ArcheoEpidemicChimera | t=49 Transmission : Agent#784 → Agent#786 (souche RF-005)
2026-07-27 18:52:01 | DEBUG    | ArcheoEpidemicChimera | Agent#787 reçoit mantra RF-005: «🜃 PROPHÉTIE : Dans le liminal silence, seul le sil...»
2026-07-27 18:52:01 | DEBUG    | ArcheoEpidemicChimera | t=49 Transmission : Agent#785 → Agent#787 (souche RF-005)
2026-07-27 18:52:01 | DEBUG    | ArcheoEpidemicChimera | Agent#895 reçoit mantra RF-005: «🜃 PROPHÉTIE : Dans le liminal silence, seul le sil...»
2026-07-27 18:52:01 | DEBUG    | ArcheoEpidemicChimera | t=49 Transmission : Agent#801 → Agent#895 (souche RF-005)
2026-07-27 18:52:01 | DEBUG    | ArcheoEpidemicChimera | Agent#821 reçoit mantra RF-005: «🜃 PROPHÉTIE : Dans le liminal silence, seul le sil...»
2026-07-27 18:52:01 | DEBUG    | ArcheoEpidemicChimera | t=49 Transmission : Agent#820 → Agent#821 (souche RF-005)
2026-07-27 18:52:01 | DEBUG    | ArcheoEpidemicChimera | Agent#31 reçoit mantra RF-005: «🜃 PROPHÉTIE : Dans le liminal silence, seul le sil...»
2026-07-27 18:52:01 | DEBUG    | ArcheoEpidemicChimera | t=49 Transmission : Agent#884 → Agent#31 (souche RF-005)
2026-07-27 18:52:01 | DEBUG    | ArcheoEpidemicChimera | Agent#894 reçoit mantra RF-005: «🜃 PROPHÉTIE : Dans le liminal silence, seul le sil...»
2026-07-27 18:52:01 | DEBUG    | ArcheoEpidemicChimera | t=49 Transmission : Agent#891 → Agent#894 (souche RF-005)
2026-07-27 18:52:01 | DEBUG    | ArcheoEpidemicChimera | Agent#378 reçoit mantra RF-005: «🜃 PROPHÉTIE : Dans le liminal silence, seul le sil...»
2026-07-27 18:52:01 | DEBUG    | ArcheoEpidemicChimera | t=49 Transmission : Agent#933 → Agent#378 (souche RF-005)
2026-07-27 18:52:01 | DEBUG    | ArcheoEpidemicChimera | Agent#577 reçoit mantra PR-004: «🜃 PROPHÉTIE : Dans le liminal silence, seul le sil...»
2026-07-27 18:52:01 | DEBUG    | ArcheoEpidemicChimera | t=49 Transmission : Agent#941 → Agent#577 (souche PR-004)
2026-07-27 18:52:01 | DEBUG    | ArcheoEpidemicChimera | Agent#946 reçoit mantra RF-005: «🜃 PROPHÉTIE : Dans le liminal silence, seul le sil...»
2026-07-27 18:52:01 | DEBUG    | ArcheoEpidemicChimera | t=49 Transmission : Agent#945 → Agent#946 (souche RF-005)
2026-07-27 18:52:01 | DEBUG    | ArcheoEpidemicChimera | Agent#959 reçoit mantra PR-004: «🜃 PROPHÉTIE : Dans le liminal silence, seul le sil...»
2026-07-27 18:52:01 | DEBUG    | ArcheoEpidemicChimera | t=49 Transmission : Agent#957 → Agent#959 (souche PR-004)
2026-07-27 18:52:01 | DEBUG    | ArcheoEpidemicChimera | Agent#964 reçoit mantra PR-004: «🜃 PROPHÉTIE : Dans le liminal silence, seul le sil...»
2026-07-27 18:52:01 | DEBUG    | ArcheoEpidemicChimera | t=49 Transmission : Agent#963 → Agent#964 (souche PR-004)
2026-07-27 18:52:01 | DEBUG    | ArcheoEpidemicChimera | Agent#968 reçoit mantra PR-004: «🜃 PROPHÉTIE : Dans le liminal silence, seul le sil...»
2026-07-27 18:52:01 | DEBUG    | ArcheoEpidemicChimera | t=49 Transmission : Agent#965 → Agent#968 (souche PR-004)
2026-07-27 18:52:01 | DEBUG    | ArcheoEpidemicChimera | Agent#973 reçoit mantra PR-004: «🜃 PROPHÉTIE : Dans le liminal silence, seul le sil...»
2026-07-27 18:52:01 | DEBUG    | ArcheoEpidemicChimera | t=49 Transmission : Agent#971 → Agent#973 (souche PR-004)
2026-07-27 18:52:01 | DEBUG    | ArcheoEpidemicChimera | Agent#992 reçoit mantra PR-004: «🜃 PROPHÉTIE : Dans le liminal silence, seul le sil...»
2026-07-27 18:52:01 | DEBUG    | ArcheoEpidemicChimera | t=49 Transmission : Agent#991 → Agent#992 (souche PR-004)
2026-07-27 18:52:01 | DEBUG    | ArcheoEpidemicChimera | t=49 Agent#27 devient évangéliste
2026-07-27 18:52:01 | DEBUG    | ArcheoEpidemicChimera | t=49 Agent#52 devient porteur silencieux
2026-07-27 18:52:01 | DEBUG    | ArcheoEpidemicChimera | t=49 Agent#78 devient évangéliste
2026-07-27 18:52:01 | DEBUG    | ArcheoEpidemicChimera | t=49 Agent#87 devient évangéliste
2026-07-27 18:52:01 | DEBUG    | ArcheoEpidemicChimera | t=49 Agent#106 devient évangéliste
2026-07-27 18:52:01 | DEBUG    | ArcheoEpidemicChimera | t=49 Agent#129 se désenchante
2026-07-27 18:52:01 | DEBUG    | ArcheoEpidemicChimera | t=49 Agent#214 devient évangéliste
2026-07-27 18:52:01 | DEBUG    | ArcheoEpidemicChimera | t=49 Agent#215 se désenchante
2026-07-27 18:52:01 | DEBUG    | ArcheoEpidemicChimera | t=49 Agent#250 se désenchante
2026-07-27 18:52:01 | DEBUG    | ArcheoEpidemicChimera | t=49 Agent#263 devient évangéliste
2026-07-27 18:52:01 | DEBUG    | ArcheoEpidemicChimera | t=49 Agent#291 se désenchante
2026-07-27 18:52:01 | DEBUG    | ArcheoEpidemicChimera | t=49 Agent#317 devient évangéliste
2026-07-27 18:52:01 | DEBUG    | ArcheoEpidemicChimera | t=49 Agent#325 devient évangéliste
2026-07-27 18:52:01 | DEBUG    | ArcheoEpidemicChimera | t=49 Agent#326 se désenchante
2026-07-27 18:52:01 | DEBUG    | ArcheoEpidemicChimera | t=49 Agent#350 se désenchante
2026-07-27 18:52:01 | DEBUG    | ArcheoEpidemicChimera | t=49 Agent#355 se désenchante
2026-07-27 18:52:01 | DEBUG    | ArcheoEpidemicChimera | t=49 Agent#374 se désenchante
2026-07-27 18:52:01 | DEBUG    | ArcheoEpidemicChimera | t=49 Agent#384 se désenchante
2026-07-27 18:52:01 | DEBUG    | ArcheoEpidemicChimera | t=49 Agent#398 devient évangéliste
2026-07-27 18:52:01 | DEBUG    | ArcheoEpidemicChimera | t=49 Agent#411 devient évangéliste
2026-07-27 18:52:01 | DEBUG    | ArcheoEpidemicChimera | t=49 Agent#424 devient porteur silencieux
2026-07-27 18:52:01 | DEBUG    | ArcheoEpidemicChimera | t=49 Agent#473 devient évangéliste
2026-07-27 18:52:01 | DEBUG    | ArcheoEpidemicChimera | t=49 Agent#480 devient évangéliste
2026-07-27 18:52:01 | DEBUG    | ArcheoEpidemicChimera | t=49 Agent#560 se désenchante
2026-07-27 18:52:01 | DEBUG    | ArcheoEpidemicChimera | t=49 Agent#582 devient évangéliste
2026-07-27 18:52:01 | DEBUG    | ArcheoEpidemicChimera | t=49 Agent#604 devient porteur silencieux
2026-07-27 18:52:01 | DEBUG    | ArcheoEpidemicChimera | t=49 Agent#621 se désenchante
2026-07-27 18:52:01 | DEBUG    | ArcheoEpidemicChimera | t=49 Agent#622 devient porteur silencieux
2026-07-27 18:52:01 | DEBUG    | ArcheoEpidemicChimera | t=49 Agent#630 se désenchante
2026-07-27 18:52:01 | DEBUG    | ArcheoEpidemicChimera | t=49 Agent#640 devient porteur silencieux
2026-07-27 18:52:01 | DEBUG    | ArcheoEpidemicChimera | t=49 Agent#671 devient évangéliste
2026-07-27 18:52:01 | DEBUG    | ArcheoEpidemicChimera | t=49 Agent#703 devient évangéliste
2026-07-27 18:52:01 | DEBUG    | ArcheoEpidemicChimera | t=49 Agent#709 devient évangéliste
2026-07-27 18:52:01 | DEBUG    | ArcheoEpidemicChimera | t=49 Agent#721 devient porteur silencieux
2026-07-27 18:52:01 | DEBUG    | ArcheoEpidemicChimera | t=49 Agent#728 devient porteur silencieux
2026-07-27 18:52:01 | DEBUG    | ArcheoEpidemicChimera | t=49 Agent#740 devient évangéliste
2026-07-27 18:52:01 | DEBUG    | ArcheoEpidemicChimera | t=49 Agent#742 se désenchante
2026-07-27 18:52:01 | DEBUG    | ArcheoEpidemicChimera | t=49 Agent#761 se désenchante
2026-07-27 18:52:01 | DEBUG    | ArcheoEpidemicChimera | t=49 Agent#766 se désenchante
2026-07-27 18:52:01 | DEBUG    | ArcheoEpidemicChimera | t=49 Agent#775 devient évangéliste
2026-07-27 18:52:01 | DEBUG    | ArcheoEpidemicChimera | t=49 Agent#776 devient évangéliste
2026-07-27 18:52:01 | DEBUG    | ArcheoEpidemicChimera | t=49 Agent#793 devient évangéliste
2026-07-27 18:52:01 | DEBUG    | ArcheoEpidemicChimera | t=49 Agent#802 devient évangéliste
2026-07-27 18:52:01 | DEBUG    | ArcheoEpidemicChimera | t=49 Agent#805 se désenchante
2026-07-27 18:52:01 | DEBUG    | ArcheoEpidemicChimera | t=49 Agent#818 devient évangéliste
2026-07-27 18:52:01 | DEBUG    | ArcheoEpidemicChimera | t=49 Agent#888 devient évangéliste
2026-07-27 18:52:01 | DEBUG    | ArcheoEpidemicChimera | t=49 Agent#911 devient évangéliste
2026-07-27 18:52:01 | DEBUG    | ArcheoEpidemicChimera | t=49 Agent#922 se désenchante
2026-07-27 18:52:01 | DEBUG    | ArcheoEpidemicChimera | t=49 Agent#928 devient évangéliste
2026-07-27 18:52:01 | DEBUG    | ArcheoEpidemicChimera | t=49 Agent#929 devient évangéliste
2026-07-27 18:52:01 | DEBUG    | ArcheoEpidemicChimera | t=49 Agent#966 devient évangéliste
2026-07-27 18:52:01 | DEBUG    | ArcheoEpidemicChimera | t=49 Agent#983 devient porteur silencieux
2026-07-27 18:52:01 | DEBUG    | ArcheoEpidemicChimera | t=49 Agent#990 devient évangéliste
2026-07-27 18:52:01 | DEBUG    | ArcheoEpidemicChimera | t=49 Agent#995 devient évangéliste
2026-07-27 18:52:01 | DEBUG    | ArcheoEpidemicChimera | t=49 | Rt=1.28 | Souches=5 | Reliques=0
2026-07-27 18:52:01 | DEBUG    | ArcheoEpidemicChimera | Agent#43 reçoit mantra PR-004: «🜃 PROPHÉTIE : Dans le liminal silence, seul le sil...»
2026-07-27 18:52:01 | DEBUG    | ArcheoEpidemicChimera | t=50 Transmission : Agent#42 → Agent#43 (souche PR-004)
2026-07-27 18:52:01 | DEBUG    | ArcheoEpidemicChimera | Agent#49 reçoit mantra PR-004: «🜃 PROPHÉTIE : Dans le liminal silence, seul le sil...»
2026-07-27 18:52:01 | DEBUG    | ArcheoEpidemicChimera | t=50 Transmission : Agent#47 → Agent#49 (souche PR-004)
2026-07-27 18:52:01 | DEBUG    | ArcheoEpidemicChimera | Agent#261 reçoit mantra RF-005: «🜃 PROPHÉTIE : Dans le liminal silence, seul le sil...»
2026-07-27 18:52:01 | DEBUG    | ArcheoEpidemicChimera | t=50 Transmission : Agent#52 → Agent#261 (souche RF-005)
2026-07-27 18:52:01 | DEBUG    | ArcheoEpidemicChimera | Agent#69 reçoit mantra RF-005: «🜃 PROPHÉTIE : Dans le liminal silence, seul le sil...»
2026-07-27 18:52:01 | DEBUG    | ArcheoEpidemicChimera | t=50 Transmission : Agent#66 → Agent#69 (souche RF-005)
2026-07-27 18:52:01 | DEBUG    | ArcheoEpidemicChimera | Agent#96 reçoit mantra PR-004: «🜃 PROPHÉTIE : Dans le liminal silence, seul le sil...»
2026-07-27 18:52:01 | DEBUG    | ArcheoEpidemicChimera | t=50 Transmission : Agent#93 → Agent#96 (souche PR-004)
2026-07-27 18:52:01 | DEBUG    | ArcheoEpidemicChimera | Agent#101 reçoit mantra RF-005: «🜃 PROPHÉTIE : Dans le liminal silence, seul le sil...»
2026-07-27 18:52:01 | DEBUG    | ArcheoEpidemicChimera | t=50 Transmission : Agent#98 → Agent#101 (souche RF-005)
2026-07-27 18:52:01 | DEBUG    | ArcheoEpidemicChimera | Agent#565 reçoit mantra PR-004: «🜃 PROPHÉTIE : Dans le liminal silence, seul le sil...»
2026-07-27 18:52:01 | DEBUG    | ArcheoEpidemicChimera | t=50 Transmission : Agent#109 → Agent#565 (souche PR-004)
2026-07-27 18:52:01 | DEBUG    | ArcheoEpidemicChimera | Agent#158 reçoit mantra RF-005: «🜃 PROPHÉTIE : Dans le liminal silence, seul le sil...»
2026-07-27 18:52:01 | DEBUG    | ArcheoEpidemicChimera | t=50 Transmission : Agent#135 → Agent#158 (souche RF-005)
2026-07-27 18:52:01 | DEBUG    | ArcheoEpidemicChimera | Agent#323 reçoit mantra RF-005: «🜃 PROPHÉTIE : Dans le liminal silence, seul le sil...»
2026-07-27 18:52:01 | DEBUG    | ArcheoEpidemicChimera | t=50 Transmission : Agent#194 → Agent#323 (souche RF-005)
2026-07-27 18:52:01 | DEBUG    | ArcheoEpidemicChimera | Agent#436 reçoit mantra PR-004: «🜃 PROPHÉTIE : Dans le liminal silence, seul le sil...»
2026-07-27 18:52:01 | DEBUG    | ArcheoEpidemicChimera | t=50 Transmission : Agent#204 → Agent#436 (souche PR-004)
2026-07-27 18:52:01 | DEBUG    | ArcheoEpidemicChimera | Agent#996 reçoit mantra PR-004: «🜃 PROPHÉTIE : Dans le liminal silence, seul le sil...»
2026-07-27 18:52:01 | DEBUG    | ArcheoEpidemicChimera | t=50 Transmission : Agent#223 → Agent#996 (souche PR-004)
2026-07-27 18:52:01 | DEBUG    | ArcheoEpidemicChimera | Agent#252 reçoit mantra RF-005: «🜃 PROPHÉTIE : Dans le liminal silence, seul le sil...»
2026-07-27 18:52:01 | DEBUG    | ArcheoEpidemicChimera | t=50 Transmission : Agent#249 → Agent#252 (souche RF-005)
2026-07-27 18:52:01 | DEBUG    | ArcheoEpidemicChimera | Agent#262 reçoit mantra PR-004: «🜃 PROPHÉTIE : Dans le liminal silence, seul le sil...»
2026-07-27 18:52:01 | DEBUG    | ArcheoEpidemicChimera | t=50 Transmission : Agent#260 → Agent#262 (souche PR-004)
2026-07-27 18:52:01 | DEBUG    | ArcheoEpidemicChimera | Agent#264 reçoit mantra PR-004: «🜃 PROPHÉTIE : Dans le liminal silence, seul le sil...»
2026-07-27 18:52:01 | DEBUG    | ArcheoEpidemicChimera | t=50 Transmission : Agent#263 → Agent#264 (souche PR-004)
2026-07-27 18:52:01 | DEBUG    | ArcheoEpidemicChimera | Agent#674 reçoit mantra RF-005: «🜃 PROPHÉTIE : Dans le liminal silence, seul le sil...»
2026-07-27 18:52:01 | DEBUG    | ArcheoEpidemicChimera | t=50 Transmission : Agent#289 → Agent#674 (souche RF-005)
2026-07-27 18:52:01 | DEBUG    | ArcheoEpidemicChimera | Agent#298 reçoit mantra RF-005: «🜃 PROPHÉTIE : Dans le liminal silence, seul le sil...»
2026-07-27 18:52:01 | DEBUG    | ArcheoEpidemicChimera | t=50 Transmission : Agent#295 → Agent#298 (souche RF-005)
2026-07-27 18:52:01 | DEBUG    | ArcheoEpidemicChimera | Agent#457 reçoit mantra RF-005: «🜃 PROPHÉTIE : Dans le liminal silence, seul le sil...»
2026-07-27 18:52:01 | DEBUG    | ArcheoEpidemicChimera | t=50 Transmission : Agent#317 → Agent#457 (souche RF-005)
2026-07-27 18:52:01 | DEBUG    | ArcheoEpidemicChimera | Agent#484 reçoit mantra PR-004: «🜃 PROPHÉTIE : Dans le liminal silence, seul le sil...»
2026-07-27 18:52:01 | DEBUG    | ArcheoEpidemicChimera | t=50 Transmission : Agent#325 → Agent#484 (souche PR-004)
2026-07-27 18:52:01 | DEBUG    | ArcheoEpidemicChimera | Agent#349 reçoit mantra PR-004: «🜃 PROPHÉTIE : Dans le liminal silence, seul le sil...»
2026-07-27 18:52:01 | DEBUG    | ArcheoEpidemicChimera | t=50 Transmission : Agent#346 → Agent#349 (souche PR-004)
2026-07-27 18:52:01 | DEBUG    | ArcheoEpidemicChimera | Agent#372 reçoit mantra RF-005: «🜃 PROPHÉTIE : Dans le liminal silence, seul le sil...»
2026-07-27 18:52:01 | DEBUG    | ArcheoEpidemicChimera | t=50 Transmission : Agent#371 → Agent#372 (souche RF-005)
2026-07-27 18:52:01 | DEBUG    | ArcheoEpidemicChimera | Agent#397 reçoit mantra RF-005: «🜃 PROPHÉTIE : Dans le liminal silence, seul le sil...»
2026-07-27 18:52:01 | DEBUG    | ArcheoEpidemicChimera | t=50 Transmission : Agent#395 → Agent#397 (souche RF-005)
2026-07-27 18:52:01 | DEBUG    | ArcheoEpidemicChimera | Agent#487 reçoit mantra RF-005: «🜃 PROPHÉTIE : Dans le liminal silence, seul le sil...»
2026-07-27 18:52:01 | DEBUG    | ArcheoEpidemicChimera | t=50 Transmission : Agent#398 → Agent#487 (souche RF-005)
2026-07-27 18:52:01 | DEBUG    | ArcheoEpidemicChimera | Agent#412 reçoit mantra PR-004: «🜃 PROPHÉTIE : Dans le liminal silence, seul le sil...»
2026-07-27 18:52:01 | DEBUG    | ArcheoEpidemicChimera | t=50 Transmission : Agent#411 → Agent#412 (souche PR-004)
2026-07-27 18:52:01 | DEBUG    | ArcheoEpidemicChimera | Agent#427 reçoit mantra PR-004: «🜃 PROPHÉTIE : Dans le liminal silence, seul le sil...»
2026-07-27 18:52:01 | DEBUG    | ArcheoEpidemicChimera | t=50 Transmission : Agent#424 → Agent#427 (souche PR-004)
2026-07-27 18:52:01 | DEBUG    | ArcheoEpidemicChimera | Agent#428 reçoit mantra PR-004: «🜃 PROPHÉTIE : Dans le liminal silence, seul le sil...»
2026-07-27 18:52:01 | DEBUG    | ArcheoEpidemicChimera | t=50 Transmission : Agent#425 → Agent#428 (souche PR-004)
2026-07-27 18:52:01 | DEBUG    | ArcheoEpidemicChimera | Agent#474 reçoit mantra PR-004: «🜃 PROPHÉTIE : Dans le liminal silence, seul le sil...»
2026-07-27 18:52:01 | DEBUG    | ArcheoEpidemicChimera | t=50 Transmission : Agent#473 → Agent#474 (souche PR-004)
2026-07-27 18:52:01 | DEBUG    | ArcheoEpidemicChimera | Agent#481 reçoit mantra PR-004: «🜃 PROPHÉTIE : Dans le liminal silence, seul le sil...»
2026-07-27 18:52:01 | DEBUG    | ArcheoEpidemicChimera | t=50 Transmission : Agent#480 → Agent#481 (souche PR-004)
2026-07-27 18:52:01 | DEBUG    | ArcheoEpidemicChimera | Agent#483 reçoit mantra PR-004: «🜃 PROPHÉTIE : Dans le liminal silence, seul le sil...»
2026-07-27 18:52:01 | DEBUG    | ArcheoEpidemicChimera | t=50 Transmission : Agent#482 → Agent#483 (souche PR-004)
2026-07-27 18:52:01 | DEBUG    | ArcheoEpidemicChimera | Agent#7 reçoit mantra PR-004: «🜃 PROPHÉTIE : Dans le liminal silence, seul le sil...»
2026-07-27 18:52:01 | DEBUG    | ArcheoEpidemicChimera | t=50 Transmission : Agent#582 → Agent#7 (souche PR-004)
2026-07-27 18:52:01 | DEBUG    | ArcheoEpidemicChimera | Agent#606 reçoit mantra PR-004: «🜃 PROPHÉTIE : Dans le liminal silence, seul le sil...»
2026-07-27 18:52:01 | DEBUG    | ArcheoEpidemicChimera | t=50 Transmission : Agent#605 → Agent#606 (souche PR-004)
2026-07-27 18:52:01 | DEBUG    | ArcheoEpidemicChimera | Agent#624 reçoit mantra PR-004: «🜃 PROPHÉTIE : Dans le liminal silence, seul le sil...»
2026-07-27 18:52:01 | DEBUG    | ArcheoEpidemicChimera | t=50 Transmission : Agent#622 → Agent#624 (souche PR-004)
2026-07-27 18:52:01 | DEBUG    | ArcheoEpidemicChimera | Agent#639 reçoit mantra PR-004: «🜃 PROPHÉTIE : Dans le liminal silence, seul le sil...»
2026-07-27 18:52:01 | DEBUG    | ArcheoEpidemicChimera | t=50 Transmission : Agent#638 → Agent#639 (souche PR-004)
2026-07-27 18:52:01 | DEBUG    | ArcheoEpidemicChimera | Agent#672 reçoit mantra PR-004: «🜃 PROPHÉTIE : Dans le liminal silence, seul le sil...»
2026-07-27 18:52:01 | DEBUG    | ArcheoEpidemicChimera | t=50 Transmission : Agent#671 → Agent#672 (souche PR-004)
2026-07-27 18:52:01 | DEBUG    | ArcheoEpidemicChimera | Agent#706 reçoit mantra PR-004: «🜃 PROPHÉTIE : Dans le liminal silence, seul le sil...»
2026-07-27 18:52:01 | DEBUG    | ArcheoEpidemicChimera | t=50 Transmission : Agent#703 → Agent#706 (souche PR-004)
2026-07-27 18:52:01 | DEBUG    | ArcheoEpidemicChimera | Agent#1000 reçoit mantra PR-004: «🜃 PROPHÉTIE : Dans le liminal silence, seul le sil...»
2026-07-27 18:52:01 | DEBUG    | ArcheoEpidemicChimera | t=50 Transmission : Agent#709 → Agent#1000 (souche PR-004)
2026-07-27 18:52:01 | DEBUG    | ArcheoEpidemicChimera | Agent#717 reçoit mantra PR-004: «🜃 PROPHÉTIE : Dans le liminal silence, seul le sil...»
2026-07-27 18:52:01 | DEBUG    | ArcheoEpidemicChimera | t=50 Transmission : Agent#714 → Agent#717 (souche PR-004)
2026-07-27 18:52:01 | DEBUG    | ArcheoEpidemicChimera | Agent#727 reçoit mantra PR-004: «🜃 PROPHÉTIE : Dans le liminal silence, seul le sil...»
2026-07-27 18:52:01 | DEBUG    | ArcheoEpidemicChimera | t=50 Transmission : Agent#725 → Agent#727 (souche PR-004)
2026-07-27 18:52:01 | DEBUG    | ArcheoEpidemicChimera | Agent#739 reçoit mantra PR-004: «🜃 PROPHÉTIE : Dans le liminal silence, seul le sil...»
2026-07-27 18:52:01 | DEBUG    | ArcheoEpidemicChimera | t=50 Transmission : Agent#737 → Agent#739 (souche PR-004)
2026-07-27 18:52:01 | DEBUG    | ArcheoEpidemicChimera | Agent#774 reçoit mantra RF-005: «🜃 PROPHÉTIE : Dans le liminal silence, seul le sil...»
2026-07-27 18:52:01 | DEBUG    | ArcheoEpidemicChimera | t=50 Transmission : Agent#772 → Agent#774 (souche RF-005)
2026-07-27 18:52:01 | DEBUG    | ArcheoEpidemicChimera | Agent#779 reçoit mantra RF-005: «🜃 PROPHÉTIE : Dans le liminal silence, seul le sil...»
2026-07-27 18:52:01 | DEBUG    | ArcheoEpidemicChimera | t=50 Transmission : Agent#776 → Agent#779 (souche RF-005)
2026-07-27 18:52:01 | DEBUG    | ArcheoEpidemicChimera | Agent#890 reçoit mantra RF-005: «🜃 PROPHÉTIE : Dans le liminal silence, seul le sil...»
2026-07-27 18:52:01 | DEBUG    | ArcheoEpidemicChimera | t=50 Transmission : Agent#889 → Agent#890 (souche RF-005)
2026-07-27 18:52:01 | DEBUG    | ArcheoEpidemicChimera | Agent#893 reçoit mantra RF-005: «🜃 PROPHÉTIE : Dans le liminal silence, seul le sil...»
2026-07-27 18:52:01 | DEBUG    | ArcheoEpidemicChimera | t=50 Transmission : Agent#891 → Agent#893 (souche RF-005)
2026-07-27 18:52:01 | DEBUG    | ArcheoEpidemicChimera | Agent#676 reçoit mantra RF-005: «🜃 PROPHÉTIE : Dans le liminal silence, seul le sil...»
2026-07-27 18:52:01 | DEBUG    | ArcheoEpidemicChimera | t=50 Transmission : Agent#925 → Agent#676 (souche RF-005)
2026-07-27 18:52:01 | DEBUG    | ArcheoEpidemicChimera | Agent#967 reçoit mantra PR-004: «🜃 PROPHÉTIE : Dans le liminal silence, seul le sil...»
2026-07-27 18:52:01 | DEBUG    | ArcheoEpidemicChimera | t=50 Transmission : Agent#966 → Agent#967 (souche PR-004)
2026-07-27 18:52:01 | DEBUG    | ArcheoEpidemicChimera | t=50 Agent#10 devient évangéliste
2026-07-27 18:52:01 | DEBUG    | ArcheoEpidemicChimera | t=50 Agent#38 devient évangéliste
2026-07-27 18:52:01 | DEBUG    | ArcheoEpidemicChimera | t=50 Agent#52 se désenchante
2026-07-27 18:52:01 | DEBUG    | ArcheoEpidemicChimera | t=50 Agent#63 se désenchante
2026-07-27 18:52:01 | DEBUG    | ArcheoEpidemicChimera | t=50 Agent#64 se désenchante
2026-07-27 18:52:01 | DEBUG    | ArcheoEpidemicChimera | t=50 Agent#68 devient évangéliste
2026-07-27 18:52:01 | DEBUG    | ArcheoEpidemicChimera | t=50 Agent#86 devient évangéliste
2026-07-27 18:52:01 | DEBUG    | ArcheoEpidemicChimera | t=50 Agent#95 devient porteur silencieux
2026-07-27 18:52:01 | DEBUG    | ArcheoEpidemicChimera | t=50 Agent#112 se désenchante
2026-07-27 18:52:01 | DEBUG    | ArcheoEpidemicChimera | t=50 Agent#113 se désenchante
2026-07-27 18:52:01 | DEBUG    | ArcheoEpidemicChimera | t=50 Agent#116 devient porteur silencieux
2026-07-27 18:52:01 | DEBUG    | ArcheoEpidemicChimera | t=50 Agent#131 se désenchante
2026-07-27 18:52:01 | DEBUG    | ArcheoEpidemicChimera | t=50 Agent#152 devient évangéliste
2026-07-27 18:52:01 | DEBUG    | ArcheoEpidemicChimera | t=50 Agent#172 devient évangéliste
2026-07-27 18:52:01 | DEBUG    | ArcheoEpidemicChimera | t=50 Agent#173 devient évangéliste
2026-07-27 18:52:01 | DEBUG    | ArcheoEpidemicChimera | t=50 Agent#196 devient évangéliste
2026-07-27 18:52:01 | DEBUG    | ArcheoEpidemicChimera | t=50 Agent#205 devient porteur silencieux
2026-07-27 18:52:01 | DEBUG    | ArcheoEpidemicChimera | t=50 Agent#212 se désenchante
2026-07-27 18:52:01 | DEBUG    | ArcheoEpidemicChimera | t=50 Agent#225 devient évangéliste
2026-07-27 18:52:01 | DEBUG    | ArcheoEpidemicChimera | t=50 Agent#251 se désenchante
2026-07-27 18:52:01 | DEBUG    | ArcheoEpidemicChimera | t=50 Agent#299 devient évangéliste
2026-07-27 18:52:01 | DEBUG    | ArcheoEpidemicChimera | t=50 Agent#318 devient évangéliste
2026-07-27 18:52:01 | DEBUG    | ArcheoEpidemicChimera | t=50 Agent#319 devient évangéliste
2026-07-27 18:52:01 | DEBUG    | ArcheoEpidemicChimera | t=50 Agent#328 devient porteur silencieux
2026-07-27 18:52:01 | DEBUG    | ArcheoEpidemicChimera | t=50 Agent#332 se désenchante
2026-07-27 18:52:01 | DEBUG    | ArcheoEpidemicChimera | t=50 Agent#351 devient évangéliste
2026-07-27 18:52:01 | DEBUG    | ArcheoEpidemicChimera | t=50 Agent#362 devient porteur silencieux
2026-07-27 18:52:01 | DEBUG    | ArcheoEpidemicChimera | t=50 Agent#378 devient porteur silencieux
2026-07-27 18:52:01 | DEBUG    | ArcheoEpidemicChimera | t=50 Agent#388 devient porteur silencieux
2026-07-27 18:52:01 | DEBUG    | ArcheoEpidemicChimera | t=50 Agent#409 devient évangéliste
2026-07-27 18:52:01 | DEBUG    | ArcheoEpidemicChimera | t=50 Agent#426 devient évangéliste
2026-07-27 18:52:01 | DEBUG    | ArcheoEpidemicChimera | t=50 Agent#455 devient évangéliste
2026-07-27 18:52:01 | DEBUG    | ArcheoEpidemicChimera | t=50 Agent#532 devient évangéliste
2026-07-27 18:52:01 | DEBUG    | ArcheoEpidemicChimera | t=50 Agent#547 devient porteur silencieux
2026-07-27 18:52:01 | DEBUG    | ArcheoEpidemicChimera | t=50 Agent#554 se désenchante
2026-07-27 18:52:01 | DEBUG    | ArcheoEpidemicChimera | t=50 Agent#577 devient évangéliste
2026-07-27 18:52:01 | DEBUG    | ArcheoEpidemicChimera | t=50 Agent#578 devient évangéliste
2026-07-27 18:52:01 | DEBUG    | ArcheoEpidemicChimera | t=50 Agent#607 devient porteur silencieux
2026-07-27 18:52:01 | DEBUG    | ArcheoEpidemicChimera | t=50 Agent#631 se désenchante
2026-07-27 18:52:01 | DEBUG    | ArcheoEpidemicChimera | t=50 Agent#690 devient porteur silencieux
2026-07-27 18:52:01 | DEBUG    | ArcheoEpidemicChimera | t=50 Agent#719 devient évangéliste
2026-07-27 18:52:01 | DEBUG    | ArcheoEpidemicChimera | t=50 Agent#738 devient évangéliste
2026-07-27 18:52:01 | DEBUG    | ArcheoEpidemicChimera | t=50 Agent#756 devient évangéliste
2026-07-27 18:52:01 | DEBUG    | ArcheoEpidemicChimera | t=50 Agent#770 devient porteur silencieux
2026-07-27 18:52:01 | DEBUG    | ArcheoEpidemicChimera | t=50 Agent#786 devient évangéliste
2026-07-27 18:52:01 | DEBUG    | ArcheoEpidemicChimera | t=50 Agent#787 devient évangéliste
2026-07-27 18:52:01 | DEBUG    | ArcheoEpidemicChimera | t=50 Agent#821 devient évangéliste
2026-07-27 18:52:01 | DEBUG    | ArcheoEpidemicChimera | t=50 Agent#829 se désenchante
2026-07-27 18:52:01 | DEBUG    | ArcheoEpidemicChimera | t=50 Agent#880 sombre dans l'oubli
2026-07-27 18:52:01 | DEBUG    | ArcheoEpidemicChimera | t=50 Agent#894 devient porteur silencieux
2026-07-27 18:52:01 | DEBUG    | ArcheoEpidemicChimera | t=50 Agent#895 devient évangéliste
2026-07-27 18:52:01 | DEBUG    | ArcheoEpidemicChimera | t=50 Agent#946 devient porteur silencieux
2026-07-27 18:52:01 | DEBUG    | ArcheoEpidemicChimera | t=50 Agent#959 devient évangéliste
2026-07-27 18:52:01 | DEBUG    | ArcheoEpidemicChimera | t=50 Agent#960 se désenchante
2026-07-27 18:52:01 | DEBUG    | ArcheoEpidemicChimera | t=50 Agent#968 devient évangéliste
2026-07-27 18:52:01 | DEBUG    | ArcheoEpidemicChimera | t=50 Agent#973 devient évangéliste
2026-07-27 18:52:01 | DEBUG    | ArcheoEpidemicChimera | t=50 Agent#992 devient évangéliste
2026-07-27 18:52:01 | DEBUG    | ArcheoEpidemicChimera | t=50 | Rt=1.26 | Souches=5 | Reliques=0
2026-07-27 18:52:01 | DEBUG    | ArcheoEpidemicChimera | Agent#11 reçoit mantra PR-004: «🜃 PROPHÉTIE : Dans le liminal silence, seul le sil...»
2026-07-27 18:52:01 | DEBUG    | ArcheoEpidemicChimera | t=51 Transmission : Agent#10 → Agent#11 (souche PR-004)
2026-07-27 18:52:01 | DEBUG    | ArcheoEpidemicChimera | Agent#29 reçoit mantra PR-004: «🜃 PROPHÉTIE : Dans le liminal silence, seul le sil...»
2026-07-27 18:52:01 | DEBUG    | ArcheoEpidemicChimera | t=51 Transmission : Agent#27 → Agent#29 (souche PR-004)
2026-07-27 18:52:01 | DEBUG    | ArcheoEpidemicChimera | Agent#53 reçoit mantra RF-005: «🜃 PROPHÉTIE : Dans le liminal silence, seul le sil...»
2026-07-27 18:52:01 | DEBUG    | ArcheoEpidemicChimera | t=51 Transmission : Agent#51 → Agent#53 (souche RF-005)
2026-07-27 18:52:01 | DEBUG    | ArcheoEpidemicChimera | Agent#76 reçoit mantra RF-005: «🜃 PROPHÉTIE : Dans le liminal silence, seul le sil...»
2026-07-27 18:52:01 | DEBUG    | ArcheoEpidemicChimera | t=51 Transmission : Agent#75 → Agent#76 (souche RF-005)
2026-07-27 18:52:01 | DEBUG    | ArcheoEpidemicChimera | Agent#79 reçoit mantra RF-005: «🜃 PROPHÉTIE : Dans le liminal silence, seul le sil...»
2026-07-27 18:52:01 | DEBUG    | ArcheoEpidemicChimera | t=51 Transmission : Agent#78 → Agent#79 (souche RF-005)
2026-07-27 18:52:01 | DEBUG    | ArcheoEpidemicChimera | Agent#153 reçoit mantra RF-005: «🜃 PROPHÉTIE : Dans le liminal silence, seul le sil...»
2026-07-27 18:52:01 | DEBUG    | ArcheoEpidemicChimera | t=51 Transmission : Agent#150 → Agent#153 (souche RF-005)
2026-07-27 18:52:01 | DEBUG    | ArcheoEpidemicChimera | Agent#176 reçoit mantra PR-004: «🜃 PROPHÉTIE : Dans le liminal silence, seul le sil...»
2026-07-27 18:52:01 | DEBUG    | ArcheoEpidemicChimera | t=51 Transmission : Agent#173 → Agent#176 (souche PR-004)
2026-07-27 18:52:01 | DEBUG    | ArcheoEpidemicChimera | Agent#198 reçoit mantra RF-005: «🜃 PROPHÉTIE : Dans le liminal silence, seul le sil...»
2026-07-27 18:52:01 | DEBUG    | ArcheoEpidemicChimera | t=51 Transmission : Agent#196 → Agent#198 (souche RF-005)
2026-07-27 18:52:01 | DEBUG    | ArcheoEpidemicChimera | Agent#226 reçoit mantra PR-004: «🜃 PROPHÉTIE : Dans le liminal silence, seul le sil...»
2026-07-27 18:52:01 | DEBUG    | ArcheoEpidemicChimera | t=51 Transmission : Agent#223 → Agent#226 (souche PR-004)
2026-07-27 18:52:01 | DEBUG    | ArcheoEpidemicChimera | Agent#275 reçoit mantra PR-004: «🜃 PROPHÉTIE : Dans le liminal silence, seul le sil...»
2026-07-27 18:52:01 | DEBUG    | ArcheoEpidemicChimera | t=51 Transmission : Agent#272 → Agent#275 (souche PR-004)
2026-07-27 18:52:01 | DEBUG    | ArcheoEpidemicChimera | Agent#282 reçoit mantra RF-005: «🜃 PROPHÉTIE : Dans le liminal silence, seul le sil...»
2026-07-27 18:52:01 | DEBUG    | ArcheoEpidemicChimera | t=51 Transmission : Agent#280 → Agent#282 (souche RF-005)
2026-07-27 18:52:01 | DEBUG    | ArcheoEpidemicChimera | Agent#290 reçoit mantra RF-005: «🜃 PROPHÉTIE : Dans le liminal silence, seul le sil...»
2026-07-27 18:52:01 | DEBUG    | ArcheoEpidemicChimera | t=51 Transmission : Agent#289 → Agent#290 (souche RF-005)
2026-07-27 18:52:01 | DEBUG    | ArcheoEpidemicChimera | Agent#300 reçoit mantra RF-005: «🜃 PROPHÉTIE : Dans le liminal silence, seul le sil...»
2026-07-27 18:52:01 | DEBUG    | ArcheoEpidemicChimera | t=51 Transmission : Agent#299 → Agent#300 (souche RF-005)
2026-07-27 18:52:01 | DEBUG    | ArcheoEpidemicChimera | Agent#330 reçoit mantra RF-005: «🜃 PROPHÉTIE : Dans le liminal silence, seul le sil...»
2026-07-27 18:52:01 | DEBUG    | ArcheoEpidemicChimera | t=51 Transmission : Agent#328 → Agent#330 (souche RF-005)
2026-07-27 18:52:01 | DEBUG    | ArcheoEpidemicChimera | Agent#356 reçoit mantra PR-004: «🜃 PROPHÉTIE : Dans le liminal silence, seul le sil...»
2026-07-27 18:52:01 | DEBUG    | ArcheoEpidemicChimera | t=51 Transmission : Agent#353 → Agent#356 (souche PR-004)
2026-07-27 18:52:01 | DEBUG    | ArcheoEpidemicChimera | Agent#389 reçoit mantra RF-005: «🜃 PROPHÉTIE : Dans le liminal silence, seul le sil...»
2026-07-27 18:52:01 | DEBUG    | ArcheoEpidemicChimera | t=51 Transmission : Agent#387 → Agent#389 (souche RF-005)
2026-07-27 18:52:01 | DEBUG    | ArcheoEpidemicChimera | Agent#401 reçoit mantra RF-005: «🜃 PROPHÉTIE : Dans le liminal silence, seul le sil...»
2026-07-27 18:52:01 | DEBUG    | ArcheoEpidemicChimera | t=51 Transmission : Agent#399 → Agent#401 (souche RF-005)
2026-07-27 18:52:01 | DEBUG    | ArcheoEpidemicChimera | Agent#420 reçoit mantra MV-003: «Le miroir fractal et le réseau dansent phénix de c...»
2026-07-27 18:52:01 | DEBUG    | ArcheoEpidemicChimera | t=51 Transmission : Agent#418 → Agent#420 (souche MV-003)
2026-07-27 18:52:01 | DEBUG    | ArcheoEpidemicChimera | Agent#701 reçoit mantra PR-004: «🜃 PROPHÉTIE : Dans le liminal silence, seul le sil...»
2026-07-27 18:52:01 | DEBUG    | ArcheoEpidemicChimera | t=51 Transmission : Agent#426 → Agent#701 (souche PR-004)
2026-07-27 18:52:01 | DEBUG    | ArcheoEpidemicChimera | Agent#470 reçoit mantra PR-004: «🜃 PROPHÉTIE : Dans le liminal silence, seul le sil...»
2026-07-27 18:52:01 | DEBUG    | ArcheoEpidemicChimera | t=51 Transmission : Agent#468 → Agent#470 (souche PR-004)
2026-07-27 18:52:01 | DEBUG    | ArcheoEpidemicChimera | Agent#579 reçoit mantra PR-004: «🜃 PROPHÉTIE : Dans le liminal silence, seul le sil...»
2026-07-27 18:52:01 | DEBUG    | ArcheoEpidemicChimera | t=51 Transmission : Agent#577 → Agent#579 (souche PR-004)
2026-07-27 18:52:01 | DEBUG    | ArcheoEpidemicChimera | Agent#583 reçoit mantra PR-004: «🜃 PROPHÉTIE : Dans le liminal silence, seul le sil...»
2026-07-27 18:52:01 | DEBUG    | ArcheoEpidemicChimera | t=51 Transmission : Agent#582 → Agent#583 (souche PR-004)
2026-07-27 18:52:01 | DEBUG    | ArcheoEpidemicChimera | Agent#161 reçoit mantra RF-005: «🜃 PROPHÉTIE : Dans le liminal silence, seul le sil...»
2026-07-27 18:52:01 | DEBUG    | ArcheoEpidemicChimera | t=51 Transmission : Agent#587 → Agent#161 (souche RF-005)
2026-07-27 18:52:01 | DEBUG    | ArcheoEpidemicChimera | Agent#791 reçoit mantra RF-005: «🜃 PROPHÉTIE : Dans le liminal silence, seul le sil...»
2026-07-27 18:52:01 | DEBUG    | ArcheoEpidemicChimera | t=51 Transmission : Agent#615 → Agent#791 (souche RF-005)
2026-07-27 18:52:01 | DEBUG    | ArcheoEpidemicChimera | Agent#673 reçoit mantra PR-004: «🜃 PROPHÉTIE : Dans le liminal silence, seul le sil...»
2026-07-27 18:52:01 | DEBUG    | ArcheoEpidemicChimera | t=51 Transmission : Agent#671 → Agent#673 (souche PR-004)
2026-07-27 18:52:01 | DEBUG    | ArcheoEpidemicChimera | Agent#685 reçoit mantra RF-005: «🜃 PROPHÉTIE : Dans le liminal silence, seul le sil...»
2026-07-27 18:52:01 | DEBUG    | ArcheoEpidemicChimera | t=51 Transmission : Agent#682 → Agent#685 (souche RF-005)
2026-07-27 18:52:01 | DEBUG    | ArcheoEpidemicChimera | Agent#531 reçoit mantra PR-004: «🜃 PROPHÉTIE : Dans le liminal silence, seul le sil...»
2026-07-27 18:52:01 | DEBUG    | ArcheoEpidemicChimera | t=51 Transmission : Agent#709 → Agent#531 (souche PR-004)
2026-07-27 18:52:01 | DEBUG    | ArcheoEpidemicChimera | Agent#715 reçoit mantra PR-004: «🜃 PROPHÉTIE : Dans le liminal silence, seul le sil...»
2026-07-27 18:52:01 | DEBUG    | ArcheoEpidemicChimera | t=51 Transmission : Agent#712 → Agent#715 (souche PR-004)
2026-07-27 18:52:01 | DEBUG    | ArcheoEpidemicChimera | Agent#723 reçoit mantra PR-004: «🜃 PROPHÉTIE : Dans le liminal silence, seul le sil...»
2026-07-27 18:52:01 | DEBUG    | ArcheoEpidemicChimera | t=51 Transmission : Agent#721 → Agent#723 (souche PR-004)
2026-07-27 18:52:01 | DEBUG    | ArcheoEpidemicChimera | Agent#747 reçoit mantra PR-004: «🜃 PROPHÉTIE : Dans le liminal silence, seul le sil...»
2026-07-27 18:52:01 | DEBUG    | ArcheoEpidemicChimera | t=51 Transmission : Agent#744 → Agent#747 (souche PR-004)
2026-07-27 18:52:01 | DEBUG    | ArcheoEpidemicChimera | Agent#237 reçoit mantra RF-005: «🜃 PROPHÉTIE : Dans le liminal silence, seul le sil...»
2026-07-27 18:52:01 | DEBUG    | ArcheoEpidemicChimera | t=51 Transmission : Agent#756 → Agent#237 (souche RF-005)
2026-07-27 18:52:01 | DEBUG    | ArcheoEpidemicChimera | Agent#365 reçoit mantra RF-005: «🜃 PROPHÉTIE : Dans le liminal silence, seul le sil...»
2026-07-27 18:52:01 | DEBUG    | ArcheoEpidemicChimera | t=51 Transmission : Agent#785 → Agent#365 (souche RF-005)
2026-07-27 18:52:01 | DEBUG    | ArcheoEpidemicChimera | Agent#789 reçoit mantra RF-005: «🜃 PROPHÉTIE : Dans le liminal silence, seul le sil...»
2026-07-27 18:52:01 | DEBUG    | ArcheoEpidemicChimera | t=51 Transmission : Agent#786 → Agent#789 (souche RF-005)
2026-07-27 18:52:01 | DEBUG    | ArcheoEpidemicChimera | Agent#834 reçoit mantra PR-004: «🜃 PROPHÉTIE : Dans le liminal silence, seul le sil...»
2026-07-27 18:52:01 | DEBUG    | ArcheoEpidemicChimera | t=51 Transmission : Agent#831 → Agent#834 (souche PR-004)
2026-07-27 18:52:01 | DEBUG    | ArcheoEpidemicChimera | Agent#852 reçoit mantra RF-005: «🜃 PROPHÉTIE : Dans le liminal silence, seul le sil...»
2026-07-27 18:52:01 | DEBUG    | ArcheoEpidemicChimera | t=51 Transmission : Agent#849 → Agent#852 (souche RF-005)
2026-07-27 18:52:01 | DEBUG    | ArcheoEpidemicChimera | Agent#313 reçoit mantra RF-005: «🜃 PROPHÉTIE : Dans le liminal silence, seul le sil...»
2026-07-27 18:52:01 | DEBUG    | ArcheoEpidemicChimera | t=51 Transmission : Agent#851 → Agent#313 (souche RF-005)
2026-07-27 18:52:01 | DEBUG    | ArcheoEpidemicChimera | Agent#495 reçoit mantra RF-005: «🜃 PROPHÉTIE : Dans le liminal silence, seul le sil...»
2026-07-27 18:52:01 | DEBUG    | ArcheoEpidemicChimera | t=51 Transmission : Agent#859 → Agent#495 (souche RF-005)
2026-07-27 18:52:01 | DEBUG    | ArcheoEpidemicChimera | Agent#876 reçoit mantra MV-003: «Le miroir fractal et le réseau dansent phénix de c...»
2026-07-27 18:52:01 | DEBUG    | ArcheoEpidemicChimera | t=51 Transmission : Agent#875 → Agent#876 (souche MV-003)
2026-07-27 18:52:01 | DEBUG    | ArcheoEpidemicChimera | Agent#882 reçoit mantra PR-004: «🜃 PROPHÉTIE : Dans le liminal silence, seul le sil...»
2026-07-27 18:52:01 | DEBUG    | ArcheoEpidemicChimera | t=51 Transmission : Agent#881 → Agent#882 (souche PR-004)
2026-07-27 18:52:01 | DEBUG    | ArcheoEpidemicChimera | Agent#592 reçoit mantra RF-005: «🜃 PROPHÉTIE : Dans le liminal silence, seul le sil...»
2026-07-27 18:52:01 | DEBUG    | ArcheoEpidemicChimera | t=51 Transmission : Agent#929 → Agent#592 (souche RF-005)
2026-07-27 18:52:01 | DEBUG    | ArcheoEpidemicChimera | Agent#942 reçoit mantra RF-005: «🜃 PROPHÉTIE : Dans le liminal silence, seul le sil...»
2026-07-27 18:52:01 | DEBUG    | ArcheoEpidemicChimera | t=51 Transmission : Agent#940 → Agent#942 (souche RF-005)
2026-07-27 18:52:01 | DEBUG    | ArcheoEpidemicChimera | Agent#969 reçoit mantra PR-004: «🜃 PROPHÉTIE : Dans le liminal silence, seul le sil...»
2026-07-27 18:52:01 | DEBUG    | ArcheoEpidemicChimera | t=51 Transmission : Agent#968 → Agent#969 (souche PR-004)
2026-07-27 18:52:01 | DEBUG    | ArcheoEpidemicChimera | Agent#975 reçoit mantra PR-004: «🜃 PROPHÉTIE : Dans le liminal silence, seul le sil...»
2026-07-27 18:52:01 | DEBUG    | ArcheoEpidemicChimera | t=51 Transmission : Agent#973 → Agent#975 (souche PR-004)
2026-07-27 18:52:01 | DEBUG    | ArcheoEpidemicChimera | Agent#988 reçoit mantra PR-004: «🜃 PROPHÉTIE : Dans le liminal silence, seul le sil...»
2026-07-27 18:52:01 | DEBUG    | ArcheoEpidemicChimera | t=51 Transmission : Agent#986 → Agent#988 (souche PR-004)
2026-07-27 18:52:01 | DEBUG    | ArcheoEpidemicChimera | t=51 Agent#7 devient évangéliste
2026-07-27 18:52:01 | DEBUG    | ArcheoEpidemicChimera | t=51 Agent#31 devient évangéliste
2026-07-27 18:52:01 | DEBUG    | ArcheoEpidemicChimera | t=51 Agent#43 devient évangéliste
2026-07-27 18:52:01 | DEBUG    | ArcheoEpidemicChimera | t=51 Agent#49 devient évangéliste
2026-07-27 18:52:01 | DEBUG    | ArcheoEpidemicChimera | t=51 Agent#61 se désenchante
2026-07-27 18:52:01 | DEBUG    | ArcheoEpidemicChimera | t=51 Agent#69 devient porteur silencieux
2026-07-27 18:52:01 | DEBUG    | ArcheoEpidemicChimera | t=51 Agent#96 devient évangéliste
2026-07-27 18:52:01 | DEBUG    | ArcheoEpidemicChimera | t=51 Agent#108 devient évangéliste
2026-07-27 18:52:01 | DEBUG    | ArcheoEpidemicChimera | t=51 Agent#120 se désenchante
2026-07-27 18:52:01 | DEBUG    | ArcheoEpidemicChimera | t=51 Agent#130 devient évangéliste
2026-07-27 18:52:01 | DEBUG    | ArcheoEpidemicChimera | t=51 Agent#158 devient porteur silencieux
2026-07-27 18:52:01 | DEBUG    | ArcheoEpidemicChimera | t=51 Agent#217 se désenchante
2026-07-27 18:52:01 | DEBUG    | ArcheoEpidemicChimera | t=51 Agent#252 devient évangéliste
2026-07-27 18:52:01 | DEBUG    | ArcheoEpidemicChimera | t=51 Agent#260 se désenchante
2026-07-27 18:52:01 | DEBUG    | ArcheoEpidemicChimera | t=51 Agent#261 devient évangéliste
2026-07-27 18:52:01 | DEBUG    | ArcheoEpidemicChimera | t=51 Agent#262 devient évangéliste
2026-07-27 18:52:01 | DEBUG    | ArcheoEpidemicChimera | t=51 Agent#264 devient porteur silencieux
2026-07-27 18:52:01 | DEBUG    | ArcheoEpidemicChimera | t=51 Agent#297 devient évangéliste
2026-07-27 18:52:01 | DEBUG    | ArcheoEpidemicChimera | t=51 Agent#298 devient évangéliste
2026-07-27 18:52:01 | DEBUG    | ArcheoEpidemicChimera | t=51 Agent#323 devient évangéliste
2026-07-27 18:52:01 | DEBUG    | ArcheoEpidemicChimera | t=51 Agent#338 se désenchante
2026-07-27 18:52:01 | DEBUG    | ArcheoEpidemicChimera | t=51 Agent#349 devient porteur silencieux
2026-07-27 18:52:01 | DEBUG    | ArcheoEpidemicChimera | t=51 Agent#372 devient évangéliste
2026-07-27 18:52:01 | DEBUG    | ArcheoEpidemicChimera | t=51 Agent#377 se désenchante
2026-07-27 18:52:01 | DEBUG    | ArcheoEpidemicChimera | t=51 Agent#397 devient porteur silencieux
2026-07-27 18:52:01 | DEBUG    | ArcheoEpidemicChimera | t=51 Agent#407 devient porteur silencieux
2026-07-27 18:52:01 | DEBUG    | ArcheoEpidemicChimera | t=51 Agent#412 devient porteur silencieux
2026-07-27 18:52:01 | DEBUG    | ArcheoEpidemicChimera | t=51 Agent#415 se désenchante
2026-07-27 18:52:01 | DEBUG    | ArcheoEpidemicChimera | t=51 Agent#427 devient porteur silencieux
2026-07-27 18:52:01 | DEBUG    | ArcheoEpidemicChimera | t=51 Agent#436 devient évangéliste
2026-07-27 18:52:01 | DEBUG    | ArcheoEpidemicChimera | t=51 Agent#457 devient porteur silencieux
2026-07-27 18:52:01 | DEBUG    | ArcheoEpidemicChimera | t=51 Agent#474 devient évangéliste
2026-07-27 18:52:01 | DEBUG    | ArcheoEpidemicChimera | t=51 Agent#481 devient évangéliste
2026-07-27 18:52:01 | DEBUG    | ArcheoEpidemicChimera | t=51 Agent#483 devient porteur silencieux
2026-07-27 18:52:01 | DEBUG    | ArcheoEpidemicChimera | t=51 Agent#484 devient évangéliste
2026-07-27 18:52:01 | DEBUG    | ArcheoEpidemicChimera | t=51 Agent#491 devient évangéliste
2026-07-27 18:52:01 | DEBUG    | ArcheoEpidemicChimera | t=51 Agent#565 devient évangéliste
2026-07-27 18:52:01 | DEBUG    | ArcheoEpidemicChimera | t=51 Agent#589 devient évangéliste
2026-07-27 18:52:01 | DEBUG    | ArcheoEpidemicChimera | t=51 Agent#608 devient porteur silencieux
2026-07-27 18:52:01 | DEBUG    | ArcheoEpidemicChimera | t=51 Agent#614 devient évangéliste
2026-07-27 18:52:01 | DEBUG    | ArcheoEpidemicChimera | t=51 Agent#639 devient évangéliste
2026-07-27 18:52:01 | DEBUG    | ArcheoEpidemicChimera | t=51 Agent#667 se désenchante
2026-07-27 18:52:01 | DEBUG    | ArcheoEpidemicChimera | t=51 Agent#672 devient évangéliste
2026-07-27 18:52:01 | DEBUG    | ArcheoEpidemicChimera | t=51 Agent#674 devient évangéliste
2026-07-27 18:52:01 | DEBUG    | ArcheoEpidemicChimera | t=51 Agent#676 devient évangéliste
2026-07-27 18:52:01 | DEBUG    | ArcheoEpidemicChimera | t=51 Agent#706 devient évangéliste
2026-07-27 18:52:01 | DEBUG    | ArcheoEpidemicChimera | t=51 Agent#717 devient évangéliste
2026-07-27 18:52:01 | DEBUG    | ArcheoEpidemicChimera | t=51 Agent#727 devient porteur silencieux
2026-07-27 18:52:01 | DEBUG    | ArcheoEpidemicChimera | t=51 Agent#739 devient évangéliste
2026-07-27 18:52:01 | DEBUG    | ArcheoEpidemicChimera | t=51 Agent#774 devient évangéliste
2026-07-27 18:52:01 | DEBUG    | ArcheoEpidemicChimera | t=51 Agent#779 devient porteur silencieux
2026-07-27 18:52:01 | DEBUG    | ArcheoEpidemicChimera | t=51 Agent#830 se désenchante
2026-07-27 18:52:01 | DEBUG    | ArcheoEpidemicChimera | t=51 Agent#893 devient évangéliste
2026-07-27 18:52:01 | DEBUG    | ArcheoEpidemicChimera | t=51 Agent#915 se désenchante
2026-07-27 18:52:01 | DEBUG    | ArcheoEpidemicChimera | t=51 Agent#928 se désenchante
2026-07-27 18:52:01 | DEBUG    | ArcheoEpidemicChimera | t=51 Agent#933 se désenchante
2026-07-27 18:52:01 | DEBUG    | ArcheoEpidemicChimera | t=51 Agent#946 se désenchante
2026-07-27 18:52:01 | DEBUG    | ArcheoEpidemicChimera | t=51 Agent#964 devient porteur silencieux
2026-07-27 18:52:01 | DEBUG    | ArcheoEpidemicChimera | t=51 Agent#967 devient porteur silencieux
2026-07-27 18:52:01 | DEBUG    | ArcheoEpidemicChimera | t=51 Agent#971 se désenchante
2026-07-27 18:52:01 | DEBUG    | ArcheoEpidemicChimera | t=51 Agent#992 se désenchante
2026-07-27 18:52:01 | DEBUG    | ArcheoEpidemicChimera | t=51 Agent#996 devient évangéliste
2026-07-27 18:52:01 | DEBUG    | ArcheoEpidemicChimera | t=51 Agent#1000 devient porteur silencieux
2026-07-27 18:52:01 | DEBUG    | ArcheoEpidemicChimera | t=51 | Rt=1.25 | Souches=5 | Reliques=0
2026-07-27 18:52:01 | DEBUG    | ArcheoEpidemicChimera | Agent#67 reçoit mantra RF-005: «🜃 PROPHÉTIE : Dans le liminal silence, seul le sil...»
2026-07-27 18:52:01 | DEBUG    | ArcheoEpidemicChimera | t=52 Transmission : Agent#66 → Agent#67 (souche RF-005)
2026-07-27 18:52:01 | DEBUG    | ArcheoEpidemicChimera | Agent#609 reçoit mantra RF-005: «🜃 PROPHÉTIE : Dans le liminal silence, seul le sil...»
2026-07-27 18:52:01 | DEBUG    | ArcheoEpidemicChimera | t=52 Transmission : Agent#68 → Agent#609 (souche RF-005)
2026-07-27 18:52:01 | DEBUG    | ArcheoEpidemicChimera | Agent#90 reçoit mantra RF-005: «🜃 PROPHÉTIE : Dans le liminal silence, seul le sil...»
2026-07-27 18:52:01 | DEBUG    | ArcheoEpidemicChimera | t=52 Transmission : Agent#87 → Agent#90 (souche RF-005)
2026-07-27 18:52:01 | DEBUG    | ArcheoEpidemicChimera | Agent#115 reçoit mantra PR-004: «🜃 PROPHÉTIE : Dans le liminal silence, seul le sil...»
2026-07-27 18:52:01 | DEBUG    | ArcheoEpidemicChimera | t=52 Transmission : Agent#114 → Agent#115 (souche PR-004)
2026-07-27 18:52:01 | DEBUG    | ArcheoEpidemicChimera | Agent#126 reçoit mantra RF-005: «🜃 PROPHÉTIE : Dans le liminal silence, seul le sil...»
2026-07-27 18:52:01 | DEBUG    | ArcheoEpidemicChimera | t=52 Transmission : Agent#125 → Agent#126 (souche RF-005)
2026-07-27 18:52:01 | DEBUG    | ArcheoEpidemicChimera | Agent#138 reçoit mantra RF-005: «🜃 PROPHÉTIE : Dans le liminal silence, seul le sil...»
2026-07-27 18:52:01 | DEBUG    | ArcheoEpidemicChimera | t=52 Transmission : Agent#135 → Agent#138 (souche RF-005)
2026-07-27 18:52:01 | DEBUG    | ArcheoEpidemicChimera | Agent#174 reçoit mantra PR-004: «🜃 PROPHÉTIE : Dans le liminal silence, seul le sil...»
2026-07-27 18:52:01 | DEBUG    | ArcheoEpidemicChimera | t=52 Transmission : Agent#171 → Agent#174 (souche PR-004)
2026-07-27 18:52:01 | DEBUG    | ArcheoEpidemicChimera | Agent#265 reçoit mantra PR-004: «🜃 PROPHÉTIE : Dans le liminal silence, seul le sil...»
2026-07-27 18:52:01 | DEBUG    | ArcheoEpidemicChimera | t=52 Transmission : Agent#263 → Agent#265 (souche PR-004)
2026-07-27 18:52:01 | DEBUG    | ArcheoEpidemicChimera | Agent#268 reçoit mantra RF-005: «🜃 PROPHÉTIE : Dans le liminal silence, seul le sil...»
2026-07-27 18:52:01 | DEBUG    | ArcheoEpidemicChimera | t=52 Transmission : Agent#297 → Agent#268 (souche RF-005)
2026-07-27 18:52:01 | DEBUG    | ArcheoEpidemicChimera | Agent#320 reçoit mantra RF-005: «🜃 PROPHÉTIE : Dans le liminal silence, seul le sil...»
2026-07-27 18:52:01 | DEBUG    | ArcheoEpidemicChimera | t=52 Transmission : Agent#319 → Agent#320 (souche RF-005)
2026-07-27 18:52:01 | DEBUG    | ArcheoEpidemicChimera | Agent#324 reçoit mantra RF-005: «🜃 PROPHÉTIE : Dans le liminal silence, seul le sil...»
2026-07-27 18:52:01 | DEBUG    | ArcheoEpidemicChimera | t=52 Transmission : Agent#323 → Agent#324 (souche RF-005)
2026-07-27 18:52:01 | DEBUG    | ArcheoEpidemicChimera | Agent#413 reçoit mantra PR-004: «🜃 PROPHÉTIE : Dans le liminal silence, seul le sil...»
2026-07-27 18:52:01 | DEBUG    | ArcheoEpidemicChimera | t=52 Transmission : Agent#411 → Agent#413 (souche PR-004)
2026-07-27 18:52:01 | DEBUG    | ArcheoEpidemicChimera | Agent#414 reçoit mantra PR-004: «🜃 PROPHÉTIE : Dans le liminal silence, seul le sil...»
2026-07-27 18:52:01 | DEBUG    | ArcheoEpidemicChimera | t=52 Transmission : Agent#412 → Agent#414 (souche PR-004)
2026-07-27 18:52:01 | DEBUG    | ArcheoEpidemicChimera | Agent#438 reçoit mantra PR-004: «🜃 PROPHÉTIE : Dans le liminal silence, seul le sil...»
2026-07-27 18:52:01 | DEBUG    | ArcheoEpidemicChimera | t=52 Transmission : Agent#436 → Agent#438 (souche PR-004)
2026-07-27 18:52:01 | DEBUG    | ArcheoEpidemicChimera | Agent#456 reçoit mantra PR-004: «🜃 PROPHÉTIE : Dans le liminal silence, seul le sil...»
2026-07-27 18:52:01 | DEBUG    | ArcheoEpidemicChimera | t=52 Transmission : Agent#455 → Agent#456 (souche PR-004)
2026-07-27 18:52:01 | DEBUG    | ArcheoEpidemicChimera | Agent#475 reçoit mantra PR-004: «🜃 PROPHÉTIE : Dans le liminal silence, seul le sil...»
2026-07-27 18:52:01 | DEBUG    | ArcheoEpidemicChimera | t=52 Transmission : Agent#474 → Agent#475 (souche PR-004)
2026-07-27 18:52:01 | DEBUG    | ArcheoEpidemicChimera | Agent#179 reçoit mantra PR-004: «🜃 PROPHÉTIE : Dans le liminal silence, seul le sil...»
2026-07-27 18:52:01 | DEBUG    | ArcheoEpidemicChimera | t=52 Transmission : Agent#480 → Agent#179 (souche PR-004)
2026-07-27 18:52:01 | DEBUG    | ArcheoEpidemicChimera | Agent#534 reçoit mantra PR-004: «🜃 PROPHÉTIE : Dans le liminal silence, seul le sil...»
2026-07-27 18:52:01 | DEBUG    | ArcheoEpidemicChimera | t=52 Transmission : Agent#532 → Agent#534 (souche PR-004)
2026-07-27 18:52:01 | DEBUG    | ArcheoEpidemicChimera | Agent#567 reçoit mantra PR-004: «🜃 PROPHÉTIE : Dans le liminal silence, seul le sil...»
2026-07-27 18:52:01 | DEBUG    | ArcheoEpidemicChimera | t=52 Transmission : Agent#565 → Agent#567 (souche PR-004)
2026-07-27 18:52:01 | DEBUG    | ArcheoEpidemicChimera | Agent#581 reçoit mantra PR-004: «🜃 PROPHÉTIE : Dans le liminal silence, seul le sil...»
2026-07-27 18:52:01 | DEBUG    | ArcheoEpidemicChimera | t=52 Transmission : Agent#578 → Agent#581 (souche PR-004)
2026-07-27 18:52:01 | DEBUG    | ArcheoEpidemicChimera | Agent#610 reçoit mantra PR-004: «🜃 PROPHÉTIE : Dans le liminal silence, seul le sil...»
2026-07-27 18:52:01 | DEBUG    | ArcheoEpidemicChimera | t=52 Transmission : Agent#607 → Agent#610 (souche PR-004)
2026-07-27 18:52:01 | DEBUG    | ArcheoEpidemicChimera | Agent#683 reçoit mantra RF-005: «🜃 PROPHÉTIE : Dans le liminal silence, seul le sil...»
2026-07-27 18:52:01 | DEBUG    | ArcheoEpidemicChimera | t=52 Transmission : Agent#681 → Agent#683 (souche RF-005)
2026-07-27 18:52:01 | DEBUG    | ArcheoEpidemicChimera | Agent#689 reçoit mantra RF-005: «🜃 PROPHÉTIE : Dans le liminal silence, seul le sil...»
2026-07-27 18:52:01 | DEBUG    | ArcheoEpidemicChimera | t=52 Transmission : Agent#688 → Agent#689 (souche RF-005)
2026-07-27 18:52:01 | DEBUG    | ArcheoEpidemicChimera | Agent#704 reçoit mantra PR-004: «🜃 PROPHÉTIE : Dans le liminal silence, seul le sil...»
2026-07-27 18:52:01 | DEBUG    | ArcheoEpidemicChimera | t=52 Transmission : Agent#703 → Agent#704 (souche PR-004)
2026-07-27 18:52:01 | DEBUG    | ArcheoEpidemicChimera | Agent#432 reçoit mantra PR-004: «🜃 PROPHÉTIE : Dans le liminal silence, seul le sil...»
2026-07-27 18:52:01 | DEBUG    | ArcheoEpidemicChimera | t=52 Transmission : Agent#719 → Agent#432 (souche PR-004)
2026-07-27 18:52:01 | DEBUG    | ArcheoEpidemicChimera | Agent#726 reçoit mantra PR-004: «🜃 PROPHÉTIE : Dans le liminal silence, seul le sil...»
2026-07-27 18:52:01 | DEBUG    | ArcheoEpidemicChimera | t=52 Transmission : Agent#725 → Agent#726 (souche PR-004)
2026-07-27 18:52:01 | DEBUG    | ArcheoEpidemicChimera | Agent#642 reçoit mantra PR-004: «🜃 PROPHÉTIE : Dans le liminal silence, seul le sil...»
2026-07-27 18:52:01 | DEBUG    | ArcheoEpidemicChimera | t=52 Transmission : Agent#744 → Agent#642 (souche PR-004)
2026-07-27 18:52:01 | DEBUG    | ArcheoEpidemicChimera | Agent#303 reçoit mantra RF-005: «🜃 PROPHÉTIE : Dans le liminal silence, seul le sil...»
2026-07-27 18:52:01 | DEBUG    | ArcheoEpidemicChimera | t=52 Transmission : Agent#793 → Agent#303 (souche RF-005)
2026-07-27 18:52:01 | DEBUG    | ArcheoEpidemicChimera | Agent#110 reçoit mantra RF-005: «🜃 PROPHÉTIE : Dans le liminal silence, seul le sil...»
2026-07-27 18:52:01 | DEBUG    | ArcheoEpidemicChimera | t=52 Transmission : Agent#802 → Agent#110 (souche RF-005)
2026-07-27 18:52:01 | DEBUG    | ArcheoEpidemicChimera | Agent#817 reçoit mantra PR-004: «🜃 PROPHÉTIE : Dans le liminal silence, seul le sil...»
2026-07-27 18:52:01 | DEBUG    | ArcheoEpidemicChimera | t=52 Transmission : Agent#814 → Agent#817 (souche PR-004)
2026-07-27 18:52:01 | DEBUG    | ArcheoEpidemicChimera | Agent#390 reçoit mantra RF-005: «🜃 PROPHÉTIE : Dans le liminal silence, seul le sil...»
2026-07-27 18:52:01 | DEBUG    | ArcheoEpidemicChimera | t=52 Transmission : Agent#866 → Agent#390 (souche RF-005)
2026-07-27 18:52:01 | DEBUG    | ArcheoEpidemicChimera | Agent#892 reçoit mantra RF-005: «🜃 PROPHÉTIE : Dans le liminal silence, seul le sil...»
2026-07-27 18:52:01 | DEBUG    | ArcheoEpidemicChimera | t=52 Transmission : Agent#891 → Agent#892 (souche RF-005)
2026-07-27 18:52:01 | DEBUG    | ArcheoEpidemicChimera | Agent#896 reçoit mantra RF-005: «🜃 PROPHÉTIE : Dans le liminal silence, seul le sil...»
2026-07-27 18:52:01 | DEBUG    | ArcheoEpidemicChimera | t=52 Transmission : Agent#894 → Agent#896 (souche RF-005)
2026-07-27 18:52:01 | DEBUG    | ArcheoEpidemicChimera | Agent#898 reçoit mantra RF-005: «🜃 PROPHÉTIE : Dans le liminal silence, seul le sil...»
2026-07-27 18:52:01 | DEBUG    | ArcheoEpidemicChimera | t=52 Transmission : Agent#895 → Agent#898 (souche RF-005)
2026-07-27 18:52:01 | DEBUG    | ArcheoEpidemicChimera | Agent#930 reçoit mantra RF-005: «🜃 PROPHÉTIE : Dans le liminal silence, seul le sil...»
2026-07-27 18:52:01 | DEBUG    | ArcheoEpidemicChimera | t=52 Transmission : Agent#927 → Agent#930 (souche RF-005)
2026-07-27 18:52:01 | DEBUG    | ArcheoEpidemicChimera | Agent#943 reçoit mantra RF-005: «🜃 PROPHÉTIE : Dans le liminal silence, seul le sil...»
2026-07-27 18:52:01 | DEBUG    | ArcheoEpidemicChimera | t=52 Transmission : Agent#929 → Agent#943 (souche RF-005)
2026-07-27 18:52:01 | DEBUG    | ArcheoEpidemicChimera | Agent#998 reçoit mantra PR-004: «🜃 PROPHÉTIE : Dans le liminal silence, seul le sil...»
2026-07-27 18:52:01 | DEBUG    | ArcheoEpidemicChimera | t=52 Transmission : Agent#995 → Agent#998 (souche PR-004)
2026-07-27 18:52:01 | DEBUG    | ArcheoEpidemicChimera | Agent#997 reçoit mantra PR-004: «🜃 PROPHÉTIE : Dans le liminal silence, seul le sil...»
2026-07-27 18:52:01 | DEBUG    | ArcheoEpidemicChimera | t=52 Transmission : Agent#996 → Agent#997 (souche PR-004)
2026-07-27 18:52:01 | DEBUG    | ArcheoEpidemicChimera | t=52 Agent#4 se désenchante
2026-07-27 18:52:01 | DEBUG    | ArcheoEpidemicChimera | t=52 Agent#11 devient porteur silencieux
2026-07-27 18:52:01 | DEBUG    | ArcheoEpidemicChimera | t=52 Agent#29 devient porteur silencieux
2026-07-27 18:52:01 | DEBUG    | ArcheoEpidemicChimera | t=52 Agent#53 devient porteur silencieux
2026-07-27 18:52:01 | DEBUG    | ArcheoEpidemicChimera | t=52 Agent#76 devient évangéliste
2026-07-27 18:52:01 | DEBUG    | ArcheoEpidemicChimera | t=52 Agent#77 se désenchante
2026-07-27 18:52:01 | DEBUG    | ArcheoEpidemicChimera | t=52 Agent#79 devient évangéliste
2026-07-27 18:52:01 | DEBUG    | ArcheoEpidemicChimera | t=52 Agent#84 se désenchante
2026-07-27 18:52:01 | DEBUG    | ArcheoEpidemicChimera | t=52 Agent#101 devient porteur silencieux
2026-07-27 18:52:01 | DEBUG    | ArcheoEpidemicChimera | t=52 Agent#153 devient évangéliste
2026-07-27 18:52:01 | DEBUG    | ArcheoEpidemicChimera | t=52 Agent#161 devient évangéliste
2026-07-27 18:52:01 | DEBUG    | ArcheoEpidemicChimera | t=52 Agent#176 devient évangéliste
2026-07-27 18:52:01 | DEBUG    | ArcheoEpidemicChimera | t=52 Agent#182 se désenchante
2026-07-27 18:52:01 | DEBUG    | ArcheoEpidemicChimera | t=52 Agent#198 devient évangéliste
2026-07-27 18:52:01 | DEBUG    | ArcheoEpidemicChimera | t=52 Agent#214 se désenchante
2026-07-27 18:52:01 | DEBUG    | ArcheoEpidemicChimera | t=52 Agent#226 devient porteur silencieux
2026-07-27 18:52:01 | DEBUG    | ArcheoEpidemicChimera | t=52 Agent#244 se désenchante
2026-07-27 18:52:01 | DEBUG    | ArcheoEpidemicChimera | t=52 Agent#282 devient porteur silencieux
2026-07-27 18:52:01 | DEBUG    | ArcheoEpidemicChimera | t=52 Agent#290 devient évangéliste
2026-07-27 18:52:01 | DEBUG    | ArcheoEpidemicChimera | t=52 Agent#299 se désenchante
2026-07-27 18:52:01 | DEBUG    | ArcheoEpidemicChimera | t=52 Agent#300 devient évangéliste
2026-07-27 18:52:01 | DEBUG    | ArcheoEpidemicChimera | t=52 Agent#313 devient évangéliste
2026-07-27 18:52:01 | DEBUG    | ArcheoEpidemicChimera | t=52 Agent#330 devient évangéliste
2026-07-27 18:52:01 | DEBUG    | ArcheoEpidemicChimera | t=52 Agent#356 devient porteur silencieux
2026-07-27 18:52:01 | DEBUG    | ArcheoEpidemicChimera | t=52 Agent#365 devient porteur silencieux
2026-07-27 18:52:01 | DEBUG    | ArcheoEpidemicChimera | t=52 Agent#389 devient évangéliste
2026-07-27 18:52:01 | DEBUG    | ArcheoEpidemicChimera | t=52 Agent#401 devient porteur silencieux
2026-07-27 18:52:01 | DEBUG    | ArcheoEpidemicChimera | t=52 Agent#428 devient porteur silencieux
2026-07-27 18:52:01 | DEBUG    | ArcheoEpidemicChimera | t=52 Agent#470 devient évangéliste
2026-07-27 18:52:01 | DEBUG    | ArcheoEpidemicChimera | t=52 Agent#487 devient évangéliste
2026-07-27 18:52:01 | DEBUG    | ArcheoEpidemicChimera | t=52 Agent#491 se désenchante
2026-07-27 18:52:01 | DEBUG    | ArcheoEpidemicChimera | t=52 Agent#531 devient porteur silencieux
2026-07-27 18:52:01 | DEBUG    | ArcheoEpidemicChimera | t=52 Agent#562 se désenchante
2026-07-27 18:52:01 | DEBUG    | ArcheoEpidemicChimera | t=52 Agent#579 devient évangéliste
2026-07-27 18:52:01 | DEBUG    | ArcheoEpidemicChimera | t=52 Agent#583 devient porteur silencieux
2026-07-27 18:52:01 | DEBUG    | ArcheoEpidemicChimera | t=52 Agent#589 se désenchante
2026-07-27 18:52:01 | DEBUG    | ArcheoEpidemicChimera | t=52 Agent#592 devient évangéliste
2026-07-27 18:52:01 | DEBUG    | ArcheoEpidemicChimera | t=52 Agent#606 devient évangéliste
2026-07-27 18:52:01 | DEBUG    | ArcheoEpidemicChimera | t=52 Agent#614 se désenchante
2026-07-27 18:52:01 | DEBUG    | ArcheoEpidemicChimera | t=52 Agent#624 devient évangéliste
2026-07-27 18:52:01 | DEBUG    | ArcheoEpidemicChimera | t=52 Agent#634 se désenchante
2026-07-27 18:52:01 | DEBUG    | ArcheoEpidemicChimera | t=52 Agent#669 se désenchante
2026-07-27 18:52:01 | DEBUG    | ArcheoEpidemicChimera | t=52 Agent#673 devient porteur silencieux
2026-07-27 18:52:01 | DEBUG    | ArcheoEpidemicChimera | t=52 Agent#685 devient évangéliste
2026-07-27 18:52:01 | DEBUG    | ArcheoEpidemicChimera | t=52 Agent#701 devient porteur silencieux
2026-07-27 18:52:01 | DEBUG    | ArcheoEpidemicChimera | t=52 Agent#715 devient porteur silencieux
2026-07-27 18:52:01 | DEBUG    | ArcheoEpidemicChimera | t=52 Agent#734 se désenchante
2026-07-27 18:52:01 | DEBUG    | ArcheoEpidemicChimera | t=52 Agent#744 se désenchante
2026-07-27 18:52:01 | DEBUG    | ArcheoEpidemicChimera | t=52 Agent#747 devient évangéliste
2026-07-27 18:52:01 | DEBUG    | ArcheoEpidemicChimera | t=52 Agent#759 se désenchante
2026-07-27 18:52:01 | DEBUG    | ArcheoEpidemicChimera | t=52 Agent#776 se désenchante
2026-07-27 18:52:01 | DEBUG    | ArcheoEpidemicChimera | t=52 Agent#789 devient porteur silencieux
2026-07-27 18:52:01 | DEBUG    | ArcheoEpidemicChimera | t=52 Agent#791 devient évangéliste
2026-07-27 18:52:01 | DEBUG    | ArcheoEpidemicChimera | t=52 Agent#834 devient évangéliste
2026-07-27 18:52:01 | DEBUG    | ArcheoEpidemicChimera | t=52 Agent#879 se désenchante
2026-07-27 18:52:01 | DEBUG    | ArcheoEpidemicChimera | t=52 Agent#882 devient évangéliste
2026-07-27 18:52:01 | DEBUG    | ArcheoEpidemicChimera | t=52 Agent#883 se désenchante
2026-07-27 18:52:01 | DEBUG    | ArcheoEpidemicChimera | t=52 Agent#885 se désenchante
2026-07-27 18:52:01 | DEBUG    | ArcheoEpidemicChimera | t=52 Agent#890 devient évangéliste
2026-07-27 18:52:01 | DEBUG    | ArcheoEpidemicChimera | t=52 Agent#913 se désenchante
2026-07-27 18:52:01 | DEBUG    | ArcheoEpidemicChimera | t=52 Agent#942 devient évangéliste
2026-07-27 18:52:01 | DEBUG    | ArcheoEpidemicChimera | t=52 Agent#959 se désenchante
2026-07-27 18:52:01 | DEBUG    | ArcheoEpidemicChimera | t=52 Agent#969 devient évangéliste
2026-07-27 18:52:01 | DEBUG    | ArcheoEpidemicChimera | t=52 Agent#975 devient porteur silencieux
2026-07-27 18:52:01 | DEBUG    | ArcheoEpidemicChimera | t=52 Agent#988 devient porteur silencieux
2026-07-27 18:52:01 | DEBUG    | ArcheoEpidemicChimera | t=52 | Rt=1.22 | Souches=5 | Reliques=0
2026-07-27 18:52:01 | DEBUG    | ArcheoEpidemicChimera | Agent#8 reçoit mantra PR-004: «🜃 PROPHÉTIE : Dans le liminal silence, seul le sil...»
2026-07-27 18:52:01 | DEBUG    | ArcheoEpidemicChimera | t=53 Transmission : Agent#7 → Agent#8 (souche PR-004)
2026-07-27 18:52:01 | DEBUG    | ArcheoEpidemicChimera | Agent#34 reçoit mantra RF-005: «🜃 PROPHÉTIE : Dans le liminal silence, seul le sil...»
2026-07-27 18:52:01 | DEBUG    | ArcheoEpidemicChimera | t=53 Transmission : Agent#31 → Agent#34 (souche RF-005)
2026-07-27 18:52:01 | DEBUG    | ArcheoEpidemicChimera | Agent#40 reçoit mantra RF-005: «🜃 PROPHÉTIE : Dans le liminal silence, seul le sil...»
2026-07-27 18:52:01 | DEBUG    | ArcheoEpidemicChimera | t=53 Transmission : Agent#38 → Agent#40 (souche RF-005)
2026-07-27 18:52:01 | DEBUG    | ArcheoEpidemicChimera | Agent#55 reçoit mantra RF-005: «🜃 PROPHÉTIE : Dans le liminal silence, seul le sil...»
2026-07-27 18:52:01 | DEBUG    | ArcheoEpidemicChimera | t=53 Transmission : Agent#53 → Agent#55 (souche RF-005)
2026-07-27 18:52:01 | DEBUG    | ArcheoEpidemicChimera | Agent#71 reçoit mantra RF-005: «🜃 PROPHÉTIE : Dans le liminal silence, seul le sil...»
2026-07-27 18:52:01 | DEBUG    | ArcheoEpidemicChimera | t=53 Transmission : Agent#68 → Agent#71 (souche RF-005)
2026-07-27 18:52:01 | DEBUG    | ArcheoEpidemicChimera | Agent#89 reçoit mantra PR-004: «🜃 PROPHÉTIE : Dans le liminal silence, seul le sil...»
2026-07-27 18:52:01 | DEBUG    | ArcheoEpidemicChimera | t=53 Transmission : Agent#86 → Agent#89 (souche PR-004)
2026-07-27 18:52:01 | DEBUG    | ArcheoEpidemicChimera | Agent#177 reçoit mantra PR-004: «🜃 PROPHÉTIE : Dans le liminal silence, seul le sil...»
2026-07-27 18:52:01 | DEBUG    | ArcheoEpidemicChimera | t=53 Transmission : Agent#176 → Agent#177 (souche PR-004)
2026-07-27 18:52:01 | DEBUG    | ArcheoEpidemicChimera | Agent#394 reçoit mantra RF-005: «🜃 PROPHÉTIE : Dans le liminal silence, seul le sil...»
2026-07-27 18:52:01 | DEBUG    | ArcheoEpidemicChimera | t=53 Transmission : Agent#196 → Agent#394 (souche RF-005)
2026-07-27 18:52:01 | DEBUG    | ArcheoEpidemicChimera | Agent#199 reçoit mantra RF-005: «🜃 PROPHÉTIE : Dans le liminal silence, seul le sil...»
2026-07-27 18:52:01 | DEBUG    | ArcheoEpidemicChimera | t=53 Transmission : Agent#198 → Agent#199 (souche RF-005)
2026-07-27 18:52:01 | DEBUG    | ArcheoEpidemicChimera | Agent#561 reçoit mantra PR-004: «🜃 PROPHÉTIE : Dans le liminal silence, seul le sil...»
2026-07-27 18:52:01 | DEBUG    | ArcheoEpidemicChimera | t=53 Transmission : Agent#226 → Agent#561 (souche PR-004)
2026-07-27 18:52:01 | DEBUG    | ArcheoEpidemicChimera | Agent#247 reçoit mantra RF-005: «🜃 PROPHÉTIE : Dans le liminal silence, seul le sil...»
2026-07-27 18:52:01 | DEBUG    | ArcheoEpidemicChimera | t=53 Transmission : Agent#246 → Agent#247 (souche RF-005)
2026-07-27 18:52:01 | DEBUG    | ArcheoEpidemicChimera | Agent#335 reçoit mantra PR-004: «🜃 PROPHÉTIE : Dans le liminal silence, seul le sil...»
2026-07-27 18:52:01 | DEBUG    | ArcheoEpidemicChimera | t=53 Transmission : Agent#262 → Agent#335 (souche PR-004)
2026-07-27 18:52:01 | DEBUG    | ArcheoEpidemicChimera | Agent#301 reçoit mantra RF-005: «🜃 PROPHÉTIE : Dans le liminal silence, seul le sil...»
2026-07-27 18:52:01 | DEBUG    | ArcheoEpidemicChimera | t=53 Transmission : Agent#300 → Agent#301 (souche RF-005)
2026-07-27 18:52:01 | DEBUG    | ArcheoEpidemicChimera | Agent#321 reçoit mantra RF-005: «🜃 PROPHÉTIE : Dans le liminal silence, seul le sil...»
2026-07-27 18:52:01 | DEBUG    | ArcheoEpidemicChimera | t=53 Transmission : Agent#319 → Agent#321 (souche RF-005)
2026-07-27 18:52:01 | DEBUG    | ArcheoEpidemicChimera | Agent#368 reçoit mantra RF-005: «🜃 PROPHÉTIE : Dans le liminal silence, seul le sil...»
2026-07-27 18:52:01 | DEBUG    | ArcheoEpidemicChimera | t=53 Transmission : Agent#365 → Agent#368 (souche RF-005)
2026-07-27 18:52:01 | DEBUG    | ArcheoEpidemicChimera | Agent#391 reçoit mantra RF-005: «🜃 PROPHÉTIE : Dans le liminal silence, seul le sil...»
2026-07-27 18:52:01 | DEBUG    | ArcheoEpidemicChimera | t=53 Transmission : Agent#389 → Agent#391 (souche RF-005)
2026-07-27 18:52:01 | DEBUG    | ArcheoEpidemicChimera | Agent#400 reçoit mantra RF-005: «🜃 PROPHÉTIE : Dans le liminal silence, seul le sil...»
2026-07-27 18:52:01 | DEBUG    | ArcheoEpidemicChimera | t=53 Transmission : Agent#398 → Agent#400 (souche RF-005)
2026-07-27 18:52:01 | DEBUG    | ArcheoEpidemicChimera | Agent#423 reçoit mantra RF-005: «🜃 PROPHÉTIE : Dans le liminal silence, seul le sil...»
2026-07-27 18:52:01 | DEBUG    | ArcheoEpidemicChimera | t=53 Transmission : Agent#422 → Agent#423 (souche RF-005)
2026-07-27 18:52:01 | DEBUG    | ArcheoEpidemicChimera | Agent#429 reçoit mantra PR-004: «🜃 PROPHÉTIE : Dans le liminal silence, seul le sil...»
2026-07-27 18:52:01 | DEBUG    | ArcheoEpidemicChimera | t=53 Transmission : Agent#426 → Agent#429 (souche PR-004)
2026-07-27 18:52:01 | DEBUG    | ArcheoEpidemicChimera | Agent#437 reçoit mantra PR-004: «🜃 PROPHÉTIE : Dans le liminal silence, seul le sil...»
2026-07-27 18:52:01 | DEBUG    | ArcheoEpidemicChimera | t=53 Transmission : Agent#436 → Agent#437 (souche PR-004)
2026-07-27 18:52:01 | DEBUG    | ArcheoEpidemicChimera | Agent#471 reçoit mantra PR-004: «🜃 PROPHÉTIE : Dans le liminal silence, seul le sil...»
2026-07-27 18:52:01 | DEBUG    | ArcheoEpidemicChimera | t=53 Transmission : Agent#470 → Agent#471 (souche PR-004)
2026-07-27 18:52:01 | DEBUG    | ArcheoEpidemicChimera | Agent#476 reçoit mantra PR-004: «🜃 PROPHÉTIE : Dans le liminal silence, seul le sil...»
2026-07-27 18:52:01 | DEBUG    | ArcheoEpidemicChimera | t=53 Transmission : Agent#474 → Agent#476 (souche PR-004)
2026-07-27 18:52:01 | DEBUG    | ArcheoEpidemicChimera | Agent#486 reçoit mantra PR-004: «🜃 PROPHÉTIE : Dans le liminal silence, seul le sil...»
2026-07-27 18:52:01 | DEBUG    | ArcheoEpidemicChimera | t=53 Transmission : Agent#484 → Agent#486 (souche PR-004)
2026-07-27 18:52:01 | DEBUG    | ArcheoEpidemicChimera | Agent#488 reçoit mantra RF-005: «🜃 PROPHÉTIE : Dans le liminal silence, seul le sil...»
2026-07-27 18:52:01 | DEBUG    | ArcheoEpidemicChimera | t=53 Transmission : Agent#487 → Agent#488 (souche RF-005)
2026-07-27 18:52:01 | DEBUG    | ArcheoEpidemicChimera | Agent#548 reçoit mantra RF-005: «🜃 PROPHÉTIE : Dans le liminal silence, seul le sil...»
2026-07-27 18:52:01 | DEBUG    | ArcheoEpidemicChimera | t=53 Transmission : Agent#547 → Agent#548 (souche RF-005)
2026-07-27 18:52:01 | DEBUG    | ArcheoEpidemicChimera | Agent#580 reçoit mantra PR-004: «🜃 PROPHÉTIE : Dans le liminal silence, seul le sil...»
2026-07-27 18:52:01 | DEBUG    | ArcheoEpidemicChimera | t=53 Transmission : Agent#577 → Agent#580 (souche PR-004)
2026-07-27 18:52:01 | DEBUG    | ArcheoEpidemicChimera | Agent#593 reçoit mantra RF-005: «🜃 PROPHÉTIE : Dans le liminal silence, seul le sil...»
2026-07-27 18:52:01 | DEBUG    | ArcheoEpidemicChimera | t=53 Transmission : Agent#592 → Agent#593 (souche RF-005)
2026-07-27 18:52:01 | DEBUG    | ArcheoEpidemicChimera | Agent#369 reçoit mantra PR-004: «🜃 PROPHÉTIE : Dans le liminal silence, seul le sil...»
2026-07-27 18:52:01 | DEBUG    | ArcheoEpidemicChimera | t=53 Transmission : Agent#606 → Agent#369 (souche PR-004)
2026-07-27 18:52:01 | DEBUG    | ArcheoEpidemicChimera | Agent#616 reçoit mantra RF-005: «🜃 PROPHÉTIE : Dans le liminal silence, seul le sil...»
2026-07-27 18:52:01 | DEBUG    | ArcheoEpidemicChimera | t=53 Transmission : Agent#613 → Agent#616 (souche RF-005)
2026-07-27 18:52:01 | DEBUG    | ArcheoEpidemicChimera | Agent#617 reçoit mantra RF-005: «🜃 PROPHÉTIE : Dans le liminal silence, seul le sil...»
2026-07-27 18:52:01 | DEBUG    | ArcheoEpidemicChimera | t=53 Transmission : Agent#633 → Agent#617 (souche RF-005)
2026-07-27 18:52:01 | DEBUG    | ArcheoEpidemicChimera | Agent#692 reçoit mantra PR-004: «🜃 PROPHÉTIE : Dans le liminal silence, seul le sil...»
2026-07-27 18:52:01 | DEBUG    | ArcheoEpidemicChimera | t=53 Transmission : Agent#635 → Agent#692 (souche PR-004)
2026-07-27 18:52:01 | DEBUG    | ArcheoEpidemicChimera | Agent#647 reçoit mantra PR-004: «🜃 PROPHÉTIE : Dans le liminal silence, seul le sil...»
2026-07-27 18:52:01 | DEBUG    | ArcheoEpidemicChimera | t=53 Transmission : Agent#645 → Agent#647 (souche PR-004)
2026-07-27 18:52:01 | DEBUG    | ArcheoEpidemicChimera | Agent#678 reçoit mantra RF-005: «🜃 PROPHÉTIE : Dans le liminal silence, seul le sil...»
2026-07-27 18:52:01 | DEBUG    | ArcheoEpidemicChimera | t=53 Transmission : Agent#676 → Agent#678 (souche RF-005)
2026-07-27 18:52:01 | DEBUG    | ArcheoEpidemicChimera | Agent#691 reçoit mantra RF-005: «🜃 PROPHÉTIE : Dans le liminal silence, seul le sil...»
2026-07-27 18:52:01 | DEBUG    | ArcheoEpidemicChimera | t=53 Transmission : Agent#690 → Agent#691 (souche RF-005)
2026-07-27 18:52:01 | DEBUG    | ArcheoEpidemicChimera | Agent#720 reçoit mantra PR-004: «🜃 PROPHÉTIE : Dans le liminal silence, seul le sil...»
2026-07-27 18:52:01 | DEBUG    | ArcheoEpidemicChimera | t=53 Transmission : Agent#717 → Agent#720 (souche PR-004)
2026-07-27 18:52:01 | DEBUG    | ArcheoEpidemicChimera | Agent#746 reçoit mantra PR-004: «🜃 PROPHÉTIE : Dans le liminal silence, seul le sil...»
2026-07-27 18:52:01 | DEBUG    | ArcheoEpidemicChimera | t=53 Transmission : Agent#738 → Agent#746 (souche PR-004)
2026-07-27 18:52:01 | DEBUG    | ArcheoEpidemicChimera | Agent#757 reçoit mantra PR-004: «🜃 PROPHÉTIE : Dans le liminal silence, seul le sil...»
2026-07-27 18:52:01 | DEBUG    | ArcheoEpidemicChimera | t=53 Transmission : Agent#754 → Agent#757 (souche PR-004)
2026-07-27 18:52:01 | DEBUG    | ArcheoEpidemicChimera | Agent#794 reçoit mantra RF-005: «🜃 PROPHÉTIE : Dans le liminal silence, seul le sil...»
2026-07-27 18:52:01 | DEBUG    | ArcheoEpidemicChimera | t=53 Transmission : Agent#793 → Agent#794 (souche RF-005)
2026-07-27 18:52:01 | DEBUG    | ArcheoEpidemicChimera | Agent#799 reçoit mantra RF-005: «🜃 PROPHÉTIE : Dans le liminal silence, seul le sil...»
2026-07-27 18:52:01 | DEBUG    | ArcheoEpidemicChimera | t=53 Transmission : Agent#798 → Agent#799 (souche RF-005)
2026-07-27 18:52:01 | DEBUG    | ArcheoEpidemicChimera | Agent#585 reçoit mantra RF-005: «🜃 PROPHÉTIE : Dans le liminal silence, seul le sil...»
2026-07-27 18:52:01 | DEBUG    | ArcheoEpidemicChimera | t=53 Transmission : Agent#802 → Agent#585 (souche RF-005)
2026-07-27 18:52:01 | DEBUG    | ArcheoEpidemicChimera | Agent#824 reçoit mantra RF-005: «🜃 PROPHÉTIE : Dans le liminal silence, seul le sil...»
2026-07-27 18:52:01 | DEBUG    | ArcheoEpidemicChimera | t=53 Transmission : Agent#821 → Agent#824 (souche RF-005)
2026-07-27 18:52:01 | DEBUG    | ArcheoEpidemicChimera | Agent#837 reçoit mantra PR-004: «🜃 PROPHÉTIE : Dans le liminal silence, seul le sil...»
2026-07-27 18:52:01 | DEBUG    | ArcheoEpidemicChimera | t=53 Transmission : Agent#834 → Agent#837 (souche PR-004)
2026-07-27 18:52:01 | DEBUG    | ArcheoEpidemicChimera | Agent#899 reçoit mantra PR-004: «🜃 PROPHÉTIE : Dans le liminal silence, seul le sil...»
2026-07-27 18:52:01 | DEBUG    | ArcheoEpidemicChimera | t=53 Transmission : Agent#963 → Agent#899 (souche PR-004)
2026-07-27 18:52:01 | DEBUG    | ArcheoEpidemicChimera | t=53 Agent#42 se désenchante
2026-07-27 18:52:01 | DEBUG    | ArcheoEpidemicChimera | t=53 Agent#67 devient évangéliste
2026-07-27 18:52:01 | DEBUG    | ArcheoEpidemicChimera | t=53 Agent#90 devient évangéliste
2026-07-27 18:52:01 | DEBUG    | ArcheoEpidemicChimera | t=53 Agent#108 se désenchante
2026-07-27 18:52:01 | DEBUG    | ArcheoEpidemicChimera | t=53 Agent#110 devient porteur silencieux
2026-07-27 18:52:01 | DEBUG    | ArcheoEpidemicChimera | t=53 Agent#115 devient évangéliste
2026-07-27 18:52:01 | DEBUG    | ArcheoEpidemicChimera | t=53 Agent#138 devient porteur silencieux
2026-07-27 18:52:01 | DEBUG    | ArcheoEpidemicChimera | t=53 Agent#174 devient évangéliste
2026-07-27 18:52:01 | DEBUG    | ArcheoEpidemicChimera | t=53 Agent#179 devient évangéliste
2026-07-27 18:52:01 | DEBUG    | ArcheoEpidemicChimera | t=53 Agent#237 devient évangéliste
2026-07-27 18:52:01 | DEBUG    | ArcheoEpidemicChimera | t=53 Agent#265 devient porteur silencieux
2026-07-27 18:52:01 | DEBUG    | ArcheoEpidemicChimera | t=53 Agent#268 devient évangéliste
2026-07-27 18:52:01 | DEBUG    | ArcheoEpidemicChimera | t=53 Agent#275 devient évangéliste
2026-07-27 18:52:01 | DEBUG    | ArcheoEpidemicChimera | t=53 Agent#303 devient évangéliste
2026-07-27 18:52:01 | DEBUG    | ArcheoEpidemicChimera | t=53 Agent#316 se désenchante
2026-07-27 18:52:01 | DEBUG    | ArcheoEpidemicChimera | t=53 Agent#320 devient évangéliste
2026-07-27 18:52:01 | DEBUG    | ArcheoEpidemicChimera | t=53 Agent#324 devient évangéliste
2026-07-27 18:52:01 | DEBUG    | ArcheoEpidemicChimera | t=53 Agent#348 se désenchante
2026-07-27 18:52:01 | DEBUG    | ArcheoEpidemicChimera | t=53 Agent#390 devient évangéliste
2026-07-27 18:52:01 | DEBUG    | ArcheoEpidemicChimera | t=53 Agent#413 devient évangéliste
2026-07-27 18:52:01 | DEBUG    | ArcheoEpidemicChimera | t=53 Agent#414 devient évangéliste
2026-07-27 18:52:01 | DEBUG    | ArcheoEpidemicChimera | t=53 Agent#432 devient évangéliste
2026-07-27 18:52:01 | DEBUG    | ArcheoEpidemicChimera | t=53 Agent#438 devient évangéliste
2026-07-27 18:52:01 | DEBUG    | ArcheoEpidemicChimera | t=53 Agent#456 devient évangéliste
2026-07-27 18:52:01 | DEBUG    | ArcheoEpidemicChimera | t=53 Agent#475 devient porteur silencieux
2026-07-27 18:52:01 | DEBUG    | ArcheoEpidemicChimera | t=53 Agent#478 se désenchante
2026-07-27 18:52:01 | DEBUG    | ArcheoEpidemicChimera | t=53 Agent#481 se désenchante
2026-07-27 18:52:01 | DEBUG    | ArcheoEpidemicChimera | t=53 Agent#495 devient évangéliste
2026-07-27 18:52:01 | DEBUG    | ArcheoEpidemicChimera | t=53 Agent#534 devient évangéliste
2026-07-27 18:52:01 | DEBUG    | ArcheoEpidemicChimera | t=53 Agent#547 se désenchante
2026-07-27 18:52:01 | DEBUG    | ArcheoEpidemicChimera | t=53 Agent#557 sombre dans l'oubli
2026-07-27 18:52:01 | DEBUG    | ArcheoEpidemicChimera | t=53 Agent#567 devient porteur silencieux
2026-07-27 18:52:01 | DEBUG    | ArcheoEpidemicChimera | t=53 Agent#581 devient évangéliste
2026-07-27 18:52:01 | DEBUG    | ArcheoEpidemicChimera | t=53 Agent#609 devient évangéliste
2026-07-27 18:52:01 | DEBUG    | ArcheoEpidemicChimera | t=53 Agent#610 devient évangéliste
2026-07-27 18:52:01 | DEBUG    | ArcheoEpidemicChimera | t=53 Agent#640 se désenchante
2026-07-27 18:52:01 | DEBUG    | ArcheoEpidemicChimera | t=53 Agent#642 devient évangéliste
2026-07-27 18:52:01 | DEBUG    | ArcheoEpidemicChimera | t=53 Agent#683 devient évangéliste
2026-07-27 18:52:01 | DEBUG    | ArcheoEpidemicChimera | t=53 Agent#704 devient évangéliste
2026-07-27 18:52:01 | DEBUG    | ArcheoEpidemicChimera | t=53 Agent#712 se désenchante
2026-07-27 18:52:01 | DEBUG    | ArcheoEpidemicChimera | t=53 Agent#714 se désenchante
2026-07-27 18:52:01 | DEBUG    | ArcheoEpidemicChimera | t=53 Agent#719 se désenchante
2026-07-27 18:52:01 | DEBUG    | ArcheoEpidemicChimera | t=53 Agent#723 devient évangéliste
2026-07-27 18:52:01 | DEBUG    | ArcheoEpidemicChimera | t=53 Agent#726 devient évangéliste
2026-07-27 18:52:01 | DEBUG    | ArcheoEpidemicChimera | t=53 Agent#765 se désenchante
2026-07-27 18:52:01 | DEBUG    | ArcheoEpidemicChimera | t=53 Agent#812 se désenchante
2026-07-27 18:52:01 | DEBUG    | ArcheoEpidemicChimera | t=53 Agent#817 devient porteur silencieux
2026-07-27 18:52:01 | DEBUG    | ArcheoEpidemicChimera | t=53 Agent#852 devient évangéliste
2026-07-27 18:52:01 | DEBUG    | ArcheoEpidemicChimera | t=53 Agent#876 devient évangéliste
2026-07-27 18:52:01 | DEBUG    | ArcheoEpidemicChimera | t=53 Agent#881 se désenchante
2026-07-27 18:52:01 | DEBUG    | ArcheoEpidemicChimera | t=53 Agent#882 se désenchante
2026-07-27 18:52:01 | DEBUG    | ArcheoEpidemicChimera | t=53 Agent#892 devient évangéliste
2026-07-27 18:52:01 | DEBUG    | ArcheoEpidemicChimera | t=53 Agent#896 devient évangéliste
2026-07-27 18:52:01 | DEBUG    | ArcheoEpidemicChimera | t=53 Agent#920 se désenchante
2026-07-27 18:52:01 | DEBUG    | ArcheoEpidemicChimera | t=53 Agent#930 devient porteur silencieux
2026-07-27 18:52:01 | DEBUG    | ArcheoEpidemicChimera | t=53 Agent#943 devient évangéliste
2026-07-27 18:52:01 | DEBUG    | ArcheoEpidemicChimera | t=53 Agent#944 se désenchante
2026-07-27 18:52:01 | DEBUG    | ArcheoEpidemicChimera | t=53 Agent#954 se désenchante
2026-07-27 18:52:01 | DEBUG    | ArcheoEpidemicChimera | t=53 Agent#997 devient évangéliste
2026-07-27 18:52:01 | DEBUG    | ArcheoEpidemicChimera | t=53 Agent#998 devient porteur silencieux
2026-07-27 18:52:01 | DEBUG    | ArcheoEpidemicChimera | t=53 | Rt=1.21 | Souches=5 | Reliques=0
2026-07-27 18:52:01 | DEBUG    | ArcheoEpidemicChimera | Agent#386 reçoit mantra RF-005: «🜃 PROPHÉTIE : Dans le liminal silence, seul le sil...»
2026-07-27 18:52:01 | DEBUG    | ArcheoEpidemicChimera | t=54 Transmission : Agent#79 → Agent#386 (souche RF-005)
2026-07-27 18:52:01 | DEBUG    | ArcheoEpidemicChimera | Agent#156 reçoit mantra RF-005: «🜃 PROPHÉTIE : Dans le liminal silence, seul le sil...»
2026-07-27 18:52:01 | DEBUG    | ArcheoEpidemicChimera | t=54 Transmission : Agent#153 → Agent#156 (souche RF-005)
2026-07-27 18:52:01 | DEBUG    | ArcheoEpidemicChimera | Agent#175 reçoit mantra PR-004: «🜃 PROPHÉTIE : Dans le liminal silence, seul le sil...»
2026-07-27 18:52:01 | DEBUG    | ArcheoEpidemicChimera | t=54 Transmission : Agent#172 → Agent#175 (souche PR-004)
2026-07-27 18:52:01 | DEBUG    | ArcheoEpidemicChimera | Agent#197 reçoit mantra RF-005: «🜃 PROPHÉTIE : Dans le liminal silence, seul le sil...»
2026-07-27 18:52:01 | DEBUG    | ArcheoEpidemicChimera | t=54 Transmission : Agent#196 → Agent#197 (souche RF-005)
2026-07-27 18:52:01 | DEBUG    | ArcheoEpidemicChimera | Agent#228 reçoit mantra PR-004: «🜃 PROPHÉTIE : Dans le liminal silence, seul le sil...»
2026-07-27 18:52:01 | DEBUG    | ArcheoEpidemicChimera | t=54 Transmission : Agent#225 → Agent#228 (souche PR-004)
2026-07-27 18:52:01 | DEBUG    | ArcheoEpidemicChimera | Agent#627 reçoit mantra PR-004: «🜃 PROPHÉTIE : Dans le liminal silence, seul le sil...»
2026-07-27 18:52:01 | DEBUG    | ArcheoEpidemicChimera | t=54 Transmission : Agent#265 → Agent#627 (souche PR-004)
2026-07-27 18:52:01 | DEBUG    | ArcheoEpidemicChimera | Agent#269 reçoit mantra RF-005: «🜃 PROPHÉTIE : Dans le liminal silence, seul le sil...»
2026-07-27 18:52:01 | DEBUG    | ArcheoEpidemicChimera | t=54 Transmission : Agent#268 → Agent#269 (souche RF-005)
2026-07-27 18:52:01 | DEBUG    | ArcheoEpidemicChimera | Agent#277 reçoit mantra PR-004: «🜃 PROPHÉTIE : Dans le liminal silence, seul le sil...»
2026-07-27 18:52:01 | DEBUG    | ArcheoEpidemicChimera | t=54 Transmission : Agent#275 → Agent#277 (souche PR-004)
2026-07-27 18:52:01 | DEBUG    | ArcheoEpidemicChimera | Agent#305 reçoit mantra RF-005: «🜃 PROPHÉTIE : Dans le liminal silence, seul le sil...»
2026-07-27 18:52:01 | DEBUG    | ArcheoEpidemicChimera | t=54 Transmission : Agent#303 → Agent#305 (souche RF-005)
2026-07-27 18:52:01 | DEBUG    | ArcheoEpidemicChimera | Agent#327 reçoit mantra RF-005: «🜃 PROPHÉTIE : Dans le liminal silence, seul le sil...»
2026-07-27 18:52:01 | DEBUG    | ArcheoEpidemicChimera | t=54 Transmission : Agent#324 → Agent#327 (souche RF-005)
2026-07-27 18:52:01 | DEBUG    | ArcheoEpidemicChimera | Agent#449 reçoit mantra PR-004: «🜃 PROPHÉTIE : Dans le liminal silence, seul le sil...»
2026-07-27 18:52:01 | DEBUG    | ArcheoEpidemicChimera | t=54 Transmission : Agent#356 → Agent#449 (souche PR-004)
2026-07-27 18:52:01 | DEBUG    | ArcheoEpidemicChimera | Agent#897 reçoit mantra PR-004: «🜃 PROPHÉTIE : Dans le liminal silence, seul le sil...»
2026-07-27 18:52:01 | DEBUG    | ArcheoEpidemicChimera | t=54 Transmission : Agent#408 → Agent#897 (souche PR-004)
2026-07-27 18:52:01 | DEBUG    | ArcheoEpidemicChimera | Agent#416 reçoit mantra PR-004: «🜃 PROPHÉTIE : Dans le liminal silence, seul le sil...»
2026-07-27 18:52:01 | DEBUG    | ArcheoEpidemicChimera | t=54 Transmission : Agent#413 → Agent#416 (souche PR-004)
2026-07-27 18:52:01 | DEBUG    | ArcheoEpidemicChimera | Agent#333 reçoit mantra PR-004: «🜃 PROPHÉTIE : Dans le liminal silence, seul le sil...»
2026-07-27 18:52:01 | DEBUG    | ArcheoEpidemicChimera | t=54 Transmission : Agent#427 → Agent#333 (souche PR-004)
2026-07-27 18:52:01 | DEBUG    | ArcheoEpidemicChimera | Agent#433 reçoit mantra PR-004: «🜃 PROPHÉTIE : Dans le liminal silence, seul le sil...»
2026-07-27 18:52:01 | DEBUG    | ArcheoEpidemicChimera | t=54 Transmission : Agent#432 → Agent#433 (souche PR-004)
2026-07-27 18:52:01 | DEBUG    | ArcheoEpidemicChimera | Agent#440 reçoit mantra PR-004: «🜃 PROPHÉTIE : Dans le liminal silence, seul le sil...»
2026-07-27 18:52:01 | DEBUG    | ArcheoEpidemicChimera | t=54 Transmission : Agent#438 → Agent#440 (souche PR-004)
2026-07-27 18:52:01 | DEBUG    | ArcheoEpidemicChimera | Agent#354 reçoit mantra PR-004: «🜃 PROPHÉTIE : Dans le liminal silence, seul le sil...»
2026-07-27 18:52:01 | DEBUG    | ArcheoEpidemicChimera | t=54 Transmission : Agent#534 → Agent#354 (souche PR-004)
2026-07-27 18:52:01 | DEBUG    | ArcheoEpidemicChimera | Agent#566 reçoit mantra PR-004: «🜃 PROPHÉTIE : Dans le liminal silence, seul le sil...»
2026-07-27 18:52:01 | DEBUG    | ArcheoEpidemicChimera | t=54 Transmission : Agent#565 → Agent#566 (souche PR-004)
2026-07-27 18:52:01 | DEBUG    | ArcheoEpidemicChimera | Agent#611 reçoit mantra RF-005: «🜃 PROPHÉTIE : Dans le liminal silence, seul le sil...»
2026-07-27 18:52:01 | DEBUG    | ArcheoEpidemicChimera | t=54 Transmission : Agent#609 → Agent#611 (souche RF-005)
2026-07-27 18:52:01 | DEBUG    | ArcheoEpidemicChimera | Agent#641 reçoit mantra PR-004: «🜃 PROPHÉTIE : Dans le liminal silence, seul le sil...»
2026-07-27 18:52:01 | DEBUG    | ArcheoEpidemicChimera | t=54 Transmission : Agent#639 → Agent#641 (souche PR-004)
2026-07-27 18:52:01 | DEBUG    | ArcheoEpidemicChimera | Agent#644 reçoit mantra PR-004: «🜃 PROPHÉTIE : Dans le liminal silence, seul le sil...»
2026-07-27 18:52:01 | DEBUG    | ArcheoEpidemicChimera | t=54 Transmission : Agent#642 → Agent#644 (souche PR-004)
2026-07-27 18:52:01 | DEBUG    | ArcheoEpidemicChimera | Agent#648 reçoit mantra PR-004: «🜃 PROPHÉTIE : Dans le liminal silence, seul le sil...»
2026-07-27 18:52:01 | DEBUG    | ArcheoEpidemicChimera | t=54 Transmission : Agent#645 → Agent#648 (souche PR-004)
2026-07-27 18:52:01 | DEBUG    | ArcheoEpidemicChimera | Agent#675 reçoit mantra PR-004: «🜃 PROPHÉTIE : Dans le liminal silence, seul le sil...»
2026-07-27 18:52:01 | DEBUG    | ArcheoEpidemicChimera | t=54 Transmission : Agent#672 → Agent#675 (souche PR-004)
2026-07-27 18:52:01 | DEBUG    | ArcheoEpidemicChimera | Agent#686 reçoit mantra RF-005: «🜃 PROPHÉTIE : Dans le liminal silence, seul le sil...»
2026-07-27 18:52:01 | DEBUG    | ArcheoEpidemicChimera | t=54 Transmission : Agent#683 → Agent#686 (souche RF-005)
2026-07-27 18:52:01 | DEBUG    | ArcheoEpidemicChimera | Agent#180 reçoit mantra RF-005: «🜃 PROPHÉTIE : Dans le liminal silence, seul le sil...»
2026-07-27 18:52:01 | DEBUG    | ArcheoEpidemicChimera | t=54 Transmission : Agent#685 → Agent#180 (souche RF-005)
2026-07-27 18:52:01 | DEBUG    | ArcheoEpidemicChimera | Agent#860 reçoit mantra PR-004: «🜃 PROPHÉTIE : Dans le liminal silence, seul le sil...»
2026-07-27 18:52:01 | DEBUG    | ArcheoEpidemicChimera | t=54 Transmission : Agent#723 → Agent#860 (souche PR-004)
2026-07-27 18:52:01 | DEBUG    | ArcheoEpidemicChimera | Agent#752 reçoit mantra RF-005: «🜃 PROPHÉTIE : Dans le liminal silence, seul le sil...»
2026-07-27 18:52:01 | DEBUG    | ArcheoEpidemicChimera | t=54 Transmission : Agent#751 → Agent#752 (souche RF-005)
2026-07-27 18:52:01 | DEBUG    | ArcheoEpidemicChimera | Agent#823 reçoit mantra RF-005: «🜃 PROPHÉTIE : Dans le liminal silence, seul le sil...»
2026-07-27 18:52:01 | DEBUG    | ArcheoEpidemicChimera | t=54 Transmission : Agent#820 → Agent#823 (souche RF-005)
2026-07-27 18:52:01 | DEBUG    | ArcheoEpidemicChimera | Agent#835 reçoit mantra PR-004: «🜃 PROPHÉTIE : Dans le liminal silence, seul le sil...»
2026-07-27 18:52:01 | DEBUG    | ArcheoEpidemicChimera | t=54 Transmission : Agent#834 → Agent#835 (souche PR-004)
2026-07-27 18:52:01 | DEBUG    | ArcheoEpidemicChimera | Agent#861 reçoit mantra RF-005: «🜃 PROPHÉTIE : Dans le liminal silence, seul le sil...»
2026-07-27 18:52:01 | DEBUG    | ArcheoEpidemicChimera | t=54 Transmission : Agent#859 → Agent#861 (souche RF-005)
2026-07-27 18:52:01 | DEBUG    | ArcheoEpidemicChimera | Agent#958 reçoit mantra PR-004: «🜃 PROPHÉTIE : Dans le liminal silence, seul le sil...»
2026-07-27 18:52:01 | DEBUG    | ArcheoEpidemicChimera | t=54 Transmission : Agent#955 → Agent#958 (souche PR-004)
2026-07-27 18:52:01 | DEBUG    | ArcheoEpidemicChimera | Agent#977 reçoit mantra PR-004: «🜃 PROPHÉTIE : Dans le liminal silence, seul le sil...»
2026-07-27 18:52:01 | DEBUG    | ArcheoEpidemicChimera | t=54 Transmission : Agent#975 → Agent#977 (souche PR-004)
2026-07-27 18:52:01 | DEBUG    | ArcheoEpidemicChimera | Agent#570 reçoit mantra PR-004: «🜃 PROPHÉTIE : Dans le liminal silence, seul le sil...»
2026-07-27 18:52:01 | DEBUG    | ArcheoEpidemicChimera | t=54 Transmission : Agent#996 → Agent#570 (souche PR-004)
2026-07-27 18:52:01 | DEBUG    | ArcheoEpidemicChimera | t=54 Agent#8 devient évangéliste
2026-07-27 18:52:01 | DEBUG    | ArcheoEpidemicChimera | t=54 Agent#8 sombre dans l'oubli
2026-07-27 18:52:01 | DEBUG    | ArcheoEpidemicChimera | t=54 Agent#34 devient évangéliste
2026-07-27 18:52:01 | DEBUG    | ArcheoEpidemicChimera | t=54 Agent#40 devient évangéliste
2026-07-27 18:52:01 | DEBUG    | ArcheoEpidemicChimera | t=54 Agent#55 devient porteur silencieux
2026-07-27 18:52:01 | DEBUG    | ArcheoEpidemicChimera | t=54 Agent#71 devient évangéliste
2026-07-27 18:52:01 | DEBUG    | ArcheoEpidemicChimera | t=54 Agent#89 devient évangéliste
2026-07-27 18:52:01 | DEBUG    | ArcheoEpidemicChimera | t=54 Agent#126 devient évangéliste
2026-07-27 18:52:01 | DEBUG    | ArcheoEpidemicChimera | t=54 Agent#177 devient évangéliste
2026-07-27 18:52:01 | DEBUG    | ArcheoEpidemicChimera | t=54 Agent#187 sombre dans l'oubli
2026-07-27 18:52:01 | DEBUG    | ArcheoEpidemicChimera | t=54 Agent#190 se désenchante
2026-07-27 18:52:01 | DEBUG    | ArcheoEpidemicChimera | t=54 Agent#247 devient porteur silencieux
2026-07-27 18:52:01 | DEBUG    | ArcheoEpidemicChimera | t=54 Agent#296 se désenchante
2026-07-27 18:52:01 | DEBUG    | ArcheoEpidemicChimera | t=54 Agent#321 devient évangéliste
2026-07-27 18:52:01 | DEBUG    | ArcheoEpidemicChimera | t=54 Agent#368 devient porteur silencieux
2026-07-27 18:52:01 | DEBUG    | ArcheoEpidemicChimera | t=54 Agent#369 devient évangéliste
2026-07-27 18:52:01 | DEBUG    | ArcheoEpidemicChimera | t=54 Agent#391 devient évangéliste
2026-07-27 18:52:01 | DEBUG    | ArcheoEpidemicChimera | t=54 Agent#394 devient évangéliste
2026-07-27 18:52:01 | DEBUG    | ArcheoEpidemicChimera | t=54 Agent#400 devient évangéliste
2026-07-27 18:52:01 | DEBUG    | ArcheoEpidemicChimera | t=54 Agent#420 devient évangéliste
2026-07-27 18:52:01 | DEBUG    | ArcheoEpidemicChimera | t=54 Agent#423 devient évangéliste
2026-07-27 18:52:01 | DEBUG    | ArcheoEpidemicChimera | t=54 Agent#429 devient porteur silencieux
2026-07-27 18:52:01 | DEBUG    | ArcheoEpidemicChimera | t=54 Agent#471 devient évangéliste
2026-07-27 18:52:01 | DEBUG    | ArcheoEpidemicChimera | t=54 Agent#476 devient évangéliste
2026-07-27 18:52:01 | DEBUG    | ArcheoEpidemicChimera | t=54 Agent#488 devient évangéliste
2026-07-27 18:52:01 | DEBUG    | ArcheoEpidemicChimera | t=54 Agent#500 se désenchante
2026-07-27 18:52:01 | DEBUG    | ArcheoEpidemicChimera | t=54 Agent#548 devient évangéliste
2026-07-27 18:52:01 | DEBUG    | ArcheoEpidemicChimera | t=54 Agent#561 devient évangéliste
2026-07-27 18:52:01 | DEBUG    | ArcheoEpidemicChimera | t=54 Agent#580 devient porteur silencieux
2026-07-27 18:52:01 | DEBUG    | ArcheoEpidemicChimera | t=54 Agent#585 devient porteur silencieux
2026-07-27 18:52:01 | DEBUG    | ArcheoEpidemicChimera | t=54 Agent#593 devient évangéliste
2026-07-27 18:52:01 | DEBUG    | ArcheoEpidemicChimera | t=54 Agent#616 devient évangéliste
2026-07-27 18:52:01 | DEBUG    | ArcheoEpidemicChimera | t=54 Agent#617 devient évangéliste
2026-07-27 18:52:01 | DEBUG    | ArcheoEpidemicChimera | t=54 Agent#647 devient porteur silencieux
2026-07-27 18:52:01 | DEBUG    | ArcheoEpidemicChimera | t=54 Agent#678 devient évangéliste
2026-07-27 18:52:01 | DEBUG    | ArcheoEpidemicChimera | t=54 Agent#689 devient évangéliste
2026-07-27 18:52:01 | DEBUG    | ArcheoEpidemicChimera | t=54 Agent#691 devient porteur silencieux
2026-07-27 18:52:01 | DEBUG    | ArcheoEpidemicChimera | t=54 Agent#692 devient évangéliste
2026-07-27 18:52:01 | DEBUG    | ArcheoEpidemicChimera | t=54 Agent#746 devient porteur silencieux
2026-07-27 18:52:01 | DEBUG    | ArcheoEpidemicChimera | t=54 Agent#756 se désenchante
2026-07-27 18:52:01 | DEBUG    | ArcheoEpidemicChimera | t=54 Agent#757 devient évangéliste
2026-07-27 18:52:01 | DEBUG    | ArcheoEpidemicChimera | t=54 Agent#783 se désenchante
2026-07-27 18:52:01 | DEBUG    | ArcheoEpidemicChimera | t=54 Agent#787 se désenchante
2026-07-27 18:52:01 | DEBUG    | ArcheoEpidemicChimera | t=54 Agent#793 se désenchante
2026-07-27 18:52:01 | DEBUG    | ArcheoEpidemicChimera | t=54 Agent#794 devient évangéliste
2026-07-27 18:52:01 | DEBUG    | ArcheoEpidemicChimera | t=54 Agent#824 devient porteur silencieux
2026-07-27 18:52:01 | DEBUG    | ArcheoEpidemicChimera | t=54 Agent#898 devient évangéliste
2026-07-27 18:52:01 | DEBUG    | ArcheoEpidemicChimera | t=54 Agent#899 devient évangéliste
2026-07-27 18:52:01 | DEBUG    | ArcheoEpidemicChimera | t=54 Agent#930 se désenchante
2026-07-27 18:52:01 | DEBUG    | ArcheoEpidemicChimera | t=54 Agent#948 se désenchante
2026-07-27 18:52:01 | DEBUG    | ArcheoEpidemicChimera | t=54 | Rt=1.18 | Souches=5 | Reliques=0
2026-07-27 18:52:02 | DEBUG    | ArcheoEpidemicChimera | Agent#41 reçoit mantra RF-005: «🜃 PROPHÉTIE : Dans le liminal silence, seul le sil...»
2026-07-27 18:52:02 | DEBUG    | ArcheoEpidemicChimera | t=55 Transmission : Agent#38 → Agent#41 (souche RF-005)
2026-07-27 18:52:02 | DEBUG    | ArcheoEpidemicChimera | Agent#50 reçoit mantra PR-004: «🜃 PROPHÉTIE : Dans le liminal silence, seul le sil...»
2026-07-27 18:52:02 | DEBUG    | ArcheoEpidemicChimera | t=55 Transmission : Agent#47 → Agent#50 (souche PR-004)
2026-07-27 18:52:02 | DEBUG    | ArcheoEpidemicChimera | Agent#74 reçoit mantra RF-005: «🜃 PROPHÉTIE : Dans le liminal silence, seul le sil...»
2026-07-27 18:52:02 | DEBUG    | ArcheoEpidemicChimera | t=55 Transmission : Agent#71 → Agent#74 (souche RF-005)
2026-07-27 18:52:02 | DEBUG    | ArcheoEpidemicChimera | Agent#118 reçoit mantra PR-004: «🜃 PROPHÉTIE : Dans le liminal silence, seul le sil...»
2026-07-27 18:52:02 | DEBUG    | ArcheoEpidemicChimera | t=55 Transmission : Agent#117 → Agent#118 (souche PR-004)
2026-07-27 18:52:02 | DEBUG    | ArcheoEpidemicChimera | Agent#132 reçoit mantra PR-004: «🜃 PROPHÉTIE : Dans le liminal silence, seul le sil...»
2026-07-27 18:52:02 | DEBUG    | ArcheoEpidemicChimera | t=55 Transmission : Agent#130 → Agent#132 (souche PR-004)
2026-07-27 18:52:02 | DEBUG    | ArcheoEpidemicChimera | Agent#136 reçoit mantra RF-005: «🜃 PROPHÉTIE : Dans le liminal silence, seul le sil...»
2026-07-27 18:52:02 | DEBUG    | ArcheoEpidemicChimera | t=55 Transmission : Agent#135 → Agent#136 (souche RF-005)
2026-07-27 18:52:02 | DEBUG    | ArcheoEpidemicChimera | Agent#151 reçoit mantra RF-005: «🜃 PROPHÉTIE : Dans le liminal silence, seul le sil...»
2026-07-27 18:52:02 | DEBUG    | ArcheoEpidemicChimera | t=55 Transmission : Agent#150 → Agent#151 (souche RF-005)
2026-07-27 18:52:02 | DEBUG    | ArcheoEpidemicChimera | Agent#178 reçoit mantra PR-004: «🜃 PROPHÉTIE : Dans le liminal silence, seul le sil...»
2026-07-27 18:52:02 | DEBUG    | ArcheoEpidemicChimera | t=55 Transmission : Agent#176 → Agent#178 (souche PR-004)
2026-07-27 18:52:02 | DEBUG    | ArcheoEpidemicChimera | Agent#224 reçoit mantra PR-004: «🜃 PROPHÉTIE : Dans le liminal silence, seul le sil...»
2026-07-27 18:52:02 | DEBUG    | ArcheoEpidemicChimera | t=55 Transmission : Agent#223 → Agent#224 (souche PR-004)
2026-07-27 18:52:02 | DEBUG    | ArcheoEpidemicChimera | Agent#392 reçoit mantra RF-005: «🜃 PROPHÉTIE : Dans le liminal silence, seul le sil...»
2026-07-27 18:52:02 | DEBUG    | ArcheoEpidemicChimera | t=55 Transmission : Agent#321 → Agent#392 (souche RF-005)
2026-07-27 18:52:02 | DEBUG    | ArcheoEpidemicChimera | Agent#509 reçoit mantra PR-004: «🜃 PROPHÉTIE : Dans le liminal silence, seul le sil...»
2026-07-27 18:52:02 | DEBUG    | ArcheoEpidemicChimera | t=55 Transmission : Agent#351 → Agent#509 (souche PR-004)
2026-07-27 18:52:02 | DEBUG    | ArcheoEpidemicChimera | Agent#907 reçoit mantra PR-004: «🜃 PROPHÉTIE : Dans le liminal silence, seul le sil...»
2026-07-27 18:52:02 | DEBUG    | ArcheoEpidemicChimera | t=55 Transmission : Agent#352 → Agent#907 (souche PR-004)
2026-07-27 18:52:02 | DEBUG    | ArcheoEpidemicChimera | Agent#402 reçoit mantra RF-005: «🜃 PROPHÉTIE : Dans le liminal silence, seul le sil...»
2026-07-27 18:52:02 | DEBUG    | ArcheoEpidemicChimera | t=55 Transmission : Agent#400 → Agent#402 (souche RF-005)
2026-07-27 18:52:02 | DEBUG    | ArcheoEpidemicChimera | Agent#403 reçoit mantra RF-005: «🜃 PROPHÉTIE : Dans le liminal silence, seul le sil...»
2026-07-27 18:52:02 | DEBUG    | ArcheoEpidemicChimera | t=55 Transmission : Agent#401 → Agent#403 (souche RF-005)
2026-07-27 18:52:02 | DEBUG    | ArcheoEpidemicChimera | Agent#417 reçoit mantra PR-004: «🜃 PROPHÉTIE : Dans le liminal silence, seul le sil...»
2026-07-27 18:52:02 | DEBUG    | ArcheoEpidemicChimera | t=55 Transmission : Agent#414 → Agent#417 (souche PR-004)
2026-07-27 18:52:02 | DEBUG    | ArcheoEpidemicChimera | Agent#435 reçoit mantra PR-004: «🜃 PROPHÉTIE : Dans le liminal silence, seul le sil...»
2026-07-27 18:52:02 | DEBUG    | ArcheoEpidemicChimera | t=55 Transmission : Agent#432 → Agent#435 (souche PR-004)
2026-07-27 18:52:02 | DEBUG    | ArcheoEpidemicChimera | Agent#505 reçoit mantra MV-003: «Le miroir fractal et le réseau dansent phénix de c...»
2026-07-27 18:52:02 | DEBUG    | ArcheoEpidemicChimera | t=55 Transmission : Agent#503 → Agent#505 (souche MV-003)
2026-07-27 18:52:02 | DEBUG    | ArcheoEpidemicChimera | Agent#533 reçoit mantra PR-004: «🜃 PROPHÉTIE : Dans le liminal silence, seul le sil...»
2026-07-27 18:52:02 | DEBUG    | ArcheoEpidemicChimera | t=55 Transmission : Agent#532 → Agent#533 (souche PR-004)
2026-07-27 18:52:02 | DEBUG    | ArcheoEpidemicChimera | Agent#535 reçoit mantra PR-004: «🜃 PROPHÉTIE : Dans le liminal silence, seul le sil...»
2026-07-27 18:52:02 | DEBUG    | ArcheoEpidemicChimera | t=55 Transmission : Agent#534 → Agent#535 (souche PR-004)
2026-07-27 18:52:02 | DEBUG    | ArcheoEpidemicChimera | Agent#595 reçoit mantra RF-005: «🜃 PROPHÉTIE : Dans le liminal silence, seul le sil...»
2026-07-27 18:52:02 | DEBUG    | ArcheoEpidemicChimera | t=55 Transmission : Agent#592 → Agent#595 (souche RF-005)
2026-07-27 18:52:02 | DEBUG    | ArcheoEpidemicChimera | Agent#603 reçoit mantra PR-004: «🜃 PROPHÉTIE : Dans le liminal silence, seul le sil...»
2026-07-27 18:52:02 | DEBUG    | ArcheoEpidemicChimera | t=55 Transmission : Agent#602 → Agent#603 (souche PR-004)
2026-07-27 18:52:02 | DEBUG    | ArcheoEpidemicChimera | Agent#619 reçoit mantra RF-005: «🜃 PROPHÉTIE : Dans le liminal silence, seul le sil...»
2026-07-27 18:52:02 | DEBUG    | ArcheoEpidemicChimera | t=55 Transmission : Agent#617 → Agent#619 (souche RF-005)
2026-07-27 18:52:02 | DEBUG    | ArcheoEpidemicChimera | Agent#694 reçoit mantra PR-004: «🜃 PROPHÉTIE : Dans le liminal silence, seul le sil...»
2026-07-27 18:52:02 | DEBUG    | ArcheoEpidemicChimera | t=55 Transmission : Agent#692 → Agent#694 (souche PR-004)
2026-07-27 18:52:02 | DEBUG    | ArcheoEpidemicChimera | Agent#705 reçoit mantra PR-004: «🜃 PROPHÉTIE : Dans le liminal silence, seul le sil...»
2026-07-27 18:52:02 | DEBUG    | ArcheoEpidemicChimera | t=55 Transmission : Agent#704 → Agent#705 (souche PR-004)
2026-07-27 18:52:02 | DEBUG    | ArcheoEpidemicChimera | Agent#539 reçoit mantra PR-004: «🜃 PROPHÉTIE : Dans le liminal silence, seul le sil...»
2026-07-27 18:52:02 | DEBUG    | ArcheoEpidemicChimera | t=55 Transmission : Agent#707 → Agent#539 (souche PR-004)
2026-07-27 18:52:02 | DEBUG    | ArcheoEpidemicChimera | Agent#745 reçoit mantra RF-005: «🜃 PROPHÉTIE : Dans le liminal silence, seul le sil...»
2026-07-27 18:52:02 | DEBUG    | ArcheoEpidemicChimera | t=55 Transmission : Agent#743 → Agent#745 (souche RF-005)
2026-07-27 18:52:02 | DEBUG    | ArcheoEpidemicChimera | Agent#904 reçoit mantra PR-004: «🜃 PROPHÉTIE : Dans le liminal silence, seul le sil...»
2026-07-27 18:52:02 | DEBUG    | ArcheoEpidemicChimera | t=55 Transmission : Agent#757 → Agent#904 (souche PR-004)
2026-07-27 18:52:02 | DEBUG    | ArcheoEpidemicChimera | Agent#796 reçoit mantra RF-005: «🜃 PROPHÉTIE : Dans le liminal silence, seul le sil...»
2026-07-27 18:52:02 | DEBUG    | ArcheoEpidemicChimera | t=55 Transmission : Agent#794 → Agent#796 (souche RF-005)
2026-07-27 18:52:02 | DEBUG    | ArcheoEpidemicChimera | Agent#536 reçoit mantra RF-005: «🜃 PROPHÉTIE : Dans le liminal silence, seul le sil...»
2026-07-27 18:52:02 | DEBUG    | ArcheoEpidemicChimera | t=55 Transmission : Agent#800 → Agent#536 (souche RF-005)
2026-07-27 18:52:02 | DEBUG    | ArcheoEpidemicChimera | Agent#819 reçoit mantra PR-004: «🜃 PROPHÉTIE : Dans le liminal silence, seul le sil...»
2026-07-27 18:52:02 | DEBUG    | ArcheoEpidemicChimera | t=55 Transmission : Agent#818 → Agent#819 (souche PR-004)
2026-07-27 18:52:02 | DEBUG    | ArcheoEpidemicChimera | Agent#902 reçoit mantra PR-004: «🜃 PROPHÉTIE : Dans le liminal silence, seul le sil...»
2026-07-27 18:52:02 | DEBUG    | ArcheoEpidemicChimera | t=55 Transmission : Agent#899 → Agent#902 (souche PR-004)
2026-07-27 18:52:02 | DEBUG    | ArcheoEpidemicChimera | Agent#978 reçoit mantra PR-004: «🜃 PROPHÉTIE : Dans le liminal silence, seul le sil...»
2026-07-27 18:52:02 | DEBUG    | ArcheoEpidemicChimera | t=55 Transmission : Agent#975 → Agent#978 (souche PR-004)
2026-07-27 18:52:02 | DEBUG    | ArcheoEpidemicChimera | Agent#230 reçoit mantra RF-005: «🜃 PROPHÉTIE : Dans le liminal silence, seul le sil...»
2026-07-27 18:52:02 | DEBUG    | ArcheoEpidemicChimera | t=55 Transmission : Agent#990 → Agent#230 (souche RF-005)
2026-07-27 18:52:02 | DEBUG    | ArcheoEpidemicChimera | Agent#999 reçoit mantra PR-004: «🜃 PROPHÉTIE : Dans le liminal silence, seul le sil...»
2026-07-27 18:52:02 | DEBUG    | ArcheoEpidemicChimera | t=55 Transmission : Agent#997 → Agent#999 (souche PR-004)
2026-07-27 18:52:02 | DEBUG    | ArcheoEpidemicChimera | t=55 Agent#38 se désenchante
2026-07-27 18:52:02 | DEBUG    | ArcheoEpidemicChimera | t=55 Agent#44 se désenchante
2026-07-27 18:52:02 | DEBUG    | ArcheoEpidemicChimera | t=55 Agent#114 se désenchante
2026-07-27 18:52:02 | DEBUG    | ArcheoEpidemicChimera | t=55 Agent#156 devient évangéliste
2026-07-27 18:52:02 | DEBUG    | ArcheoEpidemicChimera | t=55 Agent#167 se désenchante
2026-07-27 18:52:02 | DEBUG    | ArcheoEpidemicChimera | t=55 Agent#171 se désenchante
2026-07-27 18:52:02 | DEBUG    | ArcheoEpidemicChimera | t=55 Agent#180 devient évangéliste
2026-07-27 18:52:02 | DEBUG    | ArcheoEpidemicChimera | t=55 Agent#197 devient évangéliste
2026-07-27 18:52:02 | DEBUG    | ArcheoEpidemicChimera | t=55 Agent#199 devient évangéliste
2026-07-27 18:52:02 | DEBUG    | ArcheoEpidemicChimera | t=55 Agent#216 se désenchante
2026-07-27 18:52:02 | DEBUG    | ArcheoEpidemicChimera | t=55 Agent#228 devient porteur silencieux
2026-07-27 18:52:02 | DEBUG    | ArcheoEpidemicChimera | t=55 Agent#249 se désenchante
2026-07-27 18:52:02 | DEBUG    | ArcheoEpidemicChimera | t=55 Agent#269 devient évangéliste
2026-07-27 18:52:02 | DEBUG    | ArcheoEpidemicChimera | t=55 Agent#290 se désenchante
2026-07-27 18:52:02 | DEBUG    | ArcheoEpidemicChimera | t=55 Agent#301 devient évangéliste
2026-07-27 18:52:02 | DEBUG    | ArcheoEpidemicChimera | t=55 Agent#305 devient évangéliste
2026-07-27 18:52:02 | DEBUG    | ArcheoEpidemicChimera | t=55 Agent#313 se désenchante
2026-07-27 18:52:02 | DEBUG    | ArcheoEpidemicChimera | t=55 Agent#327 devient évangéliste
2026-07-27 18:52:02 | DEBUG    | ArcheoEpidemicChimera | t=55 Agent#333 devient évangéliste
2026-07-27 18:52:02 | DEBUG    | ArcheoEpidemicChimera | t=55 Agent#335 devient évangéliste
2026-07-27 18:52:02 | DEBUG    | ArcheoEpidemicChimera | t=55 Agent#354 devient évangéliste
2026-07-27 18:52:02 | DEBUG    | ArcheoEpidemicChimera | t=55 Agent#386 devient évangéliste
2026-07-27 18:52:02 | DEBUG    | ArcheoEpidemicChimera | t=55 Agent#388 se désenchante
2026-07-27 18:52:02 | DEBUG    | ArcheoEpidemicChimera | t=55 Agent#390 se désenchante
2026-07-27 18:52:02 | DEBUG    | ArcheoEpidemicChimera | t=55 Agent#391 se désenchante
2026-07-27 18:52:02 | DEBUG    | ArcheoEpidemicChimera | t=55 Agent#397 se désenchante
2026-07-27 18:52:02 | DEBUG    | ArcheoEpidemicChimera | t=55 Agent#411 se désenchante
2026-07-27 18:52:02 | DEBUG    | ArcheoEpidemicChimera | t=55 Agent#416 devient évangéliste
2026-07-27 18:52:02 | DEBUG    | ArcheoEpidemicChimera | t=55 Agent#433 devient évangéliste
2026-07-27 18:52:02 | DEBUG    | ArcheoEpidemicChimera | t=55 Agent#436 se désenchante
2026-07-27 18:52:02 | DEBUG    | ArcheoEpidemicChimera | t=55 Agent#437 devient porteur silencieux
2026-07-27 18:52:02 | DEBUG    | ArcheoEpidemicChimera | t=55 Agent#440 devient évangéliste
2026-07-27 18:52:02 | DEBUG    | ArcheoEpidemicChimera | t=55 Agent#449 devient porteur silencieux
2026-07-27 18:52:02 | DEBUG    | ArcheoEpidemicChimera | t=55 Agent#476 se désenchante
2026-07-27 18:52:02 | DEBUG    | ArcheoEpidemicChimera | t=55 Agent#482 se désenchante
2026-07-27 18:52:02 | DEBUG    | ArcheoEpidemicChimera | t=55 Agent#486 devient évangéliste
2026-07-27 18:52:02 | DEBUG    | ArcheoEpidemicChimera | t=55 Agent#502 se désenchante
2026-07-27 18:52:02 | DEBUG    | ArcheoEpidemicChimera | t=55 Agent#566 devient porteur silencieux
2026-07-27 18:52:02 | DEBUG    | ArcheoEpidemicChimera | t=55 Agent#570 devient porteur silencieux
2026-07-27 18:52:02 | DEBUG    | ArcheoEpidemicChimera | t=55 Agent#611 devient évangéliste
2026-07-27 18:52:02 | DEBUG    | ArcheoEpidemicChimera | t=55 Agent#627 devient évangéliste
2026-07-27 18:52:02 | DEBUG    | ArcheoEpidemicChimera | t=55 Agent#641 devient évangéliste
2026-07-27 18:52:02 | DEBUG    | ArcheoEpidemicChimera | t=55 Agent#644 devient évangéliste
2026-07-27 18:52:02 | DEBUG    | ArcheoEpidemicChimera | t=55 Agent#647 se désenchante
2026-07-27 18:52:02 | DEBUG    | ArcheoEpidemicChimera | t=55 Agent#648 devient porteur silencieux
2026-07-27 18:52:02 | DEBUG    | ArcheoEpidemicChimera | t=55 Agent#675 devient évangéliste
2026-07-27 18:52:02 | DEBUG    | ArcheoEpidemicChimera | t=55 Agent#686 devient évangéliste
2026-07-27 18:52:02 | DEBUG    | ArcheoEpidemicChimera | t=55 Agent#706 se désenchante
2026-07-27 18:52:02 | DEBUG    | ArcheoEpidemicChimera | t=55 Agent#707 se désenchante
2026-07-27 18:52:02 | DEBUG    | ArcheoEpidemicChimera | t=55 Agent#720 devient porteur silencieux
2026-07-27 18:52:02 | DEBUG    | ArcheoEpidemicChimera | t=55 Agent#725 se désenchante
2026-07-27 18:52:02 | DEBUG    | ArcheoEpidemicChimera | t=55 Agent#754 se désenchante
2026-07-27 18:52:02 | DEBUG    | ArcheoEpidemicChimera | t=55 Agent#799 devient évangéliste
2026-07-27 18:52:02 | DEBUG    | ArcheoEpidemicChimera | t=55 Agent#815 se désenchante
2026-07-27 18:52:02 | DEBUG    | ArcheoEpidemicChimera | t=55 Agent#823 devient évangéliste
2026-07-27 18:52:02 | DEBUG    | ArcheoEpidemicChimera | t=55 Agent#832 se désenchante
2026-07-27 18:52:02 | DEBUG    | ArcheoEpidemicChimera | t=55 Agent#835 devient évangéliste
2026-07-27 18:52:02 | DEBUG    | ArcheoEpidemicChimera | t=55 Agent#837 devient évangéliste
2026-07-27 18:52:02 | DEBUG    | ArcheoEpidemicChimera | t=55 Agent#860 devient porteur silencieux
2026-07-27 18:52:02 | DEBUG    | ArcheoEpidemicChimera | t=55 Agent#897 devient évangéliste
2026-07-27 18:52:02 | DEBUG    | ArcheoEpidemicChimera | t=55 Agent#917 se désenchante
2026-07-27 18:52:02 | DEBUG    | ArcheoEpidemicChimera | t=55 Agent#958 devient évangéliste
2026-07-27 18:52:02 | DEBUG    | ArcheoEpidemicChimera | t=55 Agent#973 se désenchante
2026-07-27 18:52:02 | DEBUG    | ArcheoEpidemicChimera | t=55 Agent#977 devient porteur silencieux
2026-07-27 18:52:02 | DEBUG    | ArcheoEpidemicChimera | t=55 | Rt=1.16 | Souches=5 | Reliques=0
2026-07-27 18:52:02 | DEBUG    | ArcheoEpidemicChimera | Agent#12 reçoit mantra PR-004: «🜃 PROPHÉTIE : Dans le liminal silence, seul le sil...»
2026-07-27 18:52:02 | DEBUG    | ArcheoEpidemicChimera | t=56 Transmission : Agent#10 → Agent#12 (souche PR-004)
2026-07-27 18:52:02 | DEBUG    | ArcheoEpidemicChimera | Agent#144 reçoit mantra RF-005: «🜃 PROPHÉTIE : Dans le liminal silence, seul le sil...»
2026-07-27 18:52:02 | DEBUG    | ArcheoEpidemicChimera | t=56 Transmission : Agent#34 → Agent#144 (souche RF-005)
2026-07-27 18:52:02 | DEBUG    | ArcheoEpidemicChimera | Agent#127 reçoit mantra RF-005: «🜃 PROPHÉTIE : Dans le liminal silence, seul le sil...»
2026-07-27 18:52:02 | DEBUG    | ArcheoEpidemicChimera | t=56 Transmission : Agent#126 → Agent#127 (souche RF-005)
2026-07-27 18:52:02 | DEBUG    | ArcheoEpidemicChimera | Agent#133 reçoit mantra PR-004: «🜃 PROPHÉTIE : Dans le liminal silence, seul le sil...»
2026-07-27 18:52:02 | DEBUG    | ArcheoEpidemicChimera | t=56 Transmission : Agent#130 → Agent#133 (souche PR-004)
2026-07-27 18:52:02 | DEBUG    | ArcheoEpidemicChimera | Agent#202 reçoit mantra RF-005: «🜃 PROPHÉTIE : Dans le liminal silence, seul le sil...»
2026-07-27 18:52:02 | DEBUG    | ArcheoEpidemicChimera | t=56 Transmission : Agent#199 → Agent#202 (souche RF-005)
2026-07-27 18:52:02 | DEBUG    | ArcheoEpidemicChimera | Agent#227 reçoit mantra PR-004: «🜃 PROPHÉTIE : Dans le liminal silence, seul le sil...»
2026-07-27 18:52:02 | DEBUG    | ArcheoEpidemicChimera | t=56 Transmission : Agent#225 → Agent#227 (souche PR-004)
2026-07-27 18:52:02 | DEBUG    | ArcheoEpidemicChimera | Agent#102 reçoit mantra PR-004: «🜃 PROPHÉTIE : Dans le liminal silence, seul le sil...»
2026-07-27 18:52:02 | DEBUG    | ArcheoEpidemicChimera | t=56 Transmission : Agent#228 → Agent#102 (souche PR-004)
2026-07-27 18:52:02 | DEBUG    | ArcheoEpidemicChimera | Agent#360 reçoit mantra RF-005: «🜃 PROPHÉTIE : Dans le liminal silence, seul le sil...»
2026-07-27 18:52:02 | DEBUG    | ArcheoEpidemicChimera | t=56 Transmission : Agent#243 → Agent#360 (souche RF-005)
2026-07-27 18:52:02 | DEBUG    | ArcheoEpidemicChimera | Agent#304 reçoit mantra RF-005: «🜃 PROPHÉTIE : Dans le liminal silence, seul le sil...»
2026-07-27 18:52:02 | DEBUG    | ArcheoEpidemicChimera | t=56 Transmission : Agent#301 → Agent#304 (souche RF-005)
2026-07-27 18:52:02 | DEBUG    | ArcheoEpidemicChimera | Agent#239 reçoit mantra PR-004: «🜃 PROPHÉTIE : Dans le liminal silence, seul le sil...»
2026-07-27 18:52:02 | DEBUG    | ArcheoEpidemicChimera | t=56 Transmission : Agent#335 → Agent#239 (souche PR-004)
2026-07-27 18:52:02 | DEBUG    | ArcheoEpidemicChimera | Agent#586 reçoit mantra RF-005: «🜃 PROPHÉTIE : Dans le liminal silence, seul le sil...»
2026-07-27 18:52:02 | DEBUG    | ArcheoEpidemicChimera | t=56 Transmission : Agent#368 → Agent#586 (souche RF-005)
2026-07-27 18:52:02 | DEBUG    | ArcheoEpidemicChimera | Agent#410 reçoit mantra PR-004: «🜃 PROPHÉTIE : Dans le liminal silence, seul le sil...»
2026-07-27 18:52:02 | DEBUG    | ArcheoEpidemicChimera | t=56 Transmission : Agent#407 → Agent#410 (souche PR-004)
2026-07-27 18:52:02 | DEBUG    | ArcheoEpidemicChimera | Agent#419 reçoit mantra MV-003: «Le miroir fractal et le réseau dansent phénix de c...»
2026-07-27 18:52:02 | DEBUG    | ArcheoEpidemicChimera | t=56 Transmission : Agent#418 → Agent#419 (souche MV-003)
2026-07-27 18:52:02 | DEBUG    | ArcheoEpidemicChimera | Agent#441 reçoit mantra PR-004: «🜃 PROPHÉTIE : Dans le liminal silence, seul le sil...»
2026-07-27 18:52:02 | DEBUG    | ArcheoEpidemicChimera | t=56 Transmission : Agent#438 → Agent#441 (souche PR-004)
2026-07-27 18:52:02 | DEBUG    | ArcheoEpidemicChimera | Agent#873 reçoit mantra PR-004: «🜃 PROPHÉTIE : Dans le liminal silence, seul le sil...»
2026-07-27 18:52:02 | DEBUG    | ArcheoEpidemicChimera | t=56 Transmission : Agent#483 → Agent#873 (souche PR-004)
2026-07-27 18:52:02 | DEBUG    | ArcheoEpidemicChimera | Agent#367 reçoit mantra PR-004: «🜃 PROPHÉTIE : Dans le liminal silence, seul le sil...»
2026-07-27 18:52:02 | DEBUG    | ArcheoEpidemicChimera | t=56 Transmission : Agent#484 → Agent#367 (souche PR-004)
2026-07-27 18:52:02 | DEBUG    | ArcheoEpidemicChimera | Agent#498 reçoit mantra RF-005: «🜃 PROPHÉTIE : Dans le liminal silence, seul le sil...»
2026-07-27 18:52:02 | DEBUG    | ArcheoEpidemicChimera | t=56 Transmission : Agent#495 → Agent#498 (souche RF-005)
2026-07-27 18:52:02 | DEBUG    | ArcheoEpidemicChimera | Agent#514 reçoit mantra RF-005: «🜃 PROPHÉTIE : Dans le liminal silence, seul le sil...»
2026-07-27 18:52:02 | DEBUG    | ArcheoEpidemicChimera | t=56 Transmission : Agent#616 → Agent#514 (souche RF-005)
2026-07-27 18:52:02 | DEBUG    | ArcheoEpidemicChimera | Agent#626 reçoit mantra PR-004: «🜃 PROPHÉTIE : Dans le liminal silence, seul le sil...»
2026-07-27 18:52:02 | DEBUG    | ArcheoEpidemicChimera | t=56 Transmission : Agent#624 → Agent#626 (souche PR-004)
2026-07-27 18:52:02 | DEBUG    | ArcheoEpidemicChimera | Agent#628 reçoit mantra PR-004: «🜃 PROPHÉTIE : Dans le liminal silence, seul le sil...»
2026-07-27 18:52:02 | DEBUG    | ArcheoEpidemicChimera | t=56 Transmission : Agent#627 → Agent#628 (souche PR-004)
2026-07-27 18:52:02 | DEBUG    | ArcheoEpidemicChimera | Agent#643 reçoit mantra PR-004: «🜃 PROPHÉTIE : Dans le liminal silence, seul le sil...»
2026-07-27 18:52:02 | DEBUG    | ArcheoEpidemicChimera | t=56 Transmission : Agent#642 → Agent#643 (souche PR-004)
2026-07-27 18:52:02 | DEBUG    | ArcheoEpidemicChimera | Agent#724 reçoit mantra PR-004: «🜃 PROPHÉTIE : Dans le liminal silence, seul le sil...»
2026-07-27 18:52:02 | DEBUG    | ArcheoEpidemicChimera | t=56 Transmission : Agent#721 → Agent#724 (souche PR-004)
2026-07-27 18:52:02 | DEBUG    | ArcheoEpidemicChimera | Agent#972 reçoit mantra PR-004: «🜃 PROPHÉTIE : Dans le liminal silence, seul le sil...»
2026-07-27 18:52:02 | DEBUG    | ArcheoEpidemicChimera | t=56 Transmission : Agent#747 → Agent#972 (souche PR-004)
2026-07-27 18:52:02 | DEBUG    | ArcheoEpidemicChimera | Agent#781 reçoit mantra RF-005: «🜃 PROPHÉTIE : Dans le liminal silence, seul le sil...»
2026-07-27 18:52:02 | DEBUG    | ArcheoEpidemicChimera | t=56 Transmission : Agent#780 → Agent#781 (souche RF-005)
2026-07-27 18:52:02 | DEBUG    | ArcheoEpidemicChimera | Agent#797 reçoit mantra RF-005: «🜃 PROPHÉTIE : Dans le liminal silence, seul le sil...»
2026-07-27 18:52:02 | DEBUG    | ArcheoEpidemicChimera | t=56 Transmission : Agent#794 → Agent#797 (souche RF-005)
2026-07-27 18:52:02 | DEBUG    | ArcheoEpidemicChimera | Agent#868 reçoit mantra RF-005: «🜃 PROPHÉTIE : Dans le liminal silence, seul le sil...»
2026-07-27 18:52:02 | DEBUG    | ArcheoEpidemicChimera | t=56 Transmission : Agent#866 → Agent#868 (souche RF-005)
2026-07-27 18:52:02 | DEBUG    | ArcheoEpidemicChimera | Agent#901 reçoit mantra PR-004: «🜃 PROPHÉTIE : Dans le liminal silence, seul le sil...»
2026-07-27 18:52:02 | DEBUG    | ArcheoEpidemicChimera | t=56 Transmission : Agent#899 → Agent#901 (souche PR-004)
2026-07-27 18:52:02 | DEBUG    | ArcheoEpidemicChimera | t=56 Agent#31 se désenchante
2026-07-27 18:52:02 | DEBUG    | ArcheoEpidemicChimera | t=56 Agent#41 devient évangéliste
2026-07-27 18:52:02 | DEBUG    | ArcheoEpidemicChimera | t=56 Agent#47 se désenchante
2026-07-27 18:52:02 | DEBUG    | ArcheoEpidemicChimera | t=56 Agent#50 devient évangéliste
2026-07-27 18:52:02 | DEBUG    | ArcheoEpidemicChimera | t=56 Agent#59 se désenchante
2026-07-27 18:52:02 | DEBUG    | ArcheoEpidemicChimera | t=56 Agent#67 se désenchante
2026-07-27 18:52:02 | DEBUG    | ArcheoEpidemicChimera | t=56 Agent#74 devient évangéliste
2026-07-27 18:52:02 | DEBUG    | ArcheoEpidemicChimera | t=56 Agent#85 se désenchante
2026-07-27 18:52:02 | DEBUG    | ArcheoEpidemicChimera | t=56 Agent#118 devient évangéliste
2026-07-27 18:52:02 | DEBUG    | ArcheoEpidemicChimera | t=56 Agent#132 devient évangéliste
2026-07-27 18:52:02 | DEBUG    | ArcheoEpidemicChimera | t=56 Agent#132 sombre dans l'oubli
2026-07-27 18:52:02 | DEBUG    | ArcheoEpidemicChimera | t=56 Agent#151 devient évangéliste
2026-07-27 18:52:02 | DEBUG    | ArcheoEpidemicChimera | t=56 Agent#175 devient évangéliste
2026-07-27 18:52:02 | DEBUG    | ArcheoEpidemicChimera | t=56 Agent#189 se désenchante
2026-07-27 18:52:02 | DEBUG    | ArcheoEpidemicChimera | t=56 Agent#204 se désenchante
2026-07-27 18:52:02 | DEBUG    | ArcheoEpidemicChimera | t=56 Agent#224 devient évangéliste
2026-07-27 18:52:02 | DEBUG    | ArcheoEpidemicChimera | t=56 Agent#230 devient évangéliste
2026-07-27 18:52:02 | DEBUG    | ArcheoEpidemicChimera | t=56 Agent#237 se désenchante
2026-07-27 18:52:02 | DEBUG    | ArcheoEpidemicChimera | t=56 Agent#293 se désenchante
2026-07-27 18:52:02 | DEBUG    | ArcheoEpidemicChimera | t=56 Agent#392 devient évangéliste
2026-07-27 18:52:02 | DEBUG    | ArcheoEpidemicChimera | t=56 Agent#395 se désenchante
2026-07-27 18:52:02 | DEBUG    | ArcheoEpidemicChimera | t=56 Agent#402 devient évangéliste
2026-07-27 18:52:02 | DEBUG    | ArcheoEpidemicChimera | t=56 Agent#403 devient évangéliste
2026-07-27 18:52:02 | DEBUG    | ArcheoEpidemicChimera | t=56 Agent#417 devient porteur silencieux
2026-07-27 18:52:02 | DEBUG    | ArcheoEpidemicChimera | t=56 Agent#418 se désenchante
2026-07-27 18:52:02 | DEBUG    | ArcheoEpidemicChimera | t=56 Agent#420 se désenchante
2026-07-27 18:52:02 | DEBUG    | ArcheoEpidemicChimera | t=56 Agent#424 se désenchante
2026-07-27 18:52:02 | DEBUG    | ArcheoEpidemicChimera | t=56 Agent#425 sombre dans l'oubli
2026-07-27 18:52:02 | DEBUG    | ArcheoEpidemicChimera | t=56 Agent#437 se désenchante
2026-07-27 18:52:02 | DEBUG    | ArcheoEpidemicChimera | t=56 Agent#509 devient évangéliste
2026-07-27 18:52:02 | DEBUG    | ArcheoEpidemicChimera | t=56 Agent#533 devient évangéliste
2026-07-27 18:52:02 | DEBUG    | ArcheoEpidemicChimera | t=56 Agent#535 devient évangéliste
2026-07-27 18:52:02 | DEBUG    | ArcheoEpidemicChimera | t=56 Agent#539 devient porteur silencieux
2026-07-27 18:52:02 | DEBUG    | ArcheoEpidemicChimera | t=56 Agent#559 se désenchante
2026-07-27 18:52:02 | DEBUG    | ArcheoEpidemicChimera | t=56 Agent#592 se désenchante
2026-07-27 18:52:02 | DEBUG    | ArcheoEpidemicChimera | t=56 Agent#595 devient évangéliste
2026-07-27 18:52:02 | DEBUG    | ArcheoEpidemicChimera | t=56 Agent#603 devient évangéliste
2026-07-27 18:52:02 | DEBUG    | ArcheoEpidemicChimera | t=56 Agent#616 se désenchante
2026-07-27 18:52:02 | DEBUG    | ArcheoEpidemicChimera | t=56 Agent#619 devient évangéliste
2026-07-27 18:52:02 | DEBUG    | ArcheoEpidemicChimera | t=56 Agent#676 se désenchante
2026-07-27 18:52:02 | DEBUG    | ArcheoEpidemicChimera | t=56 Agent#684 se désenchante
2026-07-27 18:52:02 | DEBUG    | ArcheoEpidemicChimera | t=56 Agent#694 devient évangéliste
2026-07-27 18:52:02 | DEBUG    | ArcheoEpidemicChimera | t=56 Agent#701 se désenchante
2026-07-27 18:52:02 | DEBUG    | ArcheoEpidemicChimera | t=56 Agent#705 devient évangéliste
2026-07-27 18:52:02 | DEBUG    | ArcheoEpidemicChimera | t=56 Agent#723 se désenchante
2026-07-27 18:52:02 | DEBUG    | ArcheoEpidemicChimera | t=56 Agent#745 devient évangéliste
2026-07-27 18:52:02 | DEBUG    | ArcheoEpidemicChimera | t=56 Agent#752 devient évangéliste
2026-07-27 18:52:02 | DEBUG    | ArcheoEpidemicChimera | t=56 Agent#796 devient porteur silencieux
2026-07-27 18:52:02 | DEBUG    | ArcheoEpidemicChimera | t=56 Agent#819 devient porteur silencieux
2026-07-27 18:52:02 | DEBUG    | ArcheoEpidemicChimera | t=56 Agent#861 devient porteur silencieux
2026-07-27 18:52:02 | DEBUG    | ArcheoEpidemicChimera | t=56 Agent#894 se désenchante
2026-07-27 18:52:02 | DEBUG    | ArcheoEpidemicChimera | t=56 Agent#904 devient évangéliste
2026-07-27 18:52:02 | DEBUG    | ArcheoEpidemicChimera | t=56 Agent#907 devient évangéliste
2026-07-27 18:52:02 | DEBUG    | ArcheoEpidemicChimera | t=56 Agent#912 se désenchante
2026-07-27 18:52:02 | DEBUG    | ArcheoEpidemicChimera | t=56 Agent#927 se désenchante
2026-07-27 18:52:02 | DEBUG    | ArcheoEpidemicChimera | t=56 Agent#966 se désenchante
2026-07-27 18:52:02 | DEBUG    | ArcheoEpidemicChimera | t=56 Agent#978 devient évangéliste
2026-07-27 18:52:02 | DEBUG    | ArcheoEpidemicChimera | t=56 Agent#988 se désenchante
2026-07-27 18:52:02 | DEBUG    | ArcheoEpidemicChimera | t=56 Agent#999 devient porteur silencieux
2026-07-27 18:52:02 | DEBUG    | ArcheoEpidemicChimera | t=56 | Rt=1.18 | Souches=5 | Reliques=0
2026-07-27 18:52:02 | DEBUG    | ArcheoEpidemicChimera | Agent#981 reçoit mantra RF-005: «🜃 PROPHÉTIE : Dans le liminal silence, seul le sil...»
2026-07-27 18:52:02 | DEBUG    | ArcheoEpidemicChimera | t=57 Transmission : Agent#40 → Agent#981 (souche RF-005)
2026-07-27 18:52:02 | DEBUG    | ArcheoEpidemicChimera | Agent#72 reçoit mantra RF-005: «🜃 PROPHÉTIE : Dans le liminal silence, seul le sil...»
2026-07-27 18:52:02 | DEBUG    | ArcheoEpidemicChimera | t=57 Transmission : Agent#69 → Agent#72 (souche RF-005)
2026-07-27 18:52:02 | DEBUG    | ArcheoEpidemicChimera | Agent#94 reçoit mantra PR-004: «🜃 PROPHÉTIE : Dans le liminal silence, seul le sil...»
2026-07-27 18:52:02 | DEBUG    | ArcheoEpidemicChimera | t=57 Transmission : Agent#93 → Agent#94 (souche PR-004)
2026-07-27 18:52:02 | DEBUG    | ArcheoEpidemicChimera | Agent#104 reçoit mantra RF-005: «🜃 PROPHÉTIE : Dans le liminal silence, seul le sil...»
2026-07-27 18:52:02 | DEBUG    | ArcheoEpidemicChimera | t=57 Transmission : Agent#101 → Agent#104 (souche RF-005)
2026-07-27 18:52:02 | DEBUG    | ArcheoEpidemicChimera | Agent#870 reçoit mantra PR-004: «🜃 PROPHÉTIE : Dans le liminal silence, seul le sil...»
2026-07-27 18:52:02 | DEBUG    | ArcheoEpidemicChimera | t=57 Transmission : Agent#177 → Agent#870 (souche PR-004)
2026-07-27 18:52:02 | DEBUG    | ArcheoEpidemicChimera | Agent#200 reçoit mantra RF-005: «🜃 PROPHÉTIE : Dans le liminal silence, seul le sil...»
2026-07-27 18:52:02 | DEBUG    | ArcheoEpidemicChimera | t=57 Transmission : Agent#198 → Agent#200 (souche RF-005)
2026-07-27 18:52:02 | DEBUG    | ArcheoEpidemicChimera | Agent#982 reçoit mantra RF-005: «🜃 PROPHÉTIE : Dans le liminal silence, seul le sil...»
2026-07-27 18:52:02 | DEBUG    | ArcheoEpidemicChimera | t=57 Transmission : Agent#230 → Agent#982 (souche RF-005)
2026-07-27 18:52:02 | DEBUG    | ArcheoEpidemicChimera | Agent#276 reçoit mantra PR-004: «🜃 PROPHÉTIE : Dans le liminal silence, seul le sil...»
2026-07-27 18:52:02 | DEBUG    | ArcheoEpidemicChimera | t=57 Transmission : Agent#273 → Agent#276 (souche PR-004)
2026-07-27 18:52:02 | DEBUG    | ArcheoEpidemicChimera | Agent#302 reçoit mantra RF-005: «🜃 PROPHÉTIE : Dans le liminal silence, seul le sil...»
2026-07-27 18:52:02 | DEBUG    | ArcheoEpidemicChimera | t=57 Transmission : Agent#301 → Agent#302 (souche RF-005)
2026-07-27 18:52:02 | DEBUG    | ArcheoEpidemicChimera | Agent#308 reçoit mantra RF-005: «🜃 PROPHÉTIE : Dans le liminal silence, seul le sil...»
2026-07-27 18:52:02 | DEBUG    | ArcheoEpidemicChimera | t=57 Transmission : Agent#305 → Agent#308 (souche RF-005)
2026-07-27 18:52:02 | DEBUG    | ArcheoEpidemicChimera | Agent#329 reçoit mantra RF-005: «🜃 PROPHÉTIE : Dans le liminal silence, seul le sil...»
2026-07-27 18:52:02 | DEBUG    | ArcheoEpidemicChimera | t=57 Transmission : Agent#328 → Agent#329 (souche RF-005)
2026-07-27 18:52:02 | DEBUG    | ArcheoEpidemicChimera | Agent#700 reçoit mantra RF-005: «🜃 PROPHÉTIE : Dans le liminal silence, seul le sil...»
2026-07-27 18:52:02 | DEBUG    | ArcheoEpidemicChimera | t=57 Transmission : Agent#386 → Agent#700 (souche RF-005)
2026-07-27 18:52:02 | DEBUG    | ArcheoEpidemicChimera | Agent#404 reçoit mantra RF-005: «🜃 PROPHÉTIE : Dans le liminal silence, seul le sil...»
2026-07-27 18:52:02 | DEBUG    | ArcheoEpidemicChimera | t=57 Transmission : Agent#403 → Agent#404 (souche RF-005)
2026-07-27 18:52:02 | DEBUG    | ArcheoEpidemicChimera | Agent#370 reçoit mantra PR-004: «🜃 PROPHÉTIE : Dans le liminal silence, seul le sil...»
2026-07-27 18:52:02 | DEBUG    | ArcheoEpidemicChimera | t=57 Transmission : Agent#409 → Agent#370 (souche PR-004)
2026-07-27 18:52:02 | DEBUG    | ArcheoEpidemicChimera | Agent#934 reçoit mantra RF-005: «🜃 PROPHÉTIE : Dans le liminal silence, seul le sil...»
2026-07-27 18:52:02 | DEBUG    | ArcheoEpidemicChimera | t=57 Transmission : Agent#489 → Agent#934 (souche RF-005)
2026-07-27 18:52:02 | DEBUG    | ArcheoEpidemicChimera | Agent#659 reçoit mantra MV-003: «Le miroir fractal et le réseau dansent phénix de c...»
2026-07-27 18:52:02 | DEBUG    | ArcheoEpidemicChimera | t=57 Transmission : Agent#501 → Agent#659 (souche MV-003)
2026-07-27 18:52:02 | DEBUG    | ArcheoEpidemicChimera | Agent#542 reçoit mantra PR-004: «🜃 PROPHÉTIE : Dans le liminal silence, seul le sil...»
2026-07-27 18:52:02 | DEBUG    | ArcheoEpidemicChimera | t=57 Transmission : Agent#539 → Agent#542 (souche PR-004)
2026-07-27 18:52:02 | DEBUG    | ArcheoEpidemicChimera | Agent#658 reçoit mantra PR-004: «🜃 PROPHÉTIE : Dans le liminal silence, seul le sil...»
2026-07-27 18:52:02 | DEBUG    | ArcheoEpidemicChimera | t=57 Transmission : Agent#567 → Agent#658 (souche PR-004)
2026-07-27 18:52:02 | DEBUG    | ArcheoEpidemicChimera | Agent#584 reçoit mantra PR-004: «🜃 PROPHÉTIE : Dans le liminal silence, seul le sil...»
2026-07-27 18:52:02 | DEBUG    | ArcheoEpidemicChimera | t=57 Transmission : Agent#581 → Agent#584 (souche PR-004)
2026-07-27 18:52:02 | DEBUG    | ArcheoEpidemicChimera | Agent#596 reçoit mantra RF-005: «🜃 PROPHÉTIE : Dans le liminal silence, seul le sil...»
2026-07-27 18:52:02 | DEBUG    | ArcheoEpidemicChimera | t=57 Transmission : Agent#595 → Agent#596 (souche RF-005)
2026-07-27 18:52:02 | DEBUG    | ArcheoEpidemicChimera | Agent#618 reçoit mantra RF-005: «🜃 PROPHÉTIE : Dans le liminal silence, seul le sil...»
2026-07-27 18:52:02 | DEBUG    | ArcheoEpidemicChimera | t=57 Transmission : Agent#617 → Agent#618 (souche RF-005)
2026-07-27 18:52:02 | DEBUG    | ArcheoEpidemicChimera | Agent#693 reçoit mantra RF-005: «🜃 PROPHÉTIE : Dans le liminal silence, seul le sil...»
2026-07-27 18:52:02 | DEBUG    | ArcheoEpidemicChimera | t=57 Transmission : Agent#690 → Agent#693 (souche RF-005)
2026-07-27 18:52:02 | DEBUG    | ArcheoEpidemicChimera | Agent#311 reçoit mantra RF-005: «🜃 PROPHÉTIE : Dans le liminal silence, seul le sil...»
2026-07-27 18:52:02 | DEBUG    | ArcheoEpidemicChimera | t=57 Transmission : Agent#752 → Agent#311 (souche RF-005)
2026-07-27 18:52:02 | DEBUG    | ArcheoEpidemicChimera | Agent#836 reçoit mantra PR-004: «🜃 PROPHÉTIE : Dans le liminal silence, seul le sil...»
2026-07-27 18:52:02 | DEBUG    | ArcheoEpidemicChimera | t=57 Transmission : Agent#834 → Agent#836 (souche PR-004)
2026-07-27 18:52:02 | DEBUG    | ArcheoEpidemicChimera | Agent#980 reçoit mantra PR-004: «🜃 PROPHÉTIE : Dans le liminal silence, seul le sil...»
2026-07-27 18:52:02 | DEBUG    | ArcheoEpidemicChimera | t=57 Transmission : Agent#978 → Agent#980 (souche PR-004)
2026-07-27 18:52:02 | DEBUG    | ArcheoEpidemicChimera | t=57 Agent#7 se désenchante
2026-07-27 18:52:02 | DEBUG    | ArcheoEpidemicChimera | t=57 Agent#12 devient évangéliste
2026-07-27 18:52:02 | DEBUG    | ArcheoEpidemicChimera | t=57 Agent#29 se désenchante
2026-07-27 18:52:02 | DEBUG    | ArcheoEpidemicChimera | t=57 Agent#34 se désenchante
2026-07-27 18:52:02 | DEBUG    | ArcheoEpidemicChimera | t=57 Agent#102 devient porteur silencieux
2026-07-27 18:52:02 | DEBUG    | ArcheoEpidemicChimera | t=57 Agent#106 se désenchante
2026-07-27 18:52:02 | DEBUG    | ArcheoEpidemicChimera | t=57 Agent#127 devient évangéliste
2026-07-27 18:52:02 | DEBUG    | ArcheoEpidemicChimera | t=57 Agent#136 devient porteur silencieux
2026-07-27 18:52:02 | DEBUG    | ArcheoEpidemicChimera | t=57 Agent#178 devient évangéliste
2026-07-27 18:52:02 | DEBUG    | ArcheoEpidemicChimera | t=57 Agent#194 se désenchante
2026-07-27 18:52:02 | DEBUG    | ArcheoEpidemicChimera | t=57 Agent#202 devient porteur silencieux
2026-07-27 18:52:02 | DEBUG    | ArcheoEpidemicChimera | t=57 Agent#227 devient évangéliste
2026-07-27 18:52:02 | DEBUG    | ArcheoEpidemicChimera | t=57 Agent#230 se désenchante
2026-07-27 18:52:02 | DEBUG    | ArcheoEpidemicChimera | t=57 Agent#242 se désenchante
2026-07-27 18:52:02 | DEBUG    | ArcheoEpidemicChimera | t=57 Agent#275 se désenchante
2026-07-27 18:52:02 | DEBUG    | ArcheoEpidemicChimera | t=57 Agent#277 devient porteur silencieux
2026-07-27 18:52:02 | DEBUG    | ArcheoEpidemicChimera | t=57 Agent#336 se désenchante
2026-07-27 18:52:02 | DEBUG    | ArcheoEpidemicChimera | t=57 Agent#360 devient évangéliste
2026-07-27 18:52:02 | DEBUG    | ArcheoEpidemicChimera | t=57 Agent#387 se désenchante
2026-07-27 18:52:02 | DEBUG    | ArcheoEpidemicChimera | t=57 Agent#410 devient porteur silencieux
2026-07-27 18:52:02 | DEBUG    | ArcheoEpidemicChimera | t=57 Agent#435 devient évangéliste
2026-07-27 18:52:02 | DEBUG    | ArcheoEpidemicChimera | t=57 Agent#441 devient évangéliste
2026-07-27 18:52:02 | DEBUG    | ArcheoEpidemicChimera | t=57 Agent#498 devient évangéliste
2026-07-27 18:52:02 | DEBUG    | ArcheoEpidemicChimera | t=57 Agent#514 devient évangéliste
2026-07-27 18:52:02 | DEBUG    | ArcheoEpidemicChimera | t=57 Agent#536 devient porteur silencieux
2026-07-27 18:52:02 | DEBUG    | ArcheoEpidemicChimera | t=57 Agent#565 se désenchante
2026-07-27 18:52:02 | DEBUG    | ArcheoEpidemicChimera | t=57 Agent#582 se désenchante
2026-07-27 18:52:02 | DEBUG    | ArcheoEpidemicChimera | t=57 Agent#586 devient porteur silencieux
2026-07-27 18:52:02 | DEBUG    | ArcheoEpidemicChimera | t=57 Agent#626 devient évangéliste
2026-07-27 18:52:02 | DEBUG    | ArcheoEpidemicChimera | t=57 Agent#628 devient évangéliste
2026-07-27 18:52:02 | DEBUG    | ArcheoEpidemicChimera | t=57 Agent#639 sombre dans l'oubli
2026-07-27 18:52:02 | DEBUG    | ArcheoEpidemicChimera | t=57 Agent#643 devient évangéliste
2026-07-27 18:52:02 | DEBUG    | ArcheoEpidemicChimera | t=57 Agent#692 se désenchante
2026-07-27 18:52:02 | DEBUG    | ArcheoEpidemicChimera | t=57 Agent#709 se désenchante
2026-07-27 18:52:02 | DEBUG    | ArcheoEpidemicChimera | t=57 Agent#724 devient porteur silencieux
2026-07-27 18:52:02 | DEBUG    | ArcheoEpidemicChimera | t=57 Agent#741 se désenchante
2026-07-27 18:52:02 | DEBUG    | ArcheoEpidemicChimera | t=57 Agent#781 devient porteur silencieux
2026-07-27 18:52:02 | DEBUG    | ArcheoEpidemicChimera | t=57 Agent#797 devient évangéliste
2026-07-27 18:52:02 | DEBUG    | ArcheoEpidemicChimera | t=57 Agent#802 se désenchante
2026-07-27 18:52:02 | DEBUG    | ArcheoEpidemicChimera | t=57 Agent#817 se désenchante
2026-07-27 18:52:02 | DEBUG    | ArcheoEpidemicChimera | t=57 Agent#873 devient évangéliste
2026-07-27 18:52:02 | DEBUG    | ArcheoEpidemicChimera | t=57 Agent#893 se désenchante
2026-07-27 18:52:02 | DEBUG    | ArcheoEpidemicChimera | t=57 Agent#901 devient évangéliste
2026-07-27 18:52:02 | DEBUG    | ArcheoEpidemicChimera | t=57 Agent#902 devient évangéliste
2026-07-27 18:52:02 | DEBUG    | ArcheoEpidemicChimera | t=57 Agent#967 se désenchante
2026-07-27 18:52:02 | DEBUG    | ArcheoEpidemicChimera | t=57 Agent#972 devient évangéliste
2026-07-27 18:52:02 | DEBUG    | ArcheoEpidemicChimera | t=57 Agent#977 se désenchante
2026-07-27 18:52:02 | DEBUG    | ArcheoEpidemicChimera | t=57 | Rt=1.15 | Souches=5 | Reliques=0
2026-07-27 18:52:02 | DEBUG    | ArcheoEpidemicChimera | Agent#15 reçoit mantra PR-004: «🜃 PROPHÉTIE : Dans le liminal silence, seul le sil...»
2026-07-27 18:52:02 | DEBUG    | ArcheoEpidemicChimera | t=58 Transmission : Agent#12 → Agent#15 (souche PR-004)
2026-07-27 18:52:02 | DEBUG    | ArcheoEpidemicChimera | Agent#229 reçoit mantra PR-004: «🜃 PROPHÉTIE : Dans le liminal silence, seul le sil...»
2026-07-27 18:52:02 | DEBUG    | ArcheoEpidemicChimera | t=58 Transmission : Agent#227 → Agent#229 (souche PR-004)
2026-07-27 18:52:02 | DEBUG    | ArcheoEpidemicChimera | Agent#822 reçoit mantra RF-005: «🜃 PROPHÉTIE : Dans le liminal silence, seul le sil...»
2026-07-27 18:52:02 | DEBUG    | ArcheoEpidemicChimera | t=58 Transmission : Agent#321 → Agent#822 (souche RF-005)
2026-07-27 18:52:02 | DEBUG    | ArcheoEpidemicChimera | Agent#331 reçoit mantra RF-005: «🜃 PROPHÉTIE : Dans le liminal silence, seul le sil...»
2026-07-27 18:52:02 | DEBUG    | ArcheoEpidemicChimera | t=58 Transmission : Agent#330 → Agent#331 (souche RF-005)
2026-07-27 18:52:02 | DEBUG    | ArcheoEpidemicChimera | Agent#363 reçoit mantra RF-005: «🜃 PROPHÉTIE : Dans le liminal silence, seul le sil...»
2026-07-27 18:52:02 | DEBUG    | ArcheoEpidemicChimera | t=58 Transmission : Agent#361 → Agent#363 (souche RF-005)
2026-07-27 18:52:02 | DEBUG    | ArcheoEpidemicChimera | Agent#844 reçoit mantra PR-004: «🜃 PROPHÉTIE : Dans le liminal silence, seul le sil...»
2026-07-27 18:52:02 | DEBUG    | ArcheoEpidemicChimera | t=58 Transmission : Agent#410 → Agent#844 (souche PR-004)
2026-07-27 18:52:02 | DEBUG    | ArcheoEpidemicChimera | Agent#729 reçoit mantra PR-004: «🜃 PROPHÉTIE : Dans le liminal silence, seul le sil...»
2026-07-27 18:52:02 | DEBUG    | ArcheoEpidemicChimera | t=58 Transmission : Agent#427 → Agent#729 (souche PR-004)
2026-07-27 18:52:02 | DEBUG    | ArcheoEpidemicChimera | Agent#434 reçoit mantra PR-004: «🜃 PROPHÉTIE : Dans le liminal silence, seul le sil...»
2026-07-27 18:52:02 | DEBUG    | ArcheoEpidemicChimera | t=58 Transmission : Agent#433 → Agent#434 (souche PR-004)
2026-07-27 18:52:02 | DEBUG    | ArcheoEpidemicChimera | Agent#460 reçoit mantra RF-005: «🜃 PROPHÉTIE : Dans le liminal silence, seul le sil...»
2026-07-27 18:52:02 | DEBUG    | ArcheoEpidemicChimera | t=58 Transmission : Agent#457 → Agent#460 (souche RF-005)
2026-07-27 18:52:02 | DEBUG    | ArcheoEpidemicChimera | Agent#492 reçoit mantra RF-005: «🜃 PROPHÉTIE : Dans le liminal silence, seul le sil...»
2026-07-27 18:52:02 | DEBUG    | ArcheoEpidemicChimera | t=58 Transmission : Agent#490 → Agent#492 (souche RF-005)
2026-07-27 18:52:02 | DEBUG    | ArcheoEpidemicChimera | Agent#511 reçoit mantra PR-004: «🜃 PROPHÉTIE : Dans le liminal silence, seul le sil...»
2026-07-27 18:52:02 | DEBUG    | ArcheoEpidemicChimera | t=58 Transmission : Agent#509 → Agent#511 (souche PR-004)
2026-07-27 18:52:02 | DEBUG    | ArcheoEpidemicChimera | Agent#516 reçoit mantra RF-005: «🜃 PROPHÉTIE : Dans le liminal silence, seul le sil...»
2026-07-27 18:52:02 | DEBUG    | ArcheoEpidemicChimera | t=58 Transmission : Agent#514 → Agent#516 (souche RF-005)
2026-07-27 18:52:02 | DEBUG    | ArcheoEpidemicChimera | Agent#625 reçoit mantra PR-004: «🜃 PROPHÉTIE : Dans le liminal silence, seul le sil...»
2026-07-27 18:52:02 | DEBUG    | ArcheoEpidemicChimera | t=58 Transmission : Agent#624 → Agent#625 (souche PR-004)
2026-07-27 18:52:02 | DEBUG    | ArcheoEpidemicChimera | Agent#722 reçoit mantra PR-004: «🜃 PROPHÉTIE : Dans le liminal silence, seul le sil...»
2026-07-27 18:52:02 | DEBUG    | ArcheoEpidemicChimera | t=58 Transmission : Agent#720 → Agent#722 (souche PR-004)
2026-07-27 18:52:02 | DEBUG    | ArcheoEpidemicChimera | Agent#750 reçoit mantra RF-005: «🜃 PROPHÉTIE : Dans le liminal silence, seul le sil...»
2026-07-27 18:52:02 | DEBUG    | ArcheoEpidemicChimera | t=58 Transmission : Agent#749 → Agent#750 (souche RF-005)
2026-07-27 18:52:02 | DEBUG    | ArcheoEpidemicChimera | Agent#840 reçoit mantra PR-004: «🜃 PROPHÉTIE : Dans le liminal silence, seul le sil...»
2026-07-27 18:52:02 | DEBUG    | ArcheoEpidemicChimera | t=58 Transmission : Agent#837 → Agent#840 (souche PR-004)
2026-07-27 18:52:02 | DEBUG    | ArcheoEpidemicChimera | Agent#905 reçoit mantra PR-004: «🜃 PROPHÉTIE : Dans le liminal silence, seul le sil...»
2026-07-27 18:52:02 | DEBUG    | ArcheoEpidemicChimera | t=58 Transmission : Agent#902 → Agent#905 (souche PR-004)
2026-07-27 18:52:02 | DEBUG    | ArcheoEpidemicChimera | Agent#869 reçoit mantra PR-004: «🜃 PROPHÉTIE : Dans le liminal silence, seul le sil...»
2026-07-27 18:52:02 | DEBUG    | ArcheoEpidemicChimera | t=58 Transmission : Agent#972 → Agent#869 (souche PR-004)
2026-07-27 18:52:02 | DEBUG    | ArcheoEpidemicChimera | Agent#979 reçoit mantra PR-004: «🜃 PROPHÉTIE : Dans le liminal silence, seul le sil...»
2026-07-27 18:52:02 | DEBUG    | ArcheoEpidemicChimera | t=58 Transmission : Agent#978 → Agent#979 (souche PR-004)
2026-07-27 18:52:02 | DEBUG    | ArcheoEpidemicChimera | t=58 Agent#69 se désenchante
2026-07-27 18:52:02 | DEBUG    | ArcheoEpidemicChimera | t=58 Agent#72 devient évangéliste
2026-07-27 18:52:02 | DEBUG    | ArcheoEpidemicChimera | t=58 Agent#104 devient évangéliste
2026-07-27 18:52:02 | DEBUG    | ArcheoEpidemicChimera | t=58 Agent#117 se désenchante
2026-07-27 18:52:02 | DEBUG    | ArcheoEpidemicChimera | t=58 Agent#133 devient évangéliste
2026-07-27 18:52:02 | DEBUG    | ArcheoEpidemicChimera | t=58 Agent#144 devient évangéliste
2026-07-27 18:52:02 | DEBUG    | ArcheoEpidemicChimera | t=58 Agent#165 se désenchante
2026-07-27 18:52:02 | DEBUG    | ArcheoEpidemicChimera | t=58 Agent#177 se désenchante
2026-07-27 18:52:02 | DEBUG    | ArcheoEpidemicChimera | t=58 Agent#186 se désenchante
2026-07-27 18:52:02 | DEBUG    | ArcheoEpidemicChimera | t=58 Agent#239 devient porteur silencieux
2026-07-27 18:52:02 | DEBUG    | ArcheoEpidemicChimera | t=58 Agent#263 se désenchante
2026-07-27 18:52:02 | DEBUG    | ArcheoEpidemicChimera | t=58 Agent#276 devient évangéliste
2026-07-27 18:52:02 | DEBUG    | ArcheoEpidemicChimera | t=58 Agent#300 se désenchante
2026-07-27 18:52:02 | DEBUG    | ArcheoEpidemicChimera | t=58 Agent#302 devient évangéliste
2026-07-27 18:52:02 | DEBUG    | ArcheoEpidemicChimera | t=58 Agent#308 devient porteur silencieux
2026-07-27 18:52:02 | DEBUG    | ArcheoEpidemicChimera | t=58 Agent#311 devient évangéliste
2026-07-27 18:52:02 | DEBUG    | ArcheoEpidemicChimera | t=58 Agent#329 devient évangéliste
2026-07-27 18:52:02 | DEBUG    | ArcheoEpidemicChimera | t=58 Agent#344 se désenchante
2026-07-27 18:52:02 | DEBUG    | ArcheoEpidemicChimera | t=58 Agent#347 se désenchante
2026-07-27 18:52:02 | DEBUG    | ArcheoEpidemicChimera | t=58 Agent#349 se désenchante
2026-07-27 18:52:02 | DEBUG    | ArcheoEpidemicChimera | t=58 Agent#370 devient évangéliste
2026-07-27 18:52:02 | DEBUG    | ArcheoEpidemicChimera | t=58 Agent#400 se désenchante
2026-07-27 18:52:02 | DEBUG    | ArcheoEpidemicChimera | t=58 Agent#404 devient porteur silencieux
2026-07-27 18:52:02 | DEBUG    | ArcheoEpidemicChimera | t=58 Agent#408 sombre dans l'oubli
2026-07-27 18:52:02 | DEBUG    | ArcheoEpidemicChimera | t=58 Agent#449 se désenchante
2026-07-27 18:52:02 | DEBUG    | ArcheoEpidemicChimera | t=58 Agent#505 devient évangéliste
2026-07-27 18:52:02 | DEBUG    | ArcheoEpidemicChimera | t=58 Agent#532 se désenchante
2026-07-27 18:52:02 | DEBUG    | ArcheoEpidemicChimera | t=58 Agent#542 devient évangéliste
2026-07-27 18:52:02 | DEBUG    | ArcheoEpidemicChimera | t=58 Agent#584 devient évangéliste
2026-07-27 18:52:02 | DEBUG    | ArcheoEpidemicChimera | t=58 Agent#596 devient évangéliste
2026-07-27 18:52:02 | DEBUG    | ArcheoEpidemicChimera | t=58 Agent#608 se désenchante
2026-07-27 18:52:02 | DEBUG    | ArcheoEpidemicChimera | t=58 Agent#618 devient évangéliste
2026-07-27 18:52:02 | DEBUG    | ArcheoEpidemicChimera | t=58 Agent#637 se désenchante
2026-07-27 18:52:02 | DEBUG    | ArcheoEpidemicChimera | t=58 Agent#658 devient porteur silencieux
2026-07-27 18:52:02 | DEBUG    | ArcheoEpidemicChimera | t=58 Agent#691 se désenchante
2026-07-27 18:52:02 | DEBUG    | ArcheoEpidemicChimera | t=58 Agent#693 devient évangéliste
2026-07-27 18:52:02 | DEBUG    | ArcheoEpidemicChimera | t=58 Agent#697 sombre dans l'oubli
2026-07-27 18:52:02 | DEBUG    | ArcheoEpidemicChimera | t=58 Agent#700 devient évangéliste
2026-07-27 18:52:02 | DEBUG    | ArcheoEpidemicChimera | t=58 Agent#717 se désenchante
2026-07-27 18:52:02 | DEBUG    | ArcheoEpidemicChimera | t=58 Agent#739 se désenchante
2026-07-27 18:52:02 | DEBUG    | ArcheoEpidemicChimera | t=58 Agent#834 se désenchante
2026-07-27 18:52:02 | DEBUG    | ArcheoEpidemicChimera | t=58 Agent#868 devient évangéliste
2026-07-27 18:52:02 | DEBUG    | ArcheoEpidemicChimera | t=58 Agent#870 devient évangéliste
2026-07-27 18:52:02 | DEBUG    | ArcheoEpidemicChimera | t=58 Agent#934 devient évangéliste
2026-07-27 18:52:02 | DEBUG    | ArcheoEpidemicChimera | t=58 Agent#949 se désenchante
2026-07-27 18:52:02 | DEBUG    | ArcheoEpidemicChimera | t=58 Agent#980 devient évangéliste
2026-07-27 18:52:02 | DEBUG    | ArcheoEpidemicChimera | t=58 Agent#981 devient évangéliste
2026-07-27 18:52:02 | DEBUG    | ArcheoEpidemicChimera | t=58 Agent#982 devient évangéliste
2026-07-27 18:52:02 | DEBUG    | ArcheoEpidemicChimera | t=58 | Rt=1.13 | Souches=5 | Reliques=0
2026-07-27 18:52:02 | DEBUG    | ArcheoEpidemicChimera | Agent#294 reçoit mantra RF-005: «🜃 PROPHÉTIE : Dans le liminal silence, seul le sil...»
2026-07-27 18:52:02 | DEBUG    | ArcheoEpidemicChimera | t=59 Transmission : Agent#110 → Agent#294 (souche RF-005)
2026-07-27 18:52:02 | DEBUG    | ArcheoEpidemicChimera | Agent#445 reçoit mantra PR-004: «🜃 PROPHÉTIE : Dans le liminal silence, seul le sil...»
2026-07-27 18:52:02 | DEBUG    | ArcheoEpidemicChimera | t=59 Transmission : Agent#265 → Agent#445 (souche PR-004)
2026-07-27 18:52:02 | DEBUG    | ArcheoEpidemicChimera | Agent#271 reçoit mantra RF-005: «🜃 PROPHÉTIE : Dans le liminal silence, seul le sil...»
2026-07-27 18:52:02 | DEBUG    | ArcheoEpidemicChimera | t=59 Transmission : Agent#268 → Agent#271 (souche RF-005)
2026-07-27 18:52:02 | DEBUG    | ArcheoEpidemicChimera | Agent#278 reçoit mantra PR-004: «🜃 PROPHÉTIE : Dans le liminal silence, seul le sil...»
2026-07-27 18:52:02 | DEBUG    | ArcheoEpidemicChimera | t=59 Transmission : Agent#276 → Agent#278 (souche PR-004)
2026-07-27 18:52:02 | DEBUG    | ArcheoEpidemicChimera | Agent#13 reçoit mantra RF-005: «🜃 PROPHÉTIE : Dans le liminal silence, seul le sil...»
2026-07-27 18:52:02 | DEBUG    | ArcheoEpidemicChimera | t=59 Transmission : Agent#308 → Agent#13 (souche RF-005)
2026-07-27 18:52:02 | DEBUG    | ArcheoEpidemicChimera | Agent#322 reçoit mantra RF-005: «🜃 PROPHÉTIE : Dans le liminal silence, seul le sil...»
2026-07-27 18:52:02 | DEBUG    | ArcheoEpidemicChimera | t=59 Transmission : Agent#320 → Agent#322 (souche RF-005)
2026-07-27 18:52:02 | DEBUG    | ArcheoEpidemicChimera | Agent#357 reçoit mantra PR-004: «🜃 PROPHÉTIE : Dans le liminal silence, seul le sil...»
2026-07-27 18:52:02 | DEBUG    | ArcheoEpidemicChimera | t=59 Transmission : Agent#356 → Agent#357 (souche PR-004)
2026-07-27 18:52:02 | DEBUG    | ArcheoEpidemicChimera | Agent#867 reçoit mantra RF-005: «🜃 PROPHÉTIE : Dans le liminal silence, seul le sil...»
2026-07-27 18:52:02 | DEBUG    | ArcheoEpidemicChimera | t=59 Transmission : Agent#360 → Agent#867 (souche RF-005)
2026-07-27 18:52:02 | DEBUG    | ArcheoEpidemicChimera | Agent#442 reçoit mantra PR-004: «🜃 PROPHÉTIE : Dans le liminal silence, seul le sil...»
2026-07-27 18:52:02 | DEBUG    | ArcheoEpidemicChimera | t=59 Transmission : Agent#440 → Agent#442 (souche PR-004)
2026-07-27 18:52:02 | DEBUG    | ArcheoEpidemicChimera | Agent#510 reçoit mantra PR-004: «🜃 PROPHÉTIE : Dans le liminal silence, seul le sil...»
2026-07-27 18:52:02 | DEBUG    | ArcheoEpidemicChimera | t=59 Transmission : Agent#509 → Agent#510 (souche PR-004)
2026-07-27 18:52:02 | DEBUG    | ArcheoEpidemicChimera | Agent#515 reçoit mantra RF-005: «🜃 PROPHÉTIE : Dans le liminal silence, seul le sil...»
2026-07-27 18:52:02 | DEBUG    | ArcheoEpidemicChimera | t=59 Transmission : Agent#514 → Agent#515 (souche RF-005)
2026-07-27 18:52:02 | DEBUG    | ArcheoEpidemicChimera | Agent#537 reçoit mantra PR-004: «🜃 PROPHÉTIE : Dans le liminal silence, seul le sil...»
2026-07-27 18:52:02 | DEBUG    | ArcheoEpidemicChimera | t=59 Transmission : Agent#534 → Agent#537 (souche PR-004)
2026-07-27 18:52:02 | DEBUG    | ArcheoEpidemicChimera | Agent#543 reçoit mantra PR-004: «🜃 PROPHÉTIE : Dans le liminal silence, seul le sil...»
2026-07-27 18:52:02 | DEBUG    | ArcheoEpidemicChimera | t=59 Transmission : Agent#542 → Agent#543 (souche PR-004)
2026-07-27 18:52:02 | DEBUG    | ArcheoEpidemicChimera | Agent#564 reçoit mantra PR-004: «🜃 PROPHÉTIE : Dans le liminal silence, seul le sil...»
2026-07-27 18:52:02 | DEBUG    | ArcheoEpidemicChimera | t=59 Transmission : Agent#561 → Agent#564 (souche PR-004)
2026-07-27 18:52:02 | DEBUG    | ArcheoEpidemicChimera | Agent#620 reçoit mantra RF-005: «🜃 PROPHÉTIE : Dans le liminal silence, seul le sil...»
2026-07-27 18:52:02 | DEBUG    | ArcheoEpidemicChimera | t=59 Transmission : Agent#617 → Agent#620 (souche RF-005)
2026-07-27 18:52:02 | DEBUG    | ArcheoEpidemicChimera | Agent#646 reçoit mantra PR-004: «🜃 PROPHÉTIE : Dans le liminal silence, seul le sil...»
2026-07-27 18:52:02 | DEBUG    | ArcheoEpidemicChimera | t=59 Transmission : Agent#644 → Agent#646 (souche PR-004)
2026-07-27 18:52:02 | DEBUG    | ArcheoEpidemicChimera | Agent#660 reçoit mantra PR-004: «🜃 PROPHÉTIE : Dans le liminal silence, seul le sil...»
2026-07-27 18:52:02 | DEBUG    | ArcheoEpidemicChimera | t=59 Transmission : Agent#658 → Agent#660 (souche PR-004)
2026-07-27 18:52:02 | DEBUG    | ArcheoEpidemicChimera | Agent#708 reçoit mantra PR-004: «🜃 PROPHÉTIE : Dans le liminal silence, seul le sil...»
2026-07-27 18:52:02 | DEBUG    | ArcheoEpidemicChimera | t=59 Transmission : Agent#705 → Agent#708 (souche PR-004)
2026-07-27 18:52:02 | DEBUG    | ArcheoEpidemicChimera | Agent#753 reçoit mantra RF-005: «🜃 PROPHÉTIE : Dans le liminal silence, seul le sil...»
2026-07-27 18:52:02 | DEBUG    | ArcheoEpidemicChimera | t=59 Transmission : Agent#752 → Agent#753 (souche RF-005)
2026-07-27 18:52:02 | DEBUG    | ArcheoEpidemicChimera | Agent#760 reçoit mantra PR-004: «🜃 PROPHÉTIE : Dans le liminal silence, seul le sil...»
2026-07-27 18:52:02 | DEBUG    | ArcheoEpidemicChimera | t=59 Transmission : Agent#757 → Agent#760 (souche PR-004)
2026-07-27 18:52:02 | DEBUG    | ArcheoEpidemicChimera | Agent#795 reçoit mantra RF-005: «🜃 PROPHÉTIE : Dans le liminal silence, seul le sil...»
2026-07-27 18:52:02 | DEBUG    | ArcheoEpidemicChimera | t=59 Transmission : Agent#794 → Agent#795 (souche RF-005)
2026-07-27 18:52:02 | DEBUG    | ArcheoEpidemicChimera | Agent#900 reçoit mantra PR-004: «🜃 PROPHÉTIE : Dans le liminal silence, seul le sil...»
2026-07-27 18:52:02 | DEBUG    | ArcheoEpidemicChimera | t=59 Transmission : Agent#899 → Agent#900 (souche PR-004)
2026-07-27 18:52:02 | DEBUG    | ArcheoEpidemicChimera | Agent#906 reçoit mantra PR-004: «🜃 PROPHÉTIE : Dans le liminal silence, seul le sil...»
2026-07-27 18:52:02 | DEBUG    | ArcheoEpidemicChimera | t=59 Transmission : Agent#904 → Agent#906 (souche PR-004)
2026-07-27 18:52:02 | DEBUG    | ArcheoEpidemicChimera | Agent#935 reçoit mantra RF-005: «🜃 PROPHÉTIE : Dans le liminal silence, seul le sil...»
2026-07-27 18:52:02 | DEBUG    | ArcheoEpidemicChimera | t=59 Transmission : Agent#934 → Agent#935 (souche RF-005)
2026-07-27 18:52:02 | DEBUG    | ArcheoEpidemicChimera | Agent#984 reçoit mantra RF-005: «🜃 PROPHÉTIE : Dans le liminal silence, seul le sil...»
2026-07-27 18:52:02 | DEBUG    | ArcheoEpidemicChimera | t=59 Transmission : Agent#982 → Agent#984 (souche RF-005)
2026-07-27 18:52:02 | DEBUG    | ArcheoEpidemicChimera | t=59 Agent#15 devient évangéliste
2026-07-27 18:52:02 | DEBUG    | ArcheoEpidemicChimera | t=59 Agent#40 se désenchante
2026-07-27 18:52:02 | DEBUG    | ArcheoEpidemicChimera | t=59 Agent#72 se désenchante
2026-07-27 18:52:02 | DEBUG    | ArcheoEpidemicChimera | t=59 Agent#82 sombre dans l'oubli
2026-07-27 18:52:02 | DEBUG    | ArcheoEpidemicChimera | t=59 Agent#94 devient porteur silencieux
2026-07-27 18:52:02 | DEBUG    | ArcheoEpidemicChimera | t=59 Agent#130 se désenchante
2026-07-27 18:52:02 | DEBUG    | ArcheoEpidemicChimera | t=59 Agent#155 se désenchante
2026-07-27 18:52:02 | DEBUG    | ArcheoEpidemicChimera | t=59 Agent#168 se désenchante
2026-07-27 18:52:02 | DEBUG    | ArcheoEpidemicChimera | t=59 Agent#180 se désenchante
2026-07-27 18:52:02 | DEBUG    | ArcheoEpidemicChimera | t=59 Agent#184 se désenchante
2026-07-27 18:52:02 | DEBUG    | ArcheoEpidemicChimera | t=59 Agent#200 devient évangéliste
2026-07-27 18:52:02 | DEBUG    | ArcheoEpidemicChimera | t=59 Agent#229 devient évangéliste
2026-07-27 18:52:02 | DEBUG    | ArcheoEpidemicChimera | t=59 Agent#265 se désenchante
2026-07-27 18:52:02 | DEBUG    | ArcheoEpidemicChimera | t=59 Agent#295 se désenchante
2026-07-27 18:52:02 | DEBUG    | ArcheoEpidemicChimera | t=59 Agent#301 se désenchante
2026-07-27 18:52:02 | DEBUG    | ArcheoEpidemicChimera | t=59 Agent#304 devient évangéliste
2026-07-27 18:52:02 | DEBUG    | ArcheoEpidemicChimera | t=59 Agent#324 se désenchante
2026-07-27 18:52:02 | DEBUG    | ArcheoEpidemicChimera | t=59 Agent#327 se désenchante
2026-07-27 18:52:02 | DEBUG    | ArcheoEpidemicChimera | t=59 Agent#329 se désenchante
2026-07-27 18:52:02 | DEBUG    | ArcheoEpidemicChimera | t=59 Agent#331 devient évangéliste
2026-07-27 18:52:02 | DEBUG    | ArcheoEpidemicChimera | t=59 Agent#363 devient évangéliste
2026-07-27 18:52:02 | DEBUG    | ArcheoEpidemicChimera | t=59 Agent#367 devient porteur silencieux
2026-07-27 18:52:02 | DEBUG    | ArcheoEpidemicChimera | t=59 Agent#419 devient porteur silencieux
2026-07-27 18:52:02 | DEBUG    | ArcheoEpidemicChimera | t=59 Agent#434 devient évangéliste
2026-07-27 18:52:02 | DEBUG    | ArcheoEpidemicChimera | t=59 Agent#440 se désenchante
2026-07-27 18:52:02 | DEBUG    | ArcheoEpidemicChimera | t=59 Agent#460 devient évangéliste
2026-07-27 18:52:02 | DEBUG    | ArcheoEpidemicChimera | t=59 Agent#468 se désenchante
2026-07-27 18:52:02 | DEBUG    | ArcheoEpidemicChimera | t=59 Agent#509 se désenchante
2026-07-27 18:52:02 | DEBUG    | ArcheoEpidemicChimera | t=59 Agent#511 devient évangéliste
2026-07-27 18:52:02 | DEBUG    | ArcheoEpidemicChimera | t=59 Agent#516 devient porteur silencieux
2026-07-27 18:52:02 | DEBUG    | ArcheoEpidemicChimera | t=59 Agent#585 se désenchante
2026-07-27 18:52:02 | DEBUG    | ArcheoEpidemicChimera | t=59 Agent#593 se désenchante
2026-07-27 18:52:02 | DEBUG    | ArcheoEpidemicChimera | t=59 Agent#644 se désenchante
2026-07-27 18:52:02 | DEBUG    | ArcheoEpidemicChimera | t=59 Agent#659 devient évangéliste
2026-07-27 18:52:02 | DEBUG    | ArcheoEpidemicChimera | t=59 Agent#722 devient porteur silencieux
2026-07-27 18:52:02 | DEBUG    | ArcheoEpidemicChimera | t=59 Agent#729 devient porteur silencieux
2026-07-27 18:52:02 | DEBUG    | ArcheoEpidemicChimera | t=59 Agent#737 se désenchante
2026-07-27 18:52:02 | DEBUG    | ArcheoEpidemicChimera | t=59 Agent#750 devient évangéliste
2026-07-27 18:52:02 | DEBUG    | ArcheoEpidemicChimera | t=59 Agent#789 se désenchante
2026-07-27 18:52:02 | DEBUG    | ArcheoEpidemicChimera | t=59 Agent#799 se désenchante
2026-07-27 18:52:02 | DEBUG    | ArcheoEpidemicChimera | t=59 Agent#822 devient évangéliste
2026-07-27 18:52:02 | DEBUG    | ArcheoEpidemicChimera | t=59 Agent#836 devient évangéliste
2026-07-27 18:52:02 | DEBUG    | ArcheoEpidemicChimera | t=59 Agent#844 devient évangéliste
2026-07-27 18:52:02 | DEBUG    | ArcheoEpidemicChimera | t=59 Agent#869 devient évangéliste
2026-07-27 18:52:02 | DEBUG    | ArcheoEpidemicChimera | t=59 Agent#905 devient porteur silencieux
2026-07-27 18:52:02 | DEBUG    | ArcheoEpidemicChimera | t=59 Agent#953 se désenchante
2026-07-27 18:52:02 | DEBUG    | ArcheoEpidemicChimera | t=59 Agent#999 se désenchante
2026-07-27 18:52:02 | DEBUG    | ArcheoEpidemicChimera | t=59 | Rt=1.14 | Souches=5 | Reliques=0
2026-07-27 18:52:02 | DEBUG    | ArcheoEpidemicChimera | Agent#88 reçoit mantra RF-005: «🜃 PROPHÉTIE : Dans le liminal silence, seul le sil...»
2026-07-27 18:52:02 | DEBUG    | ArcheoEpidemicChimera | t=60 Transmission : Agent#87 → Agent#88 (souche RF-005)
2026-07-27 18:52:02 | DEBUG    | ArcheoEpidemicChimera | Agent#139 reçoit mantra RF-005: «🜃 PROPHÉTIE : Dans le liminal silence, seul le sil...»
2026-07-27 18:52:02 | DEBUG    | ArcheoEpidemicChimera | t=60 Transmission : Agent#138 → Agent#139 (souche RF-005)
2026-07-27 18:52:02 | DEBUG    | ArcheoEpidemicChimera | Agent#145 reçoit mantra RF-005: «🜃 PROPHÉTIE : Dans le liminal silence, seul le sil...»
2026-07-27 18:52:02 | DEBUG    | ArcheoEpidemicChimera | t=60 Transmission : Agent#144 → Agent#145 (souche RF-005)
2026-07-27 18:52:02 | DEBUG    | ArcheoEpidemicChimera | Agent#231 reçoit mantra PR-004: «🜃 PROPHÉTIE : Dans le liminal silence, seul le sil...»
2026-07-27 18:52:02 | DEBUG    | ArcheoEpidemicChimera | t=60 Transmission : Agent#229 → Agent#231 (souche PR-004)
2026-07-27 18:52:02 | DEBUG    | ArcheoEpidemicChimera | Agent#381 reçoit mantra RF-005: «🜃 PROPHÉTIE : Dans le liminal silence, seul le sil...»
2026-07-27 18:52:02 | DEBUG    | ArcheoEpidemicChimera | t=60 Transmission : Agent#269 → Agent#381 (souche RF-005)
2026-07-27 18:52:02 | DEBUG    | ArcheoEpidemicChimera | Agent#279 reçoit mantra PR-004: «🜃 PROPHÉTIE : Dans le liminal silence, seul le sil...»
2026-07-27 18:52:02 | DEBUG    | ArcheoEpidemicChimera | t=60 Transmission : Agent#276 → Agent#279 (souche PR-004)
2026-07-27 18:52:02 | DEBUG    | ArcheoEpidemicChimera | Agent#334 reçoit mantra RF-005: «🜃 PROPHÉTIE : Dans le liminal silence, seul le sil...»
2026-07-27 18:52:02 | DEBUG    | ArcheoEpidemicChimera | t=60 Transmission : Agent#331 → Agent#334 (souche RF-005)
2026-07-27 18:52:02 | DEBUG    | ArcheoEpidemicChimera | Agent#341 reçoit mantra RF-005: «🜃 PROPHÉTIE : Dans le liminal silence, seul le sil...»
2026-07-27 18:52:02 | DEBUG    | ArcheoEpidemicChimera | t=60 Transmission : Agent#340 → Agent#341 (souche RF-005)
2026-07-27 18:52:02 | DEBUG    | ArcheoEpidemicChimera | Agent#463 reçoit mantra RF-005: «🜃 PROPHÉTIE : Dans le liminal silence, seul le sil...»
2026-07-27 18:52:02 | DEBUG    | ArcheoEpidemicChimera | t=60 Transmission : Agent#360 → Agent#463 (souche RF-005)
2026-07-27 18:52:02 | DEBUG    | ArcheoEpidemicChimera | Agent#405 reçoit mantra RF-005: «🜃 PROPHÉTIE : Dans le liminal silence, seul le sil...»
2026-07-27 18:52:02 | DEBUG    | ArcheoEpidemicChimera | t=60 Transmission : Agent#402 → Agent#405 (souche RF-005)
2026-07-27 18:52:02 | DEBUG    | ArcheoEpidemicChimera | Agent#444 reçoit mantra PR-004: «🜃 PROPHÉTIE : Dans le liminal silence, seul le sil...»
2026-07-27 18:52:02 | DEBUG    | ArcheoEpidemicChimera | t=60 Transmission : Agent#441 → Agent#444 (souche PR-004)
2026-07-27 18:52:02 | DEBUG    | ArcheoEpidemicChimera | Agent#461 reçoit mantra RF-005: «🜃 PROPHÉTIE : Dans le liminal silence, seul le sil...»
2026-07-27 18:52:02 | DEBUG    | ArcheoEpidemicChimera | t=60 Transmission : Agent#460 → Agent#461 (souche RF-005)
2026-07-27 18:52:02 | DEBUG    | ArcheoEpidemicChimera | Agent#518 reçoit mantra RF-005: «🜃 PROPHÉTIE : Dans le liminal silence, seul le sil...»
2026-07-27 18:52:02 | DEBUG    | ArcheoEpidemicChimera | t=60 Transmission : Agent#516 → Agent#518 (souche RF-005)
2026-07-27 18:52:02 | DEBUG    | ArcheoEpidemicChimera | Agent#538 reçoit mantra RF-005: «🜃 PROPHÉTIE : Dans le liminal silence, seul le sil...»
2026-07-27 18:52:02 | DEBUG    | ArcheoEpidemicChimera | t=60 Transmission : Agent#536 → Agent#538 (souche RF-005)
2026-07-27 18:52:02 | DEBUG    | ArcheoEpidemicChimera | Agent#540 reçoit mantra PR-004: «🜃 PROPHÉTIE : Dans le liminal silence, seul le sil...»
2026-07-27 18:52:02 | DEBUG    | ArcheoEpidemicChimera | t=60 Transmission : Agent#539 → Agent#540 (souche PR-004)
2026-07-27 18:52:02 | DEBUG    | ArcheoEpidemicChimera | Agent#598 reçoit mantra RF-005: «🜃 PROPHÉTIE : Dans le liminal silence, seul le sil...»
2026-07-27 18:52:02 | DEBUG    | ArcheoEpidemicChimera | t=60 Transmission : Agent#595 → Agent#598 (souche RF-005)
2026-07-27 18:52:02 | DEBUG    | ArcheoEpidemicChimera | Agent#839 reçoit mantra PR-004: «🜃 PROPHÉTIE : Dans le liminal silence, seul le sil...»
2026-07-27 18:52:02 | DEBUG    | ArcheoEpidemicChimera | t=60 Transmission : Agent#836 → Agent#839 (souche PR-004)
2026-07-27 18:52:02 | DEBUG    | ArcheoEpidemicChimera | Agent#872 reçoit mantra PR-004: «🜃 PROPHÉTIE : Dans le liminal silence, seul le sil...»
2026-07-27 18:52:02 | DEBUG    | ArcheoEpidemicChimera | t=60 Transmission : Agent#869 → Agent#872 (souche PR-004)
2026-07-27 18:52:02 | DEBUG    | ArcheoEpidemicChimera | Agent#931 reçoit mantra RF-005: «🜃 PROPHÉTIE : Dans le liminal silence, seul le sil...»
2026-07-27 18:52:02 | DEBUG    | ArcheoEpidemicChimera | t=60 Transmission : Agent#929 → Agent#931 (souche RF-005)
2026-07-27 18:52:02 | INFO     | ArcheoEpidemicChimera | t=60 📖 MYTHE FONDATEUR créé : MYTH-003 (3 versets)
2026-07-27 18:52:02 | DEBUG    | ArcheoEpidemicChimera | t=60 Agent#60 se désenchante
2026-07-27 18:52:02 | DEBUG    | ArcheoEpidemicChimera | t=60 Agent#90 se désenchante
2026-07-27 18:52:02 | DEBUG    | ArcheoEpidemicChimera | t=60 Agent#128 sombre dans l'oubli
2026-07-27 18:52:02 | DEBUG    | ArcheoEpidemicChimera | t=60 Agent#198 se désenchante
2026-07-27 18:52:02 | DEBUG    | ArcheoEpidemicChimera | t=60 Agent#271 devient évangéliste
2026-07-27 18:52:02 | DEBUG    | ArcheoEpidemicChimera | t=60 Agent#278 devient évangéliste
2026-07-27 18:52:02 | DEBUG    | ArcheoEpidemicChimera | t=60 Agent#294 devient évangéliste
2026-07-27 18:52:02 | DEBUG    | ArcheoEpidemicChimera | t=60 Agent#322 devient porteur silencieux
2026-07-27 18:52:02 | DEBUG    | ArcheoEpidemicChimera | t=60 Agent#376 se désenchante
2026-07-27 18:52:02 | DEBUG    | ArcheoEpidemicChimera | t=60 Agent#410 se désenchante
2026-07-27 18:52:02 | DEBUG    | ArcheoEpidemicChimera | t=60 Agent#416 se désenchante
2026-07-27 18:52:02 | DEBUG    | ArcheoEpidemicChimera | t=60 Agent#442 devient évangéliste
2026-07-27 18:52:02 | DEBUG    | ArcheoEpidemicChimera | t=60 Agent#445 devient évangéliste
2026-07-27 18:52:02 | DEBUG    | ArcheoEpidemicChimera | t=60 Agent#473 se désenchante
2026-07-27 18:52:02 | DEBUG    | ArcheoEpidemicChimera | t=60 Agent#489 se désenchante
2026-07-27 18:52:02 | DEBUG    | ArcheoEpidemicChimera | t=60 Agent#492 devient porteur silencieux
2026-07-27 18:52:02 | DEBUG    | ArcheoEpidemicChimera | t=60 Agent#510 devient évangéliste
2026-07-27 18:52:02 | DEBUG    | ArcheoEpidemicChimera | t=60 Agent#515 devient porteur silencieux
2026-07-27 18:52:02 | DEBUG    | ArcheoEpidemicChimera | t=60 Agent#537 devient évangéliste
2026-07-27 18:52:02 | DEBUG    | ArcheoEpidemicChimera | t=60 Agent#543 devient évangéliste
2026-07-27 18:52:02 | DEBUG    | ArcheoEpidemicChimera | t=60 Agent#564 devient évangéliste
2026-07-27 18:52:02 | DEBUG    | ArcheoEpidemicChimera | t=60 Agent#587 se désenchante
2026-07-27 18:52:02 | DEBUG    | ArcheoEpidemicChimera | t=60 Agent#610 se désenchante
2026-07-27 18:52:02 | DEBUG    | ArcheoEpidemicChimera | t=60 Agent#620 devient évangéliste
2026-07-27 18:52:02 | DEBUG    | ArcheoEpidemicChimera | t=60 Agent#625 devient évangéliste
2026-07-27 18:52:02 | DEBUG    | ArcheoEpidemicChimera | t=60 Agent#646 devient évangéliste
2026-07-27 18:52:02 | DEBUG    | ArcheoEpidemicChimera | t=60 Agent#660 devient évangéliste
2026-07-27 18:52:02 | DEBUG    | ArcheoEpidemicChimera | t=60 Agent#708 devient évangéliste
2026-07-27 18:52:02 | DEBUG    | ArcheoEpidemicChimera | t=60 Agent#753 devient évangéliste
2026-07-27 18:52:02 | DEBUG    | ArcheoEpidemicChimera | t=60 Agent#760 devient évangéliste
2026-07-27 18:52:02 | DEBUG    | ArcheoEpidemicChimera | t=60 Agent#780 se désenchante
2026-07-27 18:52:02 | DEBUG    | ArcheoEpidemicChimera | t=60 Agent#795 devient évangéliste
2026-07-27 18:52:02 | DEBUG    | ArcheoEpidemicChimera | t=60 Agent#797 se désenchante
2026-07-27 18:52:02 | DEBUG    | ArcheoEpidemicChimera | t=60 Agent#837 se désenchante
2026-07-27 18:52:02 | DEBUG    | ArcheoEpidemicChimera | t=60 Agent#840 devient évangéliste
2026-07-27 18:52:02 | DEBUG    | ArcheoEpidemicChimera | t=60 Agent#900 devient évangéliste
2026-07-27 18:52:02 | DEBUG    | ArcheoEpidemicChimera | t=60 Agent#906 devient évangéliste
2026-07-27 18:52:02 | DEBUG    | ArcheoEpidemicChimera | t=60 Agent#935 devient évangéliste
2026-07-27 18:52:02 | DEBUG    | ArcheoEpidemicChimera | t=60 Agent#943 se désenchante
2026-07-27 18:52:02 | DEBUG    | ArcheoEpidemicChimera | t=60 Agent#945 se désenchante
2026-07-27 18:52:02 | DEBUG    | ArcheoEpidemicChimera | t=60 Agent#978 se désenchante
2026-07-27 18:52:02 | DEBUG    | ArcheoEpidemicChimera | t=60 Agent#979 devient évangéliste
2026-07-27 18:52:02 | DEBUG    | ArcheoEpidemicChimera | t=60 Agent#982 se désenchante
2026-07-27 18:52:02 | DEBUG    | ArcheoEpidemicChimera | t=60 Agent#984 devient évangéliste
2026-07-27 18:52:02 | DEBUG    | ArcheoEpidemicChimera | t=60 | Rt=1.13 | Souches=5 | Reliques=0
2026-07-27 18:52:02 | DEBUG    | ArcheoEpidemicChimera | Agent#99 reçoit mantra PR-004: «🜃 PROPHÉTIE : Dans le liminal silence, seul le sil...»
2026-07-27 18:52:02 | DEBUG    | ArcheoEpidemicChimera | t=61 Transmission : Agent#96 → Agent#99 (souche PR-004)
2026-07-27 18:52:02 | DEBUG    | ArcheoEpidemicChimera | Agent#159 reçoit mantra RF-005: «🜃 PROPHÉTIE : Dans le liminal silence, seul le sil...»
2026-07-27 18:52:02 | DEBUG    | ArcheoEpidemicChimera | t=61 Transmission : Agent#156 → Agent#159 (souche RF-005)
2026-07-27 18:52:02 | DEBUG    | ArcheoEpidemicChimera | Agent#270 reçoit mantra RF-005: «🜃 PROPHÉTIE : Dans le liminal silence, seul le sil...»
2026-07-27 18:52:02 | DEBUG    | ArcheoEpidemicChimera | t=61 Transmission : Agent#268 → Agent#270 (souche RF-005)
2026-07-27 18:52:02 | DEBUG    | ArcheoEpidemicChimera | Agent#285 reçoit mantra RF-005: «🜃 PROPHÉTIE : Dans le liminal silence, seul le sil...»
2026-07-27 18:52:02 | DEBUG    | ArcheoEpidemicChimera | t=61 Transmission : Agent#282 → Agent#285 (souche RF-005)
2026-07-27 18:52:02 | DEBUG    | ArcheoEpidemicChimera | Agent#833 reçoit mantra RF-005: «🜃 PROPHÉTIE : Dans le liminal silence, seul le sil...»
2026-07-27 18:52:02 | DEBUG    | ArcheoEpidemicChimera | t=61 Transmission : Agent#311 → Agent#833 (souche RF-005)
2026-07-27 18:52:02 | DEBUG    | ArcheoEpidemicChimera | Agent#21 reçoit mantra RF-005: «🜃 PROPHÉTIE : Dans le liminal silence, seul le sil...»
2026-07-27 18:52:02 | DEBUG    | ArcheoEpidemicChimera | t=61 Transmission : Agent#360 → Agent#21 (souche RF-005)
2026-07-27 18:52:02 | DEBUG    | ArcheoEpidemicChimera | Agent#459 reçoit mantra PR-004: «🜃 PROPHÉTIE : Dans le liminal silence, seul le sil...»
2026-07-27 18:52:02 | DEBUG    | ArcheoEpidemicChimera | t=61 Transmission : Agent#456 → Agent#459 (souche PR-004)
2026-07-27 18:52:02 | DEBUG    | ArcheoEpidemicChimera | Agent#458 reçoit mantra RF-005: «🜃 PROPHÉTIE : Dans le liminal silence, seul le sil...»
2026-07-27 18:52:02 | DEBUG    | ArcheoEpidemicChimera | t=61 Transmission : Agent#457 → Agent#458 (souche RF-005)
2026-07-27 18:52:02 | DEBUG    | ArcheoEpidemicChimera | Agent#508 reçoit mantra MV-003: «Le miroir fractal et le réseau dansent phénix de c...»
2026-07-27 18:52:02 | DEBUG    | ArcheoEpidemicChimera | t=61 Transmission : Agent#505 → Agent#508 (souche MV-003)
2026-07-27 18:52:02 | DEBUG    | ArcheoEpidemicChimera | Agent#512 reçoit mantra PR-004: «🜃 PROPHÉTIE : Dans le liminal silence, seul le sil...»
2026-07-27 18:52:02 | DEBUG    | ArcheoEpidemicChimera | t=61 Transmission : Agent#511 → Agent#512 (souche PR-004)
2026-07-27 18:52:02 | DEBUG    | ArcheoEpidemicChimera | Agent#696 reçoit mantra RF-005: «🜃 PROPHÉTIE : Dans le liminal silence, seul le sil...»
2026-07-27 18:52:02 | DEBUG    | ArcheoEpidemicChimera | t=61 Transmission : Agent#693 → Agent#696 (souche RF-005)
2026-07-27 18:52:02 | DEBUG    | ArcheoEpidemicChimera | Agent#762 reçoit mantra PR-004: «🜃 PROPHÉTIE : Dans le liminal silence, seul le sil...»
2026-07-27 18:52:02 | DEBUG    | ArcheoEpidemicChimera | t=61 Transmission : Agent#760 → Agent#762 (souche PR-004)
2026-07-27 18:52:02 | DEBUG    | ArcheoEpidemicChimera | Agent#36 reçoit mantra RF-005: «🜃 PROPHÉTIE : Dans le liminal silence, seul le sil...»
2026-07-27 18:52:02 | DEBUG    | ArcheoEpidemicChimera | t=61 Transmission : Agent#823 → Agent#36 (souche RF-005)
2026-07-27 18:52:02 | DEBUG    | ArcheoEpidemicChimera | Agent#874 reçoit mantra PR-004: «🜃 PROPHÉTIE : Dans le liminal silence, seul le sil...»
2026-07-27 18:52:02 | DEBUG    | ArcheoEpidemicChimera | t=61 Transmission : Agent#873 → Agent#874 (souche PR-004)
2026-07-27 18:52:02 | DEBUG    | ArcheoEpidemicChimera | t=61 Agent#13 devient évangéliste
2026-07-27 18:52:02 | DEBUG    | ArcheoEpidemicChimera | t=61 Agent#30 se désenchante
2026-07-27 18:52:02 | DEBUG    | ArcheoEpidemicChimera | t=61 Agent#88 devient évangéliste
2026-07-27 18:52:02 | DEBUG    | ArcheoEpidemicChimera | t=61 Agent#133 se désenchante
2026-07-27 18:52:02 | DEBUG    | ArcheoEpidemicChimera | t=61 Agent#139 devient évangéliste
2026-07-27 18:52:02 | DEBUG    | ArcheoEpidemicChimera | t=61 Agent#145 devient porteur silencieux
2026-07-27 18:52:02 | DEBUG    | ArcheoEpidemicChimera | t=61 Agent#220 se désenchante
2026-07-27 18:52:02 | DEBUG    | ArcheoEpidemicChimera | t=61 Agent#231 devient évangéliste
2026-07-27 18:52:02 | DEBUG    | ArcheoEpidemicChimera | t=61 Agent#268 se désenchante
2026-07-27 18:52:02 | DEBUG    | ArcheoEpidemicChimera | t=61 Agent#279 devient évangéliste
2026-07-27 18:52:02 | DEBUG    | ArcheoEpidemicChimera | t=61 Agent#315 se désenchante
2026-07-27 18:52:02 | DEBUG    | ArcheoEpidemicChimera | t=61 Agent#334 devient porteur silencieux
2026-07-27 18:52:02 | DEBUG    | ArcheoEpidemicChimera | t=61 Agent#341 devient évangéliste
2026-07-27 18:52:02 | DEBUG    | ArcheoEpidemicChimera | t=61 Agent#357 devient évangéliste
2026-07-27 18:52:02 | DEBUG    | ArcheoEpidemicChimera | t=61 Agent#381 devient évangéliste
2026-07-27 18:52:02 | DEBUG    | ArcheoEpidemicChimera | t=61 Agent#405 devient porteur silencieux
2026-07-27 18:52:02 | DEBUG    | ArcheoEpidemicChimera | t=61 Agent#417 se désenchante
2026-07-27 18:52:02 | DEBUG    | ArcheoEpidemicChimera | t=61 Agent#444 devient évangéliste
2026-07-27 18:52:02 | DEBUG    | ArcheoEpidemicChimera | t=61 Agent#461 devient porteur silencieux
2026-07-27 18:52:02 | DEBUG    | ArcheoEpidemicChimera | t=61 Agent#518 devient évangéliste
2026-07-27 18:52:02 | DEBUG    | ArcheoEpidemicChimera | t=61 Agent#540 devient évangéliste
2026-07-27 18:52:02 | DEBUG    | ArcheoEpidemicChimera | t=61 Agent#598 devient évangéliste
2026-07-27 18:52:02 | DEBUG    | ArcheoEpidemicChimera | t=61 Agent#620 se désenchante
2026-07-27 18:52:02 | DEBUG    | ArcheoEpidemicChimera | t=61 Agent#730 se désenchante
2026-07-27 18:52:02 | DEBUG    | ArcheoEpidemicChimera | t=61 Agent#743 se désenchante
2026-07-27 18:52:02 | DEBUG    | ArcheoEpidemicChimera | t=61 Agent#747 se désenchante
2026-07-27 18:52:02 | DEBUG    | ArcheoEpidemicChimera | t=61 Agent#836 se désenchante
2026-07-27 18:52:02 | DEBUG    | ArcheoEpidemicChimera | t=61 Agent#839 devient évangéliste
2026-07-27 18:52:02 | DEBUG    | ArcheoEpidemicChimera | t=61 Agent#844 se désenchante
2026-07-27 18:52:02 | DEBUG    | ArcheoEpidemicChimera | t=61 Agent#867 devient évangéliste
2026-07-27 18:52:02 | DEBUG    | ArcheoEpidemicChimera | t=61 Agent#872 devient évangéliste
2026-07-27 18:52:02 | DEBUG    | ArcheoEpidemicChimera | t=61 Agent#873 se désenchante
2026-07-27 18:52:02 | DEBUG    | ArcheoEpidemicChimera | t=61 Agent#931 devient évangéliste
2026-07-27 18:52:02 | DEBUG    | ArcheoEpidemicChimera | t=61 Agent#983 se désenchante
2026-07-27 18:52:02 | DEBUG    | ArcheoEpidemicChimera | t=61 | Rt=1.13 | Souches=5 | Reliques=0
2026-07-27 18:52:02 | DEBUG    | ArcheoEpidemicChimera | Agent#17 reçoit mantra PR-004: «🜃 PROPHÉTIE : Dans le liminal silence, seul le sil...»
2026-07-27 18:52:02 | DEBUG    | ArcheoEpidemicChimera | t=62 Transmission : Agent#15 → Agent#17 (souche PR-004)
2026-07-27 18:52:02 | DEBUG    | ArcheoEpidemicChimera | Agent#838 reçoit mantra RF-005: «🜃 PROPHÉTIE : Dans le liminal silence, seul le sil...»
2026-07-27 18:52:02 | DEBUG    | ArcheoEpidemicChimera | t=62 Transmission : Agent#104 → Agent#838 (souche RF-005)
2026-07-27 18:52:02 | DEBUG    | ArcheoEpidemicChimera | Agent#141 reçoit mantra RF-005: «🜃 PROPHÉTIE : Dans le liminal silence, seul le sil...»
2026-07-27 18:52:02 | DEBUG    | ArcheoEpidemicChimera | t=62 Transmission : Agent#139 → Agent#141 (souche RF-005)
2026-07-27 18:52:02 | DEBUG    | ArcheoEpidemicChimera | Agent#146 reçoit mantra RF-005: «🜃 PROPHÉTIE : Dans le liminal silence, seul le sil...»
2026-07-27 18:52:02 | DEBUG    | ArcheoEpidemicChimera | t=62 Transmission : Agent#144 → Agent#146 (souche RF-005)
2026-07-27 18:52:02 | DEBUG    | ArcheoEpidemicChimera | Agent#234 reçoit mantra PR-004: «🜃 PROPHÉTIE : Dans le liminal silence, seul le sil...»
2026-07-27 18:52:02 | DEBUG    | ArcheoEpidemicChimera | t=62 Transmission : Agent#231 → Agent#234 (souche PR-004)
2026-07-27 18:52:02 | DEBUG    | ArcheoEpidemicChimera | Agent#310 reçoit mantra RF-005: «🜃 PROPHÉTIE : Dans le liminal silence, seul le sil...»
2026-07-27 18:52:02 | DEBUG    | ArcheoEpidemicChimera | t=62 Transmission : Agent#341 → Agent#310 (souche RF-005)
2026-07-27 18:52:02 | DEBUG    | ArcheoEpidemicChimera | Agent#358 reçoit mantra PR-004: «🜃 PROPHÉTIE : Dans le liminal silence, seul le sil...»
2026-07-27 18:52:02 | DEBUG    | ArcheoEpidemicChimera | t=62 Transmission : Agent#357 → Agent#358 (souche PR-004)
2026-07-27 18:52:02 | DEBUG    | ArcheoEpidemicChimera | Agent#364 reçoit mantra RF-005: «🜃 PROPHÉTIE : Dans le liminal silence, seul le sil...»
2026-07-27 18:52:02 | DEBUG    | ArcheoEpidemicChimera | t=62 Transmission : Agent#363 → Agent#364 (souche RF-005)
2026-07-27 18:52:02 | DEBUG    | ArcheoEpidemicChimera | Agent#383 reçoit mantra RF-005: «🜃 PROPHÉTIE : Dans le liminal silence, seul le sil...»
2026-07-27 18:52:02 | DEBUG    | ArcheoEpidemicChimera | t=62 Transmission : Agent#381 → Agent#383 (souche RF-005)
2026-07-27 18:52:02 | DEBUG    | ArcheoEpidemicChimera | Agent#406 reçoit mantra RF-005: «🜃 PROPHÉTIE : Dans le liminal silence, seul le sil...»
2026-07-27 18:52:02 | DEBUG    | ArcheoEpidemicChimera | t=62 Transmission : Agent#403 → Agent#406 (souche RF-005)
2026-07-27 18:52:02 | DEBUG    | ArcheoEpidemicChimera | Agent#513 reçoit mantra PR-004: «🜃 PROPHÉTIE : Dans le liminal silence, seul le sil...»
2026-07-27 18:52:02 | DEBUG    | ArcheoEpidemicChimera | t=62 Transmission : Agent#511 → Agent#513 (souche PR-004)
2026-07-27 18:52:02 | DEBUG    | ArcheoEpidemicChimera | Agent#519 reçoit mantra RF-005: «🜃 PROPHÉTIE : Dans le liminal silence, seul le sil...»
2026-07-27 18:52:02 | DEBUG    | ArcheoEpidemicChimera | t=62 Transmission : Agent#518 → Agent#519 (souche RF-005)
2026-07-27 18:52:02 | DEBUG    | ArcheoEpidemicChimera | Agent#558 reçoit mantra RF-005: «🜃 PROPHÉTIE : Dans le liminal silence, seul le sil...»
2026-07-27 18:52:02 | DEBUG    | ArcheoEpidemicChimera | t=62 Transmission : Agent#555 → Agent#558 (souche RF-005)
2026-07-27 18:52:02 | DEBUG    | ArcheoEpidemicChimera | Agent#569 reçoit mantra PR-004: «🜃 PROPHÉTIE : Dans le liminal silence, seul le sil...»
2026-07-27 18:52:02 | DEBUG    | ArcheoEpidemicChimera | t=62 Transmission : Agent#567 → Agent#569 (souche PR-004)
2026-07-27 18:52:02 | DEBUG    | ArcheoEpidemicChimera | Agent#597 reçoit mantra PR-004: «🜃 PROPHÉTIE : Dans le liminal silence, seul le sil...»
2026-07-27 18:52:02 | DEBUG    | ArcheoEpidemicChimera | t=62 Transmission : Agent#643 → Agent#597 (souche PR-004)
2026-07-27 18:52:02 | DEBUG    | ArcheoEpidemicChimera | Agent#937 reçoit mantra RF-005: «🜃 PROPHÉTIE : Dans le liminal silence, seul le sil...»
2026-07-27 18:52:02 | DEBUG    | ArcheoEpidemicChimera | t=62 Transmission : Agent#934 → Agent#937 (souche RF-005)
2026-07-27 18:52:02 | DEBUG    | ArcheoEpidemicChimera | Agent#936 reçoit mantra RF-005: «🜃 PROPHÉTIE : Dans le liminal silence, seul le sil...»
2026-07-27 18:52:02 | DEBUG    | ArcheoEpidemicChimera | t=62 Transmission : Agent#935 → Agent#936 (souche RF-005)
2026-07-27 18:52:02 | DEBUG    | ArcheoEpidemicChimera | Agent#757 reçoit mantra MV-006: «🜃 PROPHÉTIE : Dans miroir fractal liminal silence,...»
2026-07-27 18:52:02 | INFO     | ArcheoEpidemicChimera | t=62 🧬 MUTATION : PR-004 → MV-006 «🜃 PROPHÉTIE : Dans miroir fractal limina...»
2026-07-27 18:52:02 | DEBUG    | ArcheoEpidemicChimera | t=62 Agent#78 se désenchante
2026-07-27 18:52:02 | DEBUG    | ArcheoEpidemicChimera | t=62 Agent#95 se désenchante
2026-07-27 18:52:02 | DEBUG    | ArcheoEpidemicChimera | t=62 Agent#99 devient porteur silencieux
2026-07-27 18:52:02 | DEBUG    | ArcheoEpidemicChimera | t=62 Agent#115 se désenchante
2026-07-27 18:52:02 | DEBUG    | ArcheoEpidemicChimera | t=62 Agent#144 se désenchante
2026-07-27 18:52:02 | DEBUG    | ArcheoEpidemicChimera | t=62 Agent#159 devient évangéliste
2026-07-27 18:52:02 | DEBUG    | ArcheoEpidemicChimera | t=62 Agent#197 se désenchante
2026-07-27 18:52:02 | DEBUG    | ArcheoEpidemicChimera | t=62 Agent#203 se désenchante
2026-07-27 18:52:02 | DEBUG    | ArcheoEpidemicChimera | t=62 Agent#226 se désenchante
2026-07-27 18:52:02 | DEBUG    | ArcheoEpidemicChimera | t=62 Agent#270 devient évangéliste
2026-07-27 18:52:02 | DEBUG    | ArcheoEpidemicChimera | t=62 Agent#285 devient porteur silencieux
2026-07-27 18:52:02 | DEBUG    | ArcheoEpidemicChimera | t=62 Agent#292 se désenchante
2026-07-27 18:52:02 | DEBUG    | ArcheoEpidemicChimera | t=62 Agent#351 se désenchante
2026-07-27 18:52:02 | DEBUG    | ArcheoEpidemicChimera | t=62 Agent#378 se désenchante
2026-07-27 18:52:02 | DEBUG    | ArcheoEpidemicChimera | t=62 Agent#458 devient évangéliste
2026-07-27 18:52:02 | DEBUG    | ArcheoEpidemicChimera | t=62 Agent#463 devient évangéliste
2026-07-27 18:52:02 | DEBUG    | ArcheoEpidemicChimera | t=62 Agent#514 se désenchante
2026-07-27 18:52:02 | DEBUG    | ArcheoEpidemicChimera | t=62 Agent#538 devient évangéliste
2026-07-27 18:52:02 | DEBUG    | ArcheoEpidemicChimera | t=62 Agent#609 se désenchante
2026-07-27 18:52:02 | DEBUG    | ArcheoEpidemicChimera | t=62 Agent#622 se désenchante
2026-07-27 18:52:02 | DEBUG    | ArcheoEpidemicChimera | t=62 Agent#635 se désenchante
2026-07-27 18:52:02 | DEBUG    | ArcheoEpidemicChimera | t=62 Agent#645 se désenchante
2026-07-27 18:52:02 | DEBUG    | ArcheoEpidemicChimera | t=62 Agent#668 se désenchante
2026-07-27 18:52:02 | DEBUG    | ArcheoEpidemicChimera | t=62 Agent#689 se désenchante
2026-07-27 18:52:02 | DEBUG    | ArcheoEpidemicChimera | t=62 Agent#696 devient évangéliste
2026-07-27 18:52:02 | DEBUG    | ArcheoEpidemicChimera | t=62 Agent#738 se désenchante
2026-07-27 18:52:02 | DEBUG    | ArcheoEpidemicChimera | t=62 Agent#762 devient évangéliste
2026-07-27 18:52:02 | DEBUG    | ArcheoEpidemicChimera | t=62 Agent#833 devient porteur silencieux
2026-07-27 18:52:02 | DEBUG    | ArcheoEpidemicChimera | t=62 Agent#851 se désenchante
2026-07-27 18:52:02 | DEBUG    | ArcheoEpidemicChimera | t=62 Agent#874 devient porteur silencieux
2026-07-27 18:52:02 | DEBUG    | ArcheoEpidemicChimera | t=62 Agent#888 se désenchante
2026-07-27 18:52:02 | DEBUG    | ArcheoEpidemicChimera | t=62 Agent#900 se désenchante
2026-07-27 18:52:02 | DEBUG    | ArcheoEpidemicChimera | t=62 Agent#901 se désenchante
2026-07-27 18:52:02 | DEBUG    | ArcheoEpidemicChimera | t=62 Agent#940 se désenchante
2026-07-27 18:52:02 | DEBUG    | ArcheoEpidemicChimera | t=62 Agent#986 se désenchante
2026-07-27 18:52:02 | DEBUG    | ArcheoEpidemicChimera | t=62 Agent#994 se désenchante
2026-07-27 18:52:02 | DEBUG    | ArcheoEpidemicChimera | t=62 | Rt=1.12 | Souches=6 | Reliques=0
2026-07-27 18:52:02 | DEBUG    | ArcheoEpidemicChimera | Agent#848 reçoit mantra PR-004: «🜃 PROPHÉTIE : Dans le liminal silence, seul le sil...»
2026-07-27 18:52:02 | DEBUG    | ArcheoEpidemicChimera | t=63 Transmission : Agent#12 → Agent#848 (souche PR-004)
2026-07-27 18:52:02 | DEBUG    | ArcheoEpidemicChimera | Agent#571 reçoit mantra RF-005: «🜃 PROPHÉTIE : Dans le liminal silence, seul le sil...»
2026-07-27 18:52:02 | DEBUG    | ArcheoEpidemicChimera | t=63 Transmission : Agent#74 → Agent#571 (souche RF-005)
2026-07-27 18:52:02 | DEBUG    | ArcheoEpidemicChimera | Agent#842 reçoit mantra PR-004: «🜃 PROPHÉTIE : Dans le liminal silence, seul le sil...»
2026-07-27 18:52:02 | DEBUG    | ArcheoEpidemicChimera | t=63 Transmission : Agent#99 → Agent#842 (souche PR-004)
2026-07-27 18:52:02 | DEBUG    | ArcheoEpidemicChimera | Agent#147 reçoit mantra RF-005: «🜃 PROPHÉTIE : Dans le liminal silence, seul le sil...»
2026-07-27 18:52:02 | DEBUG    | ArcheoEpidemicChimera | t=63 Transmission : Agent#145 → Agent#147 (souche RF-005)
2026-07-27 18:52:02 | DEBUG    | ArcheoEpidemicChimera | Agent#382 reçoit mantra RF-005: «🜃 PROPHÉTIE : Dans le liminal silence, seul le sil...»
2026-07-27 18:52:02 | DEBUG    | ArcheoEpidemicChimera | t=63 Transmission : Agent#381 → Agent#382 (souche RF-005)
2026-07-27 18:52:02 | DEBUG    | ArcheoEpidemicChimera | Agent#430 reçoit mantra PR-004: «🜃 PROPHÉTIE : Dans le liminal silence, seul le sil...»
2026-07-27 18:52:02 | DEBUG    | ArcheoEpidemicChimera | t=63 Transmission : Agent#429 → Agent#430 (souche PR-004)
2026-07-27 18:52:02 | DEBUG    | ArcheoEpidemicChimera | Agent#517 reçoit mantra RF-005: «🜃 PROPHÉTIE : Dans le liminal silence, seul le sil...»
2026-07-27 18:52:02 | DEBUG    | ArcheoEpidemicChimera | t=63 Transmission : Agent#516 → Agent#517 (souche RF-005)
2026-07-27 18:52:02 | DEBUG    | ArcheoEpidemicChimera | Agent#974 reçoit mantra PR-004: «🜃 PROPHÉTIE : Dans le liminal silence, seul le sil...»
2026-07-27 18:52:02 | DEBUG    | ArcheoEpidemicChimera | t=63 Transmission : Agent#564 → Agent#974 (souche PR-004)
2026-07-27 18:52:02 | DEBUG    | ArcheoEpidemicChimera | Agent#649 reçoit mantra PR-004: «🜃 PROPHÉTIE : Dans le liminal silence, seul le sil...»
2026-07-27 18:52:02 | DEBUG    | ArcheoEpidemicChimera | t=63 Transmission : Agent#648 → Agent#649 (souche PR-004)
2026-07-27 18:52:02 | DEBUG    | ArcheoEpidemicChimera | Agent#985 reçoit mantra RF-005: «🜃 PROPHÉTIE : Dans le liminal silence, seul le sil...»
2026-07-27 18:52:02 | DEBUG    | ArcheoEpidemicChimera | t=63 Transmission : Agent#984 → Agent#985 (souche RF-005)
2026-07-27 18:52:02 | DEBUG    | ArcheoEpidemicChimera | t=63 Agent#12 se désenchante
2026-07-27 18:52:02 | DEBUG    | ArcheoEpidemicChimera | t=63 Agent#21 devient porteur silencieux
2026-07-27 18:52:02 | DEBUG    | ArcheoEpidemicChimera | t=63 Agent#123 se désenchante
2026-07-27 18:52:02 | DEBUG    | ArcheoEpidemicChimera | t=63 Agent#141 devient porteur silencieux
2026-07-27 18:52:02 | DEBUG    | ArcheoEpidemicChimera | t=63 Agent#146 devient évangéliste
2026-07-27 18:52:02 | DEBUG    | ArcheoEpidemicChimera | t=63 Agent#234 devient évangéliste
2026-07-27 18:52:02 | DEBUG    | ArcheoEpidemicChimera | t=63 Agent#277 se désenchante
2026-07-27 18:52:02 | DEBUG    | ArcheoEpidemicChimera | t=63 Agent#322 se désenchante
2026-07-27 18:52:02 | DEBUG    | ArcheoEpidemicChimera | t=63 Agent#331 se désenchante
2026-07-27 18:52:02 | DEBUG    | ArcheoEpidemicChimera | t=63 Agent#364 devient évangéliste
2026-07-27 18:52:02 | DEBUG    | ArcheoEpidemicChimera | t=63 Agent#383 devient évangéliste
2026-07-27 18:52:02 | DEBUG    | ArcheoEpidemicChimera | t=63 Agent#386 se désenchante
2026-07-27 18:52:02 | DEBUG    | ArcheoEpidemicChimera | t=63 Agent#405 se désenchante
2026-07-27 18:52:02 | DEBUG    | ArcheoEpidemicChimera | t=63 Agent#406 devient évangéliste
2026-07-27 18:52:02 | DEBUG    | ArcheoEpidemicChimera | t=63 Agent#456 se désenchante
2026-07-27 18:52:02 | DEBUG    | ArcheoEpidemicChimera | t=63 Agent#493 se désenchante
2026-07-27 18:52:02 | DEBUG    | ArcheoEpidemicChimera | t=63 Agent#508 devient évangéliste
2026-07-27 18:52:02 | DEBUG    | ArcheoEpidemicChimera | t=63 Agent#512 devient porteur silencieux
2026-07-27 18:52:02 | DEBUG    | ArcheoEpidemicChimera | t=63 Agent#513 devient porteur silencieux
2026-07-27 18:52:02 | DEBUG    | ArcheoEpidemicChimera | t=63 Agent#519 devient évangéliste
2026-07-27 18:52:02 | DEBUG    | ArcheoEpidemicChimera | t=63 Agent#545 se désenchante
2026-07-27 18:52:02 | DEBUG    | ArcheoEpidemicChimera | t=63 Agent#558 devient évangéliste
2026-07-27 18:52:02 | DEBUG    | ArcheoEpidemicChimera | t=63 Agent#566 se désenchante
2026-07-27 18:52:02 | DEBUG    | ArcheoEpidemicChimera | t=63 Agent#569 devient évangéliste
2026-07-27 18:52:02 | DEBUG    | ArcheoEpidemicChimera | t=63 Agent#685 se désenchante
2026-07-27 18:52:02 | DEBUG    | ArcheoEpidemicChimera | t=63 Agent#784 se désenchante
2026-07-27 18:52:02 | DEBUG    | ArcheoEpidemicChimera | t=63 Agent#785 se désenchante
2026-07-27 18:52:02 | DEBUG    | ArcheoEpidemicChimera | t=63 Agent#788 se désenchante
2026-07-27 18:52:02 | DEBUG    | ArcheoEpidemicChimera | t=63 Agent#809 se désenchante
2026-07-27 18:52:02 | DEBUG    | ArcheoEpidemicChimera | t=63 Agent#838 devient porteur silencieux
2026-07-27 18:52:02 | DEBUG    | ArcheoEpidemicChimera | t=63 Agent#859 se désenchante
2026-07-27 18:52:02 | DEBUG    | ArcheoEpidemicChimera | t=63 Agent#887 se désenchante
2026-07-27 18:52:02 | DEBUG    | ArcheoEpidemicChimera | t=63 Agent#891 se désenchante
2026-07-27 18:52:02 | DEBUG    | ArcheoEpidemicChimera | t=63 Agent#904 se désenchante
2026-07-27 18:52:02 | DEBUG    | ArcheoEpidemicChimera | t=63 Agent#936 devient évangéliste
2026-07-27 18:52:03 | DEBUG    | ArcheoEpidemicChimera | t=63 | Rt=1.12 | Souches=6 | Reliques=0
2026-07-27 18:52:03 | DEBUG    | ArcheoEpidemicChimera | Agent#28 reçoit mantra PR-004: «🜃 PROPHÉTIE : Dans le liminal silence, seul le sil...»
2026-07-27 18:52:03 | DEBUG    | ArcheoEpidemicChimera | t=64 Transmission : Agent#27 → Agent#28 (souche PR-004)
2026-07-27 18:52:03 | DEBUG    | ArcheoEpidemicChimera | Agent#148 reçoit mantra RF-005: «🜃 PROPHÉTIE : Dans le liminal silence, seul le sil...»
2026-07-27 18:52:03 | DEBUG    | ArcheoEpidemicChimera | t=64 Transmission : Agent#146 → Agent#148 (souche RF-005)
2026-07-27 18:52:03 | DEBUG    | ArcheoEpidemicChimera | Agent#233 reçoit mantra PR-004: «🜃 PROPHÉTIE : Dans le liminal silence, seul le sil...»
2026-07-27 18:52:03 | DEBUG    | ArcheoEpidemicChimera | t=64 Transmission : Agent#231 → Agent#233 (souche PR-004)
2026-07-27 18:52:03 | DEBUG    | ArcheoEpidemicChimera | Agent#281 reçoit mantra PR-004: «🜃 PROPHÉTIE : Dans le liminal silence, seul le sil...»
2026-07-27 18:52:03 | DEBUG    | ArcheoEpidemicChimera | t=64 Transmission : Agent#279 → Agent#281 (souche PR-004)
2026-07-27 18:52:03 | DEBUG    | ArcheoEpidemicChimera | Agent#366 reçoit mantra RF-005: «🜃 PROPHÉTIE : Dans le liminal silence, seul le sil...»
2026-07-27 18:52:03 | DEBUG    | ArcheoEpidemicChimera | t=64 Transmission : Agent#363 → Agent#366 (souche RF-005)
2026-07-27 18:52:03 | DEBUG    | ArcheoEpidemicChimera | Agent#453 reçoit mantra RF-005: «🜃 PROPHÉTIE : Dans le liminal silence, seul le sil...»
2026-07-27 18:52:03 | DEBUG    | ArcheoEpidemicChimera | t=64 Transmission : Agent#404 → Agent#453 (souche RF-005)
2026-07-27 18:52:03 | DEBUG    | ArcheoEpidemicChimera | Agent#443 reçoit mantra PR-004: «🜃 PROPHÉTIE : Dans le liminal silence, seul le sil...»
2026-07-27 18:52:03 | DEBUG    | ArcheoEpidemicChimera | t=64 Transmission : Agent#442 → Agent#443 (souche PR-004)
2026-07-27 18:52:03 | DEBUG    | ArcheoEpidemicChimera | Agent#464 reçoit mantra RF-005: «🜃 PROPHÉTIE : Dans le liminal silence, seul le sil...»
2026-07-27 18:52:03 | DEBUG    | ArcheoEpidemicChimera | t=64 Transmission : Agent#461 → Agent#464 (souche RF-005)
2026-07-27 18:52:03 | DEBUG    | ArcheoEpidemicChimera | Agent#871 reçoit mantra RF-005: «🜃 PROPHÉTIE : Dans le liminal silence, seul le sil...»
2026-07-27 18:52:03 | DEBUG    | ArcheoEpidemicChimera | t=64 Transmission : Agent#868 → Agent#871 (souche RF-005)
2026-07-27 18:52:03 | DEBUG    | ArcheoEpidemicChimera | Agent#976 reçoit mantra PR-004: «🜃 PROPHÉTIE : Dans le liminal silence, seul le sil...»
2026-07-27 18:52:03 | DEBUG    | ArcheoEpidemicChimera | t=64 Transmission : Agent#975 → Agent#976 (souche PR-004)
2026-07-27 18:52:03 | DEBUG    | ArcheoEpidemicChimera | t=64 Agent#17 devient évangéliste
2026-07-27 18:52:03 | DEBUG    | ArcheoEpidemicChimera | t=64 Agent#36 devient évangéliste
2026-07-27 18:52:03 | DEBUG    | ArcheoEpidemicChimera | t=64 Agent#111 se désenchante
2026-07-27 18:52:03 | DEBUG    | ArcheoEpidemicChimera | t=64 Agent#145 se désenchante
2026-07-27 18:52:03 | DEBUG    | ArcheoEpidemicChimera | t=64 Agent#152 se désenchante
2026-07-27 18:52:03 | DEBUG    | ArcheoEpidemicChimera | t=64 Agent#273 se désenchante
2026-07-27 18:52:03 | DEBUG    | ArcheoEpidemicChimera | t=64 Agent#294 se désenchante
2026-07-27 18:52:03 | DEBUG    | ArcheoEpidemicChimera | t=64 Agent#308 se désenchante
2026-07-27 18:52:03 | DEBUG    | ArcheoEpidemicChimera | t=64 Agent#310 devient porteur silencieux
2026-07-27 18:52:03 | DEBUG    | ArcheoEpidemicChimera | t=64 Agent#358 devient porteur silencieux
2026-07-27 18:52:03 | DEBUG    | ArcheoEpidemicChimera | t=64 Agent#382 devient évangéliste
2026-07-27 18:52:03 | DEBUG    | ArcheoEpidemicChimera | t=64 Agent#430 devient porteur silencieux
2026-07-27 18:52:03 | DEBUG    | ArcheoEpidemicChimera | t=64 Agent#459 devient porteur silencieux
2026-07-27 18:52:03 | DEBUG    | ArcheoEpidemicChimera | t=64 Agent#517 devient porteur silencieux
2026-07-27 18:52:03 | DEBUG    | ArcheoEpidemicChimera | t=64 Agent#536 se désenchante
2026-07-27 18:52:03 | DEBUG    | ArcheoEpidemicChimera | t=64 Agent#540 se désenchante
2026-07-27 18:52:03 | DEBUG    | ArcheoEpidemicChimera | t=64 Agent#569 se désenchante
2026-07-27 18:52:03 | DEBUG    | ArcheoEpidemicChimera | t=64 Agent#571 devient évangéliste
2026-07-27 18:52:03 | DEBUG    | ArcheoEpidemicChimera | t=64 Agent#612 se désenchante
2026-07-27 18:52:03 | DEBUG    | ArcheoEpidemicChimera | t=64 Agent#649 devient évangéliste
2026-07-27 18:52:03 | DEBUG    | ArcheoEpidemicChimera | t=64 Agent#751 se désenchante
2026-07-27 18:52:03 | DEBUG    | ArcheoEpidemicChimera | t=64 Agent#770 se désenchante
2026-07-27 18:52:03 | DEBUG    | ArcheoEpidemicChimera | t=64 Agent#840 se désenchante
2026-07-27 18:52:03 | DEBUG    | ArcheoEpidemicChimera | t=64 Agent#842 devient évangéliste
2026-07-27 18:52:03 | DEBUG    | ArcheoEpidemicChimera | t=64 Agent#848 devient évangéliste
2026-07-27 18:52:03 | DEBUG    | ArcheoEpidemicChimera | t=64 Agent#852 se désenchante
2026-07-27 18:52:03 | DEBUG    | ArcheoEpidemicChimera | t=64 Agent#869 se désenchante
2026-07-27 18:52:03 | DEBUG    | ArcheoEpidemicChimera | t=64 Agent#874 se désenchante
2026-07-27 18:52:03 | DEBUG    | ArcheoEpidemicChimera | t=64 Agent#899 sombre dans l'oubli
2026-07-27 18:52:03 | DEBUG    | ArcheoEpidemicChimera | t=64 Agent#931 se désenchante
2026-07-27 18:52:03 | DEBUG    | ArcheoEpidemicChimera | t=64 Agent#937 devient porteur silencieux
2026-07-27 18:52:03 | DEBUG    | ArcheoEpidemicChimera | t=64 Agent#974 devient porteur silencieux
2026-07-27 18:52:03 | DEBUG    | ArcheoEpidemicChimera | t=64 Agent#985 devient évangéliste
2026-07-27 18:52:03 | DEBUG    | ArcheoEpidemicChimera | t=64 Agent#995 se désenchante
2026-07-27 18:52:03 | DEBUG    | ArcheoEpidemicChimera | t=64 | Rt=1.11 | Souches=6 | Reliques=0
2026-07-27 18:52:03 | DEBUG    | ArcheoEpidemicChimera | Agent#16 reçoit mantra PR-004: «🜃 PROPHÉTIE : Dans le liminal silence, seul le sil...»
2026-07-27 18:52:03 | DEBUG    | ArcheoEpidemicChimera | t=65 Transmission : Agent#15 → Agent#16 (souche PR-004)
2026-07-27 18:52:03 | DEBUG    | ArcheoEpidemicChimera | Agent#20 reçoit mantra PR-004: «🜃 PROPHÉTIE : Dans le liminal silence, seul le sil...»
2026-07-27 18:52:03 | DEBUG    | ArcheoEpidemicChimera | t=65 Transmission : Agent#17 → Agent#20 (souche PR-004)
2026-07-27 18:52:03 | DEBUG    | ArcheoEpidemicChimera | Agent#37 reçoit mantra RF-005: «🜃 PROPHÉTIE : Dans le liminal silence, seul le sil...»
2026-07-27 18:52:03 | DEBUG    | ArcheoEpidemicChimera | t=65 Transmission : Agent#36 → Agent#37 (souche RF-005)
2026-07-27 18:52:03 | DEBUG    | ArcheoEpidemicChimera | Agent#149 reçoit mantra RF-005: «🜃 PROPHÉTIE : Dans le liminal silence, seul le sil...»
2026-07-27 18:52:03 | DEBUG    | ArcheoEpidemicChimera | t=65 Transmission : Agent#146 → Agent#149 (souche RF-005)
2026-07-27 18:52:03 | DEBUG    | ArcheoEpidemicChimera | Agent#160 reçoit mantra RF-005: «🜃 PROPHÉTIE : Dans le liminal silence, seul le sil...»
2026-07-27 18:52:03 | DEBUG    | ArcheoEpidemicChimera | t=65 Transmission : Agent#159 → Agent#160 (souche RF-005)
2026-07-27 18:52:03 | DEBUG    | ArcheoEpidemicChimera | Agent#195 reçoit mantra RF-005: «🜃 PROPHÉTIE : Dans le liminal silence, seul le sil...»
2026-07-27 18:52:03 | DEBUG    | ArcheoEpidemicChimera | t=65 Transmission : Agent#192 → Agent#195 (souche RF-005)
2026-07-27 18:52:03 | DEBUG    | ArcheoEpidemicChimera | Agent#235 reçoit mantra PR-004: «🜃 PROPHÉTIE : Dans le liminal silence, seul le sil...»
2026-07-27 18:52:03 | DEBUG    | ArcheoEpidemicChimera | t=65 Transmission : Agent#234 → Agent#235 (souche PR-004)
2026-07-27 18:52:03 | DEBUG    | ArcheoEpidemicChimera | Agent#286 reçoit mantra RF-005: «🜃 PROPHÉTIE : Dans le liminal silence, seul le sil...»
2026-07-27 18:52:03 | DEBUG    | ArcheoEpidemicChimera | t=65 Transmission : Agent#285 → Agent#286 (souche RF-005)
2026-07-27 18:52:03 | DEBUG    | ArcheoEpidemicChimera | Agent#337 reçoit mantra RF-005: «🜃 PROPHÉTIE : Dans le liminal silence, seul le sil...»
2026-07-27 18:52:03 | DEBUG    | ArcheoEpidemicChimera | t=65 Transmission : Agent#334 → Agent#337 (souche RF-005)
2026-07-27 18:52:03 | DEBUG    | ArcheoEpidemicChimera | Agent#359 reçoit mantra PR-004: «🜃 PROPHÉTIE : Dans le liminal silence, seul le sil...»
2026-07-27 18:52:03 | DEBUG    | ArcheoEpidemicChimera | t=65 Transmission : Agent#357 → Agent#359 (souche PR-004)
2026-07-27 18:52:03 | DEBUG    | ArcheoEpidemicChimera | Agent#385 reçoit mantra RF-005: «🜃 PROPHÉTIE : Dans le liminal silence, seul le sil...»
2026-07-27 18:52:03 | DEBUG    | ArcheoEpidemicChimera | t=65 Transmission : Agent#382 → Agent#385 (souche RF-005)
2026-07-27 18:52:03 | DEBUG    | ArcheoEpidemicChimera | Agent#447 reçoit mantra PR-004: «🜃 PROPHÉTIE : Dans le liminal silence, seul le sil...»
2026-07-27 18:52:03 | DEBUG    | ArcheoEpidemicChimera | t=65 Transmission : Agent#445 → Agent#447 (souche PR-004)
2026-07-27 18:52:03 | DEBUG    | ArcheoEpidemicChimera | Agent#520 reçoit mantra RF-005: «🜃 PROPHÉTIE : Dans le liminal silence, seul le sil...»
2026-07-27 18:52:03 | DEBUG    | ArcheoEpidemicChimera | t=65 Transmission : Agent#518 → Agent#520 (souche RF-005)
2026-07-27 18:52:03 | DEBUG    | ArcheoEpidemicChimera | Agent#521 reçoit mantra RF-005: «🜃 PROPHÉTIE : Dans le liminal silence, seul le sil...»
2026-07-27 18:52:03 | DEBUG    | ArcheoEpidemicChimera | t=65 Transmission : Agent#519 → Agent#521 (souche RF-005)
2026-07-27 18:52:03 | DEBUG    | ArcheoEpidemicChimera | Agent#573 reçoit mantra RF-005: «🜃 PROPHÉTIE : Dans le liminal silence, seul le sil...»
2026-07-27 18:52:03 | DEBUG    | ArcheoEpidemicChimera | t=65 Transmission : Agent#571 → Agent#573 (souche RF-005)
2026-07-27 18:52:03 | DEBUG    | ArcheoEpidemicChimera | Agent#652 reçoit mantra PR-004: «🜃 PROPHÉTIE : Dans le liminal silence, seul le sil...»
2026-07-27 18:52:03 | DEBUG    | ArcheoEpidemicChimera | t=65 Transmission : Agent#649 → Agent#652 (souche PR-004)
2026-07-27 18:52:03 | DEBUG    | ArcheoEpidemicChimera | Agent#903 reçoit mantra PR-004: «🜃 PROPHÉTIE : Dans le liminal silence, seul le sil...»
2026-07-27 18:52:03 | DEBUG    | ArcheoEpidemicChimera | t=65 Transmission : Agent#902 → Agent#903 (souche PR-004)
2026-07-27 18:52:03 | DEBUG    | ArcheoEpidemicChimera | Agent#938 reçoit mantra RF-005: «🜃 PROPHÉTIE : Dans le liminal silence, seul le sil...»
2026-07-27 18:52:03 | DEBUG    | ArcheoEpidemicChimera | t=65 Transmission : Agent#936 → Agent#938 (souche RF-005)
2026-07-27 18:52:03 | DEBUG    | ArcheoEpidemicChimera | t=65 Agent#45 se désenchante
2026-07-27 18:52:03 | DEBUG    | ArcheoEpidemicChimera | t=65 Agent#147 devient porteur silencieux
2026-07-27 18:52:03 | DEBUG    | ArcheoEpidemicChimera | t=65 Agent#148 devient évangéliste
2026-07-27 18:52:03 | DEBUG    | ArcheoEpidemicChimera | t=65 Agent#218 se désenchante
2026-07-27 18:52:03 | DEBUG    | ArcheoEpidemicChimera | t=65 Agent#233 devient évangéliste
2026-07-27 18:52:03 | DEBUG    | ArcheoEpidemicChimera | t=65 Agent#245 se désenchante
2026-07-27 18:52:03 | DEBUG    | ArcheoEpidemicChimera | t=65 Agent#281 devient évangéliste
2026-07-27 18:52:03 | DEBUG    | ArcheoEpidemicChimera | t=65 Agent#361 se désenchante
2026-07-27 18:52:03 | DEBUG    | ArcheoEpidemicChimera | t=65 Agent#366 devient évangéliste
2026-07-27 18:52:03 | DEBUG    | ArcheoEpidemicChimera | t=65 Agent#396 se désenchante
2026-07-27 18:52:03 | DEBUG    | ArcheoEpidemicChimera | t=65 Agent#443 devient évangéliste
2026-07-27 18:52:03 | DEBUG    | ArcheoEpidemicChimera | t=65 Agent#453 devient évangéliste
2026-07-27 18:52:03 | DEBUG    | ArcheoEpidemicChimera | t=65 Agent#464 devient évangéliste
2026-07-27 18:52:03 | DEBUG    | ArcheoEpidemicChimera | t=65 Agent#488 se désenchante
2026-07-27 18:52:03 | DEBUG    | ArcheoEpidemicChimera | t=65 Agent#515 se désenchante
2026-07-27 18:52:03 | DEBUG    | ArcheoEpidemicChimera | t=65 Agent#541 se désenchante
2026-07-27 18:52:03 | DEBUG    | ArcheoEpidemicChimera | t=65 Agent#586 se désenchante
2026-07-27 18:52:03 | DEBUG    | ArcheoEpidemicChimera | t=65 Agent#597 devient évangéliste
2026-07-27 18:52:03 | DEBUG    | ArcheoEpidemicChimera | t=65 Agent#646 se désenchante
2026-07-27 18:52:03 | DEBUG    | ArcheoEpidemicChimera | t=65 Agent#801 se désenchante
2026-07-27 18:52:03 | DEBUG    | ArcheoEpidemicChimera | t=65 Agent#871 devient évangéliste
2026-07-27 18:52:03 | DEBUG    | ArcheoEpidemicChimera | t=65 Agent#974 se désenchante
2026-07-27 18:52:03 | DEBUG    | ArcheoEpidemicChimera | t=65 | Rt=1.13 | Souches=6 | Reliques=0
2026-07-27 18:52:03 | DEBUG    | ArcheoEpidemicChimera | Agent#137 reçoit mantra RF-005: «🜃 PROPHÉTIE : Dans le liminal silence, seul le sil...»
2026-07-27 18:52:03 | DEBUG    | ArcheoEpidemicChimera | t=66 Transmission : Agent#136 → Agent#137 (souche RF-005)
2026-07-27 18:52:03 | DEBUG    | ArcheoEpidemicChimera | Agent#154 reçoit mantra RF-005: «🜃 PROPHÉTIE : Dans le liminal silence, seul le sil...»
2026-07-27 18:52:03 | DEBUG    | ArcheoEpidemicChimera | t=66 Transmission : Agent#151 → Agent#154 (souche RF-005)
2026-07-27 18:52:03 | DEBUG    | ArcheoEpidemicChimera | Agent#232 reçoit mantra PR-004: «🜃 PROPHÉTIE : Dans le liminal silence, seul le sil...»
2026-07-27 18:52:03 | DEBUG    | ArcheoEpidemicChimera | t=66 Transmission : Agent#231 → Agent#232 (souche PR-004)
2026-07-27 18:52:03 | DEBUG    | ArcheoEpidemicChimera | Agent#307 reçoit mantra RF-005: «🜃 PROPHÉTIE : Dans le liminal silence, seul le sil...»
2026-07-27 18:52:03 | DEBUG    | ArcheoEpidemicChimera | t=66 Transmission : Agent#304 → Agent#307 (souche RF-005)
2026-07-27 18:52:03 | DEBUG    | ArcheoEpidemicChimera | Agent#439 reçoit mantra PR-004: «🜃 PROPHÉTIE : Dans le liminal silence, seul le sil...»
2026-07-27 18:52:03 | DEBUG    | ArcheoEpidemicChimera | t=66 Transmission : Agent#438 → Agent#439 (souche PR-004)
2026-07-27 18:52:03 | DEBUG    | ArcheoEpidemicChimera | Agent#572 reçoit mantra RF-005: «🜃 PROPHÉTIE : Dans le liminal silence, seul le sil...»
2026-07-27 18:52:03 | DEBUG    | ArcheoEpidemicChimera | t=66 Transmission : Agent#571 → Agent#572 (souche RF-005)
2026-07-27 18:52:03 | DEBUG    | ArcheoEpidemicChimera | Agent#600 reçoit mantra PR-004: «🜃 PROPHÉTIE : Dans le liminal silence, seul le sil...»
2026-07-27 18:52:03 | DEBUG    | ArcheoEpidemicChimera | t=66 Transmission : Agent#597 → Agent#600 (souche PR-004)
2026-07-27 18:52:03 | DEBUG    | ArcheoEpidemicChimera | Agent#792 reçoit mantra RF-005: «🜃 PROPHÉTIE : Dans le liminal silence, seul le sil...»
2026-07-27 18:52:03 | DEBUG    | ArcheoEpidemicChimera | t=66 Transmission : Agent#791 → Agent#792 (souche RF-005)
2026-07-27 18:52:03 | DEBUG    | ArcheoEpidemicChimera | Agent#816 reçoit mantra PR-004: «🜃 PROPHÉTIE : Dans le liminal silence, seul le sil...»
2026-07-27 18:52:03 | DEBUG    | ArcheoEpidemicChimera | t=66 Transmission : Agent#814 → Agent#816 (souche PR-004)
2026-07-27 18:52:03 | DEBUG    | ArcheoEpidemicChimera | t=66 Agent#16 devient porteur silencieux
2026-07-27 18:52:03 | DEBUG    | ArcheoEpidemicChimera | t=66 Agent#20 devient porteur silencieux
2026-07-27 18:52:03 | DEBUG    | ArcheoEpidemicChimera | t=66 Agent#37 devient évangéliste
2026-07-27 18:52:03 | DEBUG    | ArcheoEpidemicChimera | t=66 Agent#147 se désenchante
2026-07-27 18:52:03 | DEBUG    | ArcheoEpidemicChimera | t=66 Agent#150 se désenchante
2026-07-27 18:52:03 | DEBUG    | ArcheoEpidemicChimera | t=66 Agent#160 devient évangéliste
2026-07-27 18:52:03 | DEBUG    | ArcheoEpidemicChimera | t=66 Agent#164 se désenchante
2026-07-27 18:52:03 | DEBUG    | ArcheoEpidemicChimera | t=66 Agent#195 devient évangéliste
2026-07-27 18:52:03 | DEBUG    | ArcheoEpidemicChimera | t=66 Agent#233 se désenchante
2026-07-27 18:52:03 | DEBUG    | ArcheoEpidemicChimera | t=66 Agent#235 devient évangéliste
2026-07-27 18:52:03 | DEBUG    | ArcheoEpidemicChimera | t=66 Agent#286 devient évangéliste
2026-07-27 18:52:03 | DEBUG    | ArcheoEpidemicChimera | t=66 Agent#337 devient porteur silencieux
2026-07-27 18:52:03 | DEBUG    | ArcheoEpidemicChimera | t=66 Agent#359 devient évangéliste
2026-07-27 18:52:03 | DEBUG    | ArcheoEpidemicChimera | t=66 Agent#368 se désenchante
2026-07-27 18:52:03 | DEBUG    | ArcheoEpidemicChimera | t=66 Agent#369 se désenchante
2026-07-27 18:52:03 | DEBUG    | ArcheoEpidemicChimera | t=66 Agent#385 devient évangéliste
2026-07-27 18:52:03 | DEBUG    | ArcheoEpidemicChimera | t=66 Agent#447 devient évangéliste
2026-07-27 18:52:03 | DEBUG    | ArcheoEpidemicChimera | t=66 Agent#520 devient porteur silencieux
2026-07-27 18:52:03 | DEBUG    | ArcheoEpidemicChimera | t=66 Agent#521 devient évangéliste
2026-07-27 18:52:03 | DEBUG    | ArcheoEpidemicChimera | t=66 Agent#573 devient évangéliste
2026-07-27 18:52:03 | DEBUG    | ArcheoEpidemicChimera | t=66 Agent#577 sombre dans l'oubli
2026-07-27 18:52:03 | DEBUG    | ArcheoEpidemicChimera | t=66 Agent#601 se désenchante
2026-07-27 18:52:03 | DEBUG    | ArcheoEpidemicChimera | t=66 Agent#629 se désenchante
2026-07-27 18:52:03 | DEBUG    | ArcheoEpidemicChimera | t=66 Agent#715 se désenchante
2026-07-27 18:52:03 | DEBUG    | ArcheoEpidemicChimera | t=66 Agent#750 se désenchante
2026-07-27 18:52:03 | DEBUG    | ArcheoEpidemicChimera | t=66 Agent#818 se désenchante
2026-07-27 18:52:03 | DEBUG    | ArcheoEpidemicChimera | t=66 Agent#819 se désenchante
2026-07-27 18:52:03 | DEBUG    | ArcheoEpidemicChimera | t=66 Agent#867 se désenchante
2026-07-27 18:52:03 | DEBUG    | ArcheoEpidemicChimera | t=66 Agent#921 se désenchante
2026-07-27 18:52:03 | DEBUG    | ArcheoEpidemicChimera | t=66 Agent#963 se désenchante
2026-07-27 18:52:03 | DEBUG    | ArcheoEpidemicChimera | t=66 Agent#976 devient évangéliste
2026-07-27 18:52:03 | DEBUG    | ArcheoEpidemicChimera | t=66 | Rt=1.16 | Souches=6 | Reliques=0
2026-07-27 18:52:03 | DEBUG    | ArcheoEpidemicChimera | Agent#14 reçoit mantra RF-005: «🜃 PROPHÉTIE : Dans le liminal silence, seul le sil...»
2026-07-27 18:52:03 | DEBUG    | ArcheoEpidemicChimera | t=67 Transmission : Agent#13 → Agent#14 (souche RF-005)
2026-07-27 18:52:03 | DEBUG    | ArcheoEpidemicChimera | Agent#23 reçoit mantra RF-005: «🜃 PROPHÉTIE : Dans le liminal silence, seul le sil...»
2026-07-27 18:52:03 | DEBUG    | ArcheoEpidemicChimera | t=67 Transmission : Agent#21 → Agent#23 (souche RF-005)
2026-07-27 18:52:03 | DEBUG    | ArcheoEpidemicChimera | Agent#939 reçoit mantra RF-005: «🜃 PROPHÉTIE : Dans le liminal silence, seul le sil...»
2026-07-27 18:52:03 | DEBUG    | ArcheoEpidemicChimera | t=67 Transmission : Agent#71 → Agent#939 (souche RF-005)
2026-07-27 18:52:03 | DEBUG    | ArcheoEpidemicChimera | Agent#100 reçoit mantra PR-004: «🜃 PROPHÉTIE : Dans le liminal silence, seul le sil...»
2026-07-27 18:52:03 | DEBUG    | ArcheoEpidemicChimera | t=67 Transmission : Agent#99 → Agent#100 (souche PR-004)
2026-07-27 18:52:03 | DEBUG    | ArcheoEpidemicChimera | Agent#431 reçoit mantra PR-004: «🜃 PROPHÉTIE : Dans le liminal silence, seul le sil...»
2026-07-27 18:52:03 | DEBUG    | ArcheoEpidemicChimera | t=67 Transmission : Agent#430 → Agent#431 (souche PR-004)
2026-07-27 18:52:03 | DEBUG    | ArcheoEpidemicChimera | Agent#845 reçoit mantra RF-005: «🜃 PROPHÉTIE : Dans le liminal silence, seul le sil...»
2026-07-27 18:52:03 | DEBUG    | ArcheoEpidemicChimera | t=67 Transmission : Agent#519 → Agent#845 (souche RF-005)
2026-07-27 18:52:03 | DEBUG    | ArcheoEpidemicChimera | Agent#576 reçoit mantra RF-005: «🜃 PROPHÉTIE : Dans le liminal silence, seul le sil...»
2026-07-27 18:52:03 | DEBUG    | ArcheoEpidemicChimera | t=67 Transmission : Agent#573 → Agent#576 (souche RF-005)
2026-07-27 18:52:03 | DEBUG    | ArcheoEpidemicChimera | Agent#695 reçoit mantra PR-004: «🜃 PROPHÉTIE : Dans le liminal silence, seul le sil...»
2026-07-27 18:52:03 | DEBUG    | ArcheoEpidemicChimera | t=67 Transmission : Agent#694 → Agent#695 (souche PR-004)
2026-07-27 18:52:03 | DEBUG    | ArcheoEpidemicChimera | Agent#782 reçoit mantra RF-005: «🜃 PROPHÉTIE : Dans le liminal silence, seul le sil...»
2026-07-27 18:52:03 | DEBUG    | ArcheoEpidemicChimera | t=67 Transmission : Agent#781 → Agent#782 (souche RF-005)
2026-07-27 18:52:03 | DEBUG    | ArcheoEpidemicChimera | t=67 Agent#28 devient évangéliste
2026-07-27 18:52:03 | DEBUG    | ArcheoEpidemicChimera | t=67 Agent#49 se désenchante
2026-07-27 18:52:03 | DEBUG    | ArcheoEpidemicChimera | t=67 Agent#137 devient évangéliste
2026-07-27 18:52:03 | DEBUG    | ArcheoEpidemicChimera | t=67 Agent#139 se désenchante
2026-07-27 18:52:03 | DEBUG    | ArcheoEpidemicChimera | t=67 Agent#149 devient évangéliste
2026-07-27 18:52:03 | DEBUG    | ArcheoEpidemicChimera | t=67 Agent#154 devient porteur silencieux
2026-07-27 18:52:03 | DEBUG    | ArcheoEpidemicChimera | t=67 Agent#174 se désenchante
2026-07-27 18:52:03 | DEBUG    | ArcheoEpidemicChimera | t=67 Agent#195 se désenchante
2026-07-27 18:52:03 | DEBUG    | ArcheoEpidemicChimera | t=67 Agent#232 devient évangéliste
2026-07-27 18:52:03 | DEBUG    | ArcheoEpidemicChimera | t=67 Agent#307 devient évangéliste
2026-07-27 18:52:03 | DEBUG    | ArcheoEpidemicChimera | t=67 Agent#353 se désenchante
2026-07-27 18:52:03 | DEBUG    | ArcheoEpidemicChimera | t=67 Agent#366 se désenchante
2026-07-27 18:52:03 | DEBUG    | ArcheoEpidemicChimera | t=67 Agent#382 se désenchante
2026-07-27 18:52:03 | DEBUG    | ArcheoEpidemicChimera | t=67 Agent#393 se désenchante
2026-07-27 18:52:03 | DEBUG    | ArcheoEpidemicChimera | t=67 Agent#394 se désenchante
2026-07-27 18:52:03 | DEBUG    | ArcheoEpidemicChimera | t=67 Agent#439 devient évangéliste
2026-07-27 18:52:03 | DEBUG    | ArcheoEpidemicChimera | t=67 Agent#445 se désenchante
2026-07-27 18:52:03 | DEBUG    | ArcheoEpidemicChimera | t=67 Agent#471 se désenchante
2026-07-27 18:52:03 | DEBUG    | ArcheoEpidemicChimera | t=67 Agent#483 se désenchante
2026-07-27 18:52:03 | DEBUG    | ArcheoEpidemicChimera | t=67 Agent#492 se désenchante
2026-07-27 18:52:03 | DEBUG    | ArcheoEpidemicChimera | t=67 Agent#511 se désenchante
2026-07-27 18:52:03 | DEBUG    | ArcheoEpidemicChimera | t=67 Agent#542 se désenchante
2026-07-27 18:52:03 | DEBUG    | ArcheoEpidemicChimera | t=67 Agent#570 se désenchante
2026-07-27 18:52:03 | DEBUG    | ArcheoEpidemicChimera | t=67 Agent#600 devient évangéliste
2026-07-27 18:52:03 | DEBUG    | ArcheoEpidemicChimera | t=67 Agent#605 se désenchante
2026-07-27 18:52:03 | DEBUG    | ArcheoEpidemicChimera | t=67 Agent#652 devient évangéliste
2026-07-27 18:52:03 | DEBUG    | ArcheoEpidemicChimera | t=67 Agent#681 se désenchante
2026-07-27 18:52:03 | DEBUG    | ArcheoEpidemicChimera | t=67 Agent#718 se désenchante
2026-07-27 18:52:03 | DEBUG    | ArcheoEpidemicChimera | t=67 Agent#753 se désenchante
2026-07-27 18:52:03 | DEBUG    | ArcheoEpidemicChimera | t=67 Agent#792 devient porteur silencieux
2026-07-27 18:52:03 | DEBUG    | ArcheoEpidemicChimera | t=67 Agent#816 devient porteur silencieux
2026-07-27 18:52:03 | DEBUG    | ArcheoEpidemicChimera | t=67 Agent#903 devient évangéliste
2026-07-27 18:52:03 | DEBUG    | ArcheoEpidemicChimera | t=67 Agent#910 se désenchante
2026-07-27 18:52:03 | DEBUG    | ArcheoEpidemicChimera | t=67 Agent#938 devient évangéliste
2026-07-27 18:52:03 | DEBUG    | ArcheoEpidemicChimera | t=67 Agent#958 se désenchante
2026-07-27 18:52:03 | DEBUG    | ArcheoEpidemicChimera | t=67 Agent#972 se désenchante
2026-07-27 18:52:03 | DEBUG    | ArcheoEpidemicChimera | t=67 | Rt=1.10 | Souches=6 | Reliques=0
2026-07-27 18:52:03 | DEBUG    | ArcheoEpidemicChimera | Agent#19 reçoit mantra PR-004: «🜃 PROPHÉTIE : Dans le liminal silence, seul le sil...»
2026-07-27 18:52:03 | DEBUG    | ArcheoEpidemicChimera | t=68 Transmission : Agent#17 → Agent#19 (souche PR-004)
2026-07-27 18:52:03 | DEBUG    | ArcheoEpidemicChimera | Agent#342 reçoit mantra RF-005: «🜃 PROPHÉTIE : Dans le liminal silence, seul le sil...»
2026-07-27 18:52:03 | DEBUG    | ArcheoEpidemicChimera | t=68 Transmission : Agent#341 → Agent#342 (souche RF-005)
2026-07-27 18:52:03 | DEBUG    | ArcheoEpidemicChimera | Agent#523 reçoit mantra RF-005: «🜃 PROPHÉTIE : Dans le liminal silence, seul le sil...»
2026-07-27 18:52:03 | DEBUG    | ArcheoEpidemicChimera | t=68 Transmission : Agent#521 → Agent#523 (souche RF-005)
2026-07-27 18:52:03 | DEBUG    | ArcheoEpidemicChimera | Agent#654 reçoit mantra PR-004: «🜃 PROPHÉTIE : Dans le liminal silence, seul le sil...»
2026-07-27 18:52:03 | DEBUG    | ArcheoEpidemicChimera | t=68 Transmission : Agent#652 → Agent#654 (souche PR-004)
2026-07-27 18:52:03 | DEBUG    | ArcheoEpidemicChimera | t=68 Agent#14 devient évangéliste
2026-07-27 18:52:03 | DEBUG    | ArcheoEpidemicChimera | t=68 Agent#23 devient évangéliste
2026-07-27 18:52:03 | DEBUG    | ArcheoEpidemicChimera | t=68 Agent#100 devient évangéliste
2026-07-27 18:52:03 | DEBUG    | ArcheoEpidemicChimera | t=68 Agent#192 se désenchante
2026-07-27 18:52:03 | DEBUG    | ArcheoEpidemicChimera | t=68 Agent#207 se désenchante
2026-07-27 18:52:03 | DEBUG    | ArcheoEpidemicChimera | t=68 Agent#235 se désenchante
2026-07-27 18:52:03 | DEBUG    | ArcheoEpidemicChimera | t=68 Agent#262 se désenchante
2026-07-27 18:52:03 | DEBUG    | ArcheoEpidemicChimera | t=68 Agent#304 se désenchante
2026-07-27 18:52:03 | DEBUG    | ArcheoEpidemicChimera | t=68 Agent#317 se désenchante
2026-07-27 18:52:03 | DEBUG    | ArcheoEpidemicChimera | t=68 Agent#431 devient porteur silencieux
2026-07-27 18:52:03 | DEBUG    | ArcheoEpidemicChimera | t=68 Agent#447 se désenchante
2026-07-27 18:52:03 | DEBUG    | ArcheoEpidemicChimera | t=68 Agent#457 se désenchante
2026-07-27 18:52:03 | DEBUG    | ArcheoEpidemicChimera | t=68 Agent#460 sombre dans l'oubli
2026-07-27 18:52:03 | DEBUG    | ArcheoEpidemicChimera | t=68 Agent#484 se désenchante
2026-07-27 18:52:03 | DEBUG    | ArcheoEpidemicChimera | t=68 Agent#539 se désenchante
2026-07-27 18:52:03 | DEBUG    | ArcheoEpidemicChimera | t=68 Agent#544 se désenchante
2026-07-27 18:52:03 | DEBUG    | ArcheoEpidemicChimera | t=68 Agent#553 se désenchante
2026-07-27 18:52:03 | DEBUG    | ArcheoEpidemicChimera | t=68 Agent#572 devient évangéliste
2026-07-27 18:52:03 | DEBUG    | ArcheoEpidemicChimera | t=68 Agent#576 devient évangéliste
2026-07-27 18:52:03 | DEBUG    | ArcheoEpidemicChimera | t=68 Agent#580 se désenchante
2026-07-27 18:52:03 | DEBUG    | ArcheoEpidemicChimera | t=68 Agent#627 se désenchante
2026-07-27 18:52:03 | DEBUG    | ArcheoEpidemicChimera | t=68 Agent#642 se désenchante
2026-07-27 18:52:03 | DEBUG    | ArcheoEpidemicChimera | t=68 Agent#659 se désenchante
2026-07-27 18:52:03 | DEBUG    | ArcheoEpidemicChimera | t=68 Agent#708 se désenchante
2026-07-27 18:52:03 | DEBUG    | ArcheoEpidemicChimera | t=68 Agent#782 devient évangéliste
2026-07-27 18:52:03 | DEBUG    | ArcheoEpidemicChimera | t=68 Agent#845 devient évangéliste
2026-07-27 18:52:03 | DEBUG    | ArcheoEpidemicChimera | t=68 Agent#892 se désenchante
2026-07-27 18:52:03 | DEBUG    | ArcheoEpidemicChimera | t=68 Agent#939 devient évangéliste
2026-07-27 18:52:03 | DEBUG    | ArcheoEpidemicChimera | t=68 Agent#942 se désenchante
2026-07-27 18:52:03 | DEBUG    | ArcheoEpidemicChimera | t=68 Agent#964 se désenchante
2026-07-27 18:52:03 | DEBUG    | ArcheoEpidemicChimera | t=68 | Rt=1.11 | Souches=6 | Reliques=0
2026-07-27 18:52:03 | DEBUG    | ArcheoEpidemicChimera | Agent#18 reçoit mantra PR-004: «🜃 PROPHÉTIE : Dans le liminal silence, seul le sil...»
2026-07-27 18:52:03 | DEBUG    | ArcheoEpidemicChimera | t=69 Transmission : Agent#16 → Agent#18 (souche PR-004)
2026-07-27 18:52:03 | DEBUG    | ArcheoEpidemicChimera | Agent#857 reçoit mantra RF-005: «🜃 PROPHÉTIE : Dans le liminal silence, seul le sil...»
2026-07-27 18:52:03 | DEBUG    | ArcheoEpidemicChimera | t=69 Transmission : Agent#23 → Agent#857 (souche RF-005)
2026-07-27 18:52:03 | DEBUG    | ArcheoEpidemicChimera | Agent#309 reçoit mantra RF-005: «🜃 PROPHÉTIE : Dans le liminal silence, seul le sil...»
2026-07-27 18:52:03 | DEBUG    | ArcheoEpidemicChimera | t=69 Transmission : Agent#307 → Agent#309 (souche RF-005)
2026-07-27 18:52:03 | DEBUG    | ArcheoEpidemicChimera | Agent#504 reçoit mantra MV-003: «Le miroir fractal et le réseau dansent phénix de c...»
2026-07-27 18:52:03 | DEBUG    | ArcheoEpidemicChimera | t=69 Transmission : Agent#501 → Agent#504 (souche MV-003)
2026-07-27 18:52:03 | DEBUG    | ArcheoEpidemicChimera | Agent#651 reçoit mantra PR-004: «🜃 PROPHÉTIE : Dans le liminal silence, seul le sil...»
2026-07-27 18:52:03 | DEBUG    | ArcheoEpidemicChimera | t=69 Transmission : Agent#648 → Agent#651 (souche PR-004)
2026-07-27 18:52:03 | DEBUG    | ArcheoEpidemicChimera | Agent#843 reçoit mantra PR-004: «🜃 PROPHÉTIE : Dans le liminal silence, seul le sil...»
2026-07-27 18:52:03 | DEBUG    | ArcheoEpidemicChimera | t=69 Transmission : Agent#842 → Agent#843 (souche PR-004)
2026-07-27 18:52:03 | DEBUG    | ArcheoEpidemicChimera | Agent#846 reçoit mantra RF-005: «🜃 PROPHÉTIE : Dans le liminal silence, seul le sil...»
2026-07-27 18:52:03 | DEBUG    | ArcheoEpidemicChimera | t=69 Transmission : Agent#845 → Agent#846 (souche RF-005)
2026-07-27 18:52:03 | DEBUG    | ArcheoEpidemicChimera | t=69 Agent#160 se désenchante
2026-07-27 18:52:03 | DEBUG    | ArcheoEpidemicChimera | t=69 Agent#247 se désenchante
2026-07-27 18:52:03 | DEBUG    | ArcheoEpidemicChimera | t=69 Agent#342 devient évangéliste
2026-07-27 18:52:03 | DEBUG    | ArcheoEpidemicChimera | t=69 Agent#362 se désenchante
2026-07-27 18:52:03 | DEBUG    | ArcheoEpidemicChimera | t=69 Agent#389 se désenchante
2026-07-27 18:52:03 | DEBUG    | ArcheoEpidemicChimera | t=69 Agent#409 se désenchante
2026-07-27 18:52:03 | DEBUG    | ArcheoEpidemicChimera | t=69 Agent#412 se désenchante
2026-07-27 18:52:03 | DEBUG    | ArcheoEpidemicChimera | t=69 Agent#423 se désenchante
2026-07-27 18:52:03 | DEBUG    | ArcheoEpidemicChimera | t=69 Agent#441 se désenchante
2026-07-27 18:52:03 | DEBUG    | ArcheoEpidemicChimera | t=69 Agent#534 se désenchante
2026-07-27 18:52:03 | DEBUG    | ArcheoEpidemicChimera | t=69 Agent#535 se désenchante
2026-07-27 18:52:03 | DEBUG    | ArcheoEpidemicChimera | t=69 Agent#555 se désenchante
2026-07-27 18:52:03 | DEBUG    | ArcheoEpidemicChimera | t=69 Agent#584 se désenchante
2026-07-27 18:52:03 | DEBUG    | ArcheoEpidemicChimera | t=69 Agent#654 devient porteur silencieux
2026-07-27 18:52:03 | DEBUG    | ArcheoEpidemicChimera | t=69 Agent#660 se désenchante
2026-07-27 18:52:03 | DEBUG    | ArcheoEpidemicChimera | t=69 Agent#688 se désenchante
2026-07-27 18:52:03 | DEBUG    | ArcheoEpidemicChimera | t=69 Agent#695 devient porteur silencieux
2026-07-27 18:52:03 | DEBUG    | ArcheoEpidemicChimera | t=69 Agent#752 se désenchante
2026-07-27 18:52:03 | DEBUG    | ArcheoEpidemicChimera | t=69 Agent#774 se désenchante
2026-07-27 18:52:03 | DEBUG    | ArcheoEpidemicChimera | t=69 Agent#779 se désenchante
2026-07-27 18:52:03 | DEBUG    | ArcheoEpidemicChimera | t=69 Agent#795 se désenchante
2026-07-27 18:52:03 | DEBUG    | ArcheoEpidemicChimera | t=69 | Rt=1.07 | Souches=6 | Reliques=0
2026-07-27 18:52:03 | DEBUG    | ArcheoEpidemicChimera | Agent#24 reçoit mantra RF-005: «🜃 PROPHÉTIE : Dans le liminal silence, seul le sil...»
2026-07-27 18:52:03 | DEBUG    | ArcheoEpidemicChimera | t=70 Transmission : Agent#23 → Agent#24 (souche RF-005)
2026-07-27 18:52:03 | DEBUG    | ArcheoEpidemicChimera | Agent#103 reçoit mantra RF-005: «🜃 PROPHÉTIE : Dans le liminal silence, seul le sil...»
2026-07-27 18:52:03 | DEBUG    | ArcheoEpidemicChimera | t=70 Transmission : Agent#101 → Agent#103 (souche RF-005)
2026-07-27 18:52:03 | DEBUG    | ArcheoEpidemicChimera | Agent#462 reçoit mantra RF-005: «🜃 PROPHÉTIE : Dans le liminal silence, seul le sil...»
2026-07-27 18:52:03 | DEBUG    | ArcheoEpidemicChimera | t=70 Transmission : Agent#461 → Agent#462 (souche RF-005)
2026-07-27 18:52:03 | DEBUG    | ArcheoEpidemicChimera | Agent#506 reçoit mantra MV-003: «Le miroir fractal et le réseau dansent phénix de c...»
2026-07-27 18:52:03 | DEBUG    | ArcheoEpidemicChimera | t=70 Transmission : Agent#505 → Agent#506 (souche MV-003)
2026-07-27 18:52:03 | DEBUG    | ArcheoEpidemicChimera | Agent#522 reçoit mantra RF-005: «🜃 PROPHÉTIE : Dans le liminal silence, seul le sil...»
2026-07-27 18:52:03 | DEBUG    | ArcheoEpidemicChimera | t=70 Transmission : Agent#520 → Agent#522 (souche RF-005)
2026-07-27 18:52:03 | DEBUG    | ArcheoEpidemicChimera | Agent#702 reçoit mantra RF-005: «🜃 PROPHÉTIE : Dans le liminal silence, seul le sil...»
2026-07-27 18:52:03 | DEBUG    | ArcheoEpidemicChimera | t=70 Transmission : Agent#700 → Agent#702 (souche RF-005)
2026-07-27 18:52:03 | DEBUG    | ArcheoEpidemicChimera | Agent#908 reçoit mantra PR-004: «🜃 PROPHÉTIE : Dans le liminal silence, seul le sil...»
2026-07-27 18:52:03 | DEBUG    | ArcheoEpidemicChimera | t=70 Transmission : Agent#906 → Agent#908 (souche PR-004)
2026-07-27 18:52:03 | DEBUG    | ArcheoEpidemicChimera | t=70 Agent#18 devient évangéliste
2026-07-27 18:52:03 | DEBUG    | ArcheoEpidemicChimera | t=70 Agent#19 devient évangéliste
2026-07-27 18:52:03 | DEBUG    | ArcheoEpidemicChimera | t=70 Agent#48 se désenchante
2026-07-27 18:52:03 | DEBUG    | ArcheoEpidemicChimera | t=70 Agent#161 se désenchante
2026-07-27 18:52:03 | DEBUG    | ArcheoEpidemicChimera | t=70 Agent#219 se désenchante
2026-07-27 18:52:03 | DEBUG    | ArcheoEpidemicChimera | t=70 Agent#225 se désenchante
2026-07-27 18:52:03 | DEBUG    | ArcheoEpidemicChimera | t=70 Agent#269 se désenchante
2026-07-27 18:52:03 | DEBUG    | ArcheoEpidemicChimera | t=70 Agent#309 devient évangéliste
2026-07-27 18:52:03 | DEBUG    | ArcheoEpidemicChimera | t=70 Agent#319 se désenchante
2026-07-27 18:52:03 | DEBUG    | ArcheoEpidemicChimera | t=70 Agent#321 se désenchante
2026-07-27 18:52:03 | DEBUG    | ArcheoEpidemicChimera | t=70 Agent#328 se désenchante
2026-07-27 18:52:03 | DEBUG    | ArcheoEpidemicChimera | t=70 Agent#429 se désenchante
2026-07-27 18:52:03 | DEBUG    | ArcheoEpidemicChimera | t=70 Agent#459 se désenchante
2026-07-27 18:52:03 | DEBUG    | ArcheoEpidemicChimera | t=70 Agent#494 se désenchante
2026-07-27 18:52:03 | DEBUG    | ArcheoEpidemicChimera | t=70 Agent#503 se désenchante
2026-07-27 18:52:03 | DEBUG    | ArcheoEpidemicChimera | t=70 Agent#523 devient évangéliste
2026-07-27 18:52:03 | DEBUG    | ArcheoEpidemicChimera | t=70 Agent#561 se désenchante
2026-07-27 18:52:03 | DEBUG    | ArcheoEpidemicChimera | t=70 Agent#651 devient porteur silencieux
2026-07-27 18:52:03 | DEBUG    | ArcheoEpidemicChimera | t=70 Agent#726 se désenchante
2026-07-27 18:52:03 | DEBUG    | ArcheoEpidemicChimera | t=70 Agent#791 se désenchante
2026-07-27 18:52:03 | DEBUG    | ArcheoEpidemicChimera | t=70 Agent#798 se désenchante
2026-07-27 18:52:03 | DEBUG    | ArcheoEpidemicChimera | t=70 Agent#843 devient évangéliste
2026-07-27 18:52:03 | DEBUG    | ArcheoEpidemicChimera | t=70 Agent#846 devient évangéliste
2026-07-27 18:52:03 | DEBUG    | ArcheoEpidemicChimera | t=70 Agent#857 devient évangéliste
2026-07-27 18:52:03 | DEBUG    | ArcheoEpidemicChimera | t=70 Agent#903 se désenchante
2026-07-27 18:52:03 | DEBUG    | ArcheoEpidemicChimera | t=70 Agent#938 se désenchante
2026-07-27 18:52:03 | DEBUG    | ArcheoEpidemicChimera | t=70 Agent#951 se désenchante
2026-07-27 18:52:03 | DEBUG    | ArcheoEpidemicChimera | t=70 Agent#996 se désenchante
2026-07-27 18:52:03 | DEBUG    | ArcheoEpidemicChimera | t=70 | Rt=1.03 | Souches=6 | Reliques=0
2026-07-27 18:52:03 | DEBUG    | ArcheoEpidemicChimera | Agent#22 reçoit mantra PR-004: «🜃 PROPHÉTIE : Dans le liminal silence, seul le sil...»
2026-07-27 18:52:03 | DEBUG    | ArcheoEpidemicChimera | t=71 Transmission : Agent#20 → Agent#22 (souche PR-004)
2026-07-27 18:52:03 | DEBUG    | ArcheoEpidemicChimera | Agent#574 reçoit mantra RF-005: «🜃 PROPHÉTIE : Dans le liminal silence, seul le sil...»
2026-07-27 18:52:03 | DEBUG    | ArcheoEpidemicChimera | t=71 Transmission : Agent#571 → Agent#574 (souche RF-005)
2026-07-27 18:52:03 | DEBUG    | ArcheoEpidemicChimera | Agent#655 reçoit mantra PR-004: «🜃 PROPHÉTIE : Dans le liminal silence, seul le sil...»
2026-07-27 18:52:03 | DEBUG    | ArcheoEpidemicChimera | t=71 Transmission : Agent#654 → Agent#655 (souche PR-004)
2026-07-27 18:52:03 | DEBUG    | ArcheoEpidemicChimera | Agent#847 reçoit mantra RF-005: «🜃 PROPHÉTIE : Dans le liminal silence, seul le sil...»
2026-07-27 18:52:03 | DEBUG    | ArcheoEpidemicChimera | t=71 Transmission : Agent#846 → Agent#847 (souche RF-005)
2026-07-27 18:52:03 | DEBUG    | ArcheoEpidemicChimera | Agent#862 reçoit mantra PR-004: «🜃 PROPHÉTIE : Dans le liminal silence, seul le sil...»
2026-07-27 18:52:03 | DEBUG    | ArcheoEpidemicChimera | t=71 Transmission : Agent#860 → Agent#862 (souche PR-004)
2026-07-27 18:52:03 | DEBUG    | ArcheoEpidemicChimera | t=71 Agent#24 devient porteur silencieux
2026-07-27 18:52:03 | DEBUG    | ArcheoEpidemicChimera | t=71 Agent#68 se désenchante
2026-07-27 18:52:03 | DEBUG    | ArcheoEpidemicChimera | t=71 Agent#88 se désenchante
2026-07-27 18:52:03 | DEBUG    | ArcheoEpidemicChimera | t=71 Agent#103 devient évangéliste
2026-07-27 18:52:03 | DEBUG    | ArcheoEpidemicChimera | t=71 Agent#127 se désenchante
2026-07-27 18:52:03 | DEBUG    | ArcheoEpidemicChimera | t=71 Agent#153 se désenchante
2026-07-27 18:52:03 | DEBUG    | ArcheoEpidemicChimera | t=71 Agent#175 se désenchante
2026-07-27 18:52:03 | DEBUG    | ArcheoEpidemicChimera | t=71 Agent#284 se désenchante
2026-07-27 18:52:03 | DEBUG    | ArcheoEpidemicChimera | t=71 Agent#286 se désenchante
2026-07-27 18:52:03 | DEBUG    | ArcheoEpidemicChimera | t=71 Agent#461 se désenchante
2026-07-27 18:52:03 | DEBUG    | ArcheoEpidemicChimera | t=71 Agent#462 devient porteur silencieux
2026-07-27 18:52:03 | DEBUG    | ArcheoEpidemicChimera | t=71 Agent#464 se désenchante
2026-07-27 18:52:03 | DEBUG    | ArcheoEpidemicChimera | t=71 Agent#522 devient évangéliste
2026-07-27 18:52:03 | DEBUG    | ArcheoEpidemicChimera | t=71 Agent#549 se désenchante
2026-07-27 18:52:03 | DEBUG    | ArcheoEpidemicChimera | t=71 Agent#611 se désenchante
2026-07-27 18:52:03 | DEBUG    | ArcheoEpidemicChimera | t=71 Agent#674 se désenchante
2026-07-27 18:52:03 | DEBUG    | ArcheoEpidemicChimera | t=71 Agent#699 se désenchante
2026-07-27 18:52:03 | DEBUG    | ArcheoEpidemicChimera | t=71 Agent#702 devient porteur silencieux
2026-07-27 18:52:03 | DEBUG    | ArcheoEpidemicChimera | t=71 Agent#762 se désenchante
2026-07-27 18:52:03 | DEBUG    | ArcheoEpidemicChimera | t=71 Agent#773 se désenchante
2026-07-27 18:52:03 | DEBUG    | ArcheoEpidemicChimera | t=71 Agent#908 devient porteur silencieux
2026-07-27 18:52:03 | DEBUG    | ArcheoEpidemicChimera | t=71 Agent#952 se désenchante
2026-07-27 18:52:03 | DEBUG    | ArcheoEpidemicChimera | t=71 | Rt=1.03 | Souches=6 | Reliques=0
2026-07-27 18:52:03 | DEBUG    | ArcheoEpidemicChimera | Agent#524 reçoit mantra RF-005: «🜃 PROPHÉTIE : Dans le liminal silence, seul le sil...»
2026-07-27 18:52:03 | DEBUG    | ArcheoEpidemicChimera | t=72 Transmission : Agent#523 → Agent#524 (souche RF-005)
2026-07-27 18:52:03 | DEBUG    | ArcheoEpidemicChimera | Agent#653 reçoit mantra PR-004: «🜃 PROPHÉTIE : Dans le liminal silence, seul le sil...»
2026-07-27 18:52:03 | DEBUG    | ArcheoEpidemicChimera | t=72 Transmission : Agent#652 → Agent#653 (souche PR-004)
2026-07-27 18:52:03 | DEBUG    | ArcheoEpidemicChimera | t=72 Agent#16 se désenchante
2026-07-27 18:52:03 | DEBUG    | ArcheoEpidemicChimera | t=72 Agent#22 devient évangéliste
2026-07-27 18:52:03 | DEBUG    | ArcheoEpidemicChimera | t=72 Agent#27 se désenchante
2026-07-27 18:52:03 | DEBUG    | ArcheoEpidemicChimera | t=72 Agent#28 se désenchante
2026-07-27 18:52:03 | DEBUG    | ArcheoEpidemicChimera | t=72 Agent#335 se désenchante
2026-07-27 18:52:03 | DEBUG    | ArcheoEpidemicChimera | t=72 Agent#422 se désenchante
2026-07-27 18:52:03 | DEBUG    | ArcheoEpidemicChimera | t=72 Agent#455 se désenchante
2026-07-27 18:52:03 | DEBUG    | ArcheoEpidemicChimera | t=72 Agent#458 se désenchante
2026-07-27 18:52:03 | DEBUG    | ArcheoEpidemicChimera | t=72 Agent#466 se désenchante
2026-07-27 18:52:03 | DEBUG    | ArcheoEpidemicChimera | t=72 Agent#472 se désenchante
2026-07-27 18:52:03 | DEBUG    | ArcheoEpidemicChimera | t=72 Agent#479 se désenchante
2026-07-27 18:52:03 | DEBUG    | ArcheoEpidemicChimera | t=72 Agent#504 devient porteur silencieux
2026-07-27 18:52:03 | DEBUG    | ArcheoEpidemicChimera | t=72 Agent#522 se désenchante
2026-07-27 18:52:03 | DEBUG    | ArcheoEpidemicChimera | t=72 Agent#529 se désenchante
2026-07-27 18:52:03 | DEBUG    | ArcheoEpidemicChimera | t=72 Agent#537 se désenchante
2026-07-27 18:52:03 | DEBUG    | ArcheoEpidemicChimera | t=72 Agent#573 se désenchante
2026-07-27 18:52:03 | DEBUG    | ArcheoEpidemicChimera | t=72 Agent#574 devient évangéliste
2026-07-27 18:52:03 | DEBUG    | ArcheoEpidemicChimera | t=72 Agent#597 se désenchante
2026-07-27 18:52:03 | DEBUG    | ArcheoEpidemicChimera | t=72 Agent#655 devient porteur silencieux
2026-07-27 18:52:03 | DEBUG    | ArcheoEpidemicChimera | t=72 Agent#711 se désenchante
2026-07-27 18:52:03 | DEBUG    | ArcheoEpidemicChimera | t=72 Agent#796 se désenchante
2026-07-27 18:52:03 | DEBUG    | ArcheoEpidemicChimera | t=72 Agent#821 se désenchante
2026-07-27 18:52:03 | DEBUG    | ArcheoEpidemicChimera | t=72 Agent#847 devient porteur silencieux
2026-07-27 18:52:03 | DEBUG    | ArcheoEpidemicChimera | t=72 Agent#857 se désenchante
2026-07-27 18:52:03 | DEBUG    | ArcheoEpidemicChimera | t=72 Agent#862 devient porteur silencieux
2026-07-27 18:52:03 | DEBUG    | ArcheoEpidemicChimera | t=72 Agent#898 se désenchante
2026-07-27 18:52:03 | DEBUG    | ArcheoEpidemicChimera | t=72 Agent#981 se désenchante
2026-07-27 18:52:04 | DEBUG    | ArcheoEpidemicChimera | t=72 | Rt=1.09 | Souches=6 | Reliques=0
2026-07-27 18:52:04 | DEBUG    | ArcheoEpidemicChimera | Agent#312 reçoit mantra RF-005: «🜃 PROPHÉTIE : Dans le liminal silence, seul le sil...»
2026-07-27 18:52:04 | DEBUG    | ArcheoEpidemicChimera | t=73 Transmission : Agent#310 → Agent#312 (souche RF-005)
2026-07-27 18:52:04 | DEBUG    | ArcheoEpidemicChimera | t=73 Agent#14 se désenchante
2026-07-27 18:52:04 | DEBUG    | ArcheoEpidemicChimera | t=73 Agent#118 se désenchante
2026-07-27 18:52:04 | DEBUG    | ArcheoEpidemicChimera | t=73 Agent#283 se désenchante
2026-07-27 18:52:04 | DEBUG    | ArcheoEpidemicChimera | t=73 Agent#352 se désenchante
2026-07-27 18:52:04 | DEBUG    | ArcheoEpidemicChimera | t=73 Agent#375 se désenchante
2026-07-27 18:52:04 | DEBUG    | ArcheoEpidemicChimera | t=73 Agent#413 se désenchante
2026-07-27 18:52:04 | DEBUG    | ArcheoEpidemicChimera | t=73 Agent#426 sombre dans l'oubli
2026-07-27 18:52:04 | DEBUG    | ArcheoEpidemicChimera | t=73 Agent#524 devient porteur silencieux
2026-07-27 18:52:04 | DEBUG    | ArcheoEpidemicChimera | t=73 Agent#613 se désenchante
2026-07-27 18:52:04 | DEBUG    | ArcheoEpidemicChimera | t=73 Agent#653 devient évangéliste
2026-07-27 18:52:04 | DEBUG    | ArcheoEpidemicChimera | t=73 Agent#675 se désenchante
2026-07-27 18:52:04 | DEBUG    | ArcheoEpidemicChimera | t=73 Agent#694 se désenchante
2026-07-27 18:52:04 | DEBUG    | ArcheoEpidemicChimera | t=73 Agent#732 se désenchante
2026-07-27 18:52:04 | DEBUG    | ArcheoEpidemicChimera | t=73 Agent#794 se désenchante
2026-07-27 18:52:04 | DEBUG    | ArcheoEpidemicChimera | t=73 Agent#858 se désenchante
2026-07-27 18:52:04 | DEBUG    | ArcheoEpidemicChimera | t=73 Agent#914 se désenchante
2026-07-27 18:52:04 | DEBUG    | ArcheoEpidemicChimera | t=73 Agent#957 se désenchante
2026-07-27 18:52:04 | DEBUG    | ArcheoEpidemicChimera | t=73 Agent#962 se désenchante
2026-07-27 18:52:04 | DEBUG    | ArcheoEpidemicChimera | t=73 | Rt=1.05 | Souches=6 | Reliques=0
2026-07-27 18:52:04 | DEBUG    | ArcheoEpidemicChimera | Agent#454 reçoit mantra RF-005: «🜃 PROPHÉTIE : Dans le liminal silence, seul le sil...»
2026-07-27 18:52:04 | DEBUG    | ArcheoEpidemicChimera | t=74 Transmission : Agent#453 → Agent#454 (souche RF-005)
2026-07-27 18:52:04 | DEBUG    | ArcheoEpidemicChimera | Agent#201 reçoit mantra RF-005: «🜃 PROPHÉTIE : Dans le liminal silence, seul le sil...»
2026-07-27 18:52:04 | DEBUG    | ArcheoEpidemicChimera | t=74 Transmission : Agent#518 → Agent#201 (souche RF-005)
2026-07-27 18:52:04 | DEBUG    | ArcheoEpidemicChimera | Agent#656 reçoit mantra PR-004: «🜃 PROPHÉTIE : Dans le liminal silence, seul le sil...»
2026-07-27 18:52:04 | DEBUG    | ArcheoEpidemicChimera | t=74 Transmission : Agent#655 → Agent#656 (souche PR-004)
2026-07-27 18:52:04 | DEBUG    | ArcheoEpidemicChimera | t=74 Agent#23 se désenchante
2026-07-27 18:52:04 | DEBUG    | ArcheoEpidemicChimera | t=74 Agent#36 se désenchante
2026-07-27 18:52:04 | DEBUG    | ArcheoEpidemicChimera | t=74 Agent#50 se désenchante
2026-07-27 18:52:04 | DEBUG    | ArcheoEpidemicChimera | t=74 Agent#96 se désenchante
2026-07-27 18:52:04 | DEBUG    | ArcheoEpidemicChimera | t=74 Agent#101 se désenchante
2026-07-27 18:52:04 | DEBUG    | ArcheoEpidemicChimera | t=74 Agent#236 se désenchante
2026-07-27 18:52:04 | DEBUG    | ArcheoEpidemicChimera | t=74 Agent#312 devient évangéliste
2026-07-27 18:52:04 | DEBUG    | ArcheoEpidemicChimera | t=74 Agent#346 se désenchante
2026-07-27 18:52:04 | DEBUG    | ArcheoEpidemicChimera | t=74 Agent#358 se désenchante
2026-07-27 18:52:04 | DEBUG    | ArcheoEpidemicChimera | t=74 Agent#367 se désenchante
2026-07-27 18:52:04 | DEBUG    | ArcheoEpidemicChimera | t=74 Agent#370 se désenchante
2026-07-27 18:52:04 | DEBUG    | ArcheoEpidemicChimera | t=74 Agent#463 se désenchante
2026-07-27 18:52:04 | DEBUG    | ArcheoEpidemicChimera | t=74 Agent#506 devient évangéliste
2026-07-27 18:52:04 | DEBUG    | ArcheoEpidemicChimera | t=74 Agent#572 se désenchante
2026-07-27 18:52:04 | DEBUG    | ArcheoEpidemicChimera | t=74 Agent#596 se désenchante
2026-07-27 18:52:04 | DEBUG    | ArcheoEpidemicChimera | t=74 Agent#618 se désenchante
2026-07-27 18:52:04 | DEBUG    | ArcheoEpidemicChimera | t=74 Agent#643 se désenchante
2026-07-27 18:52:04 | DEBUG    | ArcheoEpidemicChimera | t=74 Agent#682 se désenchante
2026-07-27 18:52:04 | DEBUG    | ArcheoEpidemicChimera | t=74 Agent#716 se désenchante
2026-07-27 18:52:04 | DEBUG    | ArcheoEpidemicChimera | t=74 Agent#835 se désenchante
2026-07-27 18:52:04 | DEBUG    | ArcheoEpidemicChimera | t=74 Agent#868 se désenchante
2026-07-27 18:52:04 | DEBUG    | ArcheoEpidemicChimera | t=74 Agent#993 se désenchante
2026-07-27 18:52:04 | DEBUG    | ArcheoEpidemicChimera | t=74 Agent#1000 se désenchante
2026-07-27 18:52:04 | DEBUG    | ArcheoEpidemicChimera | t=74 | Rt=1.00 | Souches=6 | Reliques=0
2026-07-27 18:52:04 | DEBUG    | ArcheoEpidemicChimera | t=75 Agent#13 se désenchante
2026-07-27 18:52:04 | DEBUG    | ArcheoEpidemicChimera | t=75 Agent#19 se désenchante
2026-07-27 18:52:04 | DEBUG    | ArcheoEpidemicChimera | t=75 Agent#81 se désenchante
2026-07-27 18:52:04 | DEBUG    | ArcheoEpidemicChimera | t=75 Agent#125 se désenchante
2026-07-27 18:52:04 | DEBUG    | ArcheoEpidemicChimera | t=75 Agent#158 se désenchante
2026-07-27 18:52:04 | DEBUG    | ArcheoEpidemicChimera | t=75 Agent#201 devient évangéliste
2026-07-27 18:52:04 | DEBUG    | ArcheoEpidemicChimera | t=75 Agent#307 se désenchante
2026-07-27 18:52:04 | DEBUG    | ArcheoEpidemicChimera | t=75 Agent#333 se désenchante
2026-07-27 18:52:04 | DEBUG    | ArcheoEpidemicChimera | t=75 Agent#359 se désenchante
2026-07-27 18:52:04 | DEBUG    | ArcheoEpidemicChimera | t=75 Agent#419 se désenchante
2026-07-27 18:52:04 | DEBUG    | ArcheoEpidemicChimera | t=75 Agent#438 se désenchante
2026-07-27 18:52:04 | DEBUG    | ArcheoEpidemicChimera | t=75 Agent#454 devient porteur silencieux
2026-07-27 18:52:04 | DEBUG    | ArcheoEpidemicChimera | t=75 Agent#533 se désenchante
2026-07-27 18:52:04 | DEBUG    | ArcheoEpidemicChimera | t=75 Agent#602 se désenchante
2026-07-27 18:52:04 | DEBUG    | ArcheoEpidemicChimera | t=75 Agent#653 se désenchante
2026-07-27 18:52:04 | DEBUG    | ArcheoEpidemicChimera | t=75 Agent#656 devient évangéliste
2026-07-27 18:52:04 | DEBUG    | ArcheoEpidemicChimera | t=75 Agent#703 se désenchante
2026-07-27 18:52:04 | DEBUG    | ArcheoEpidemicChimera | t=75 Agent#728 se désenchante
2026-07-27 18:52:04 | DEBUG    | ArcheoEpidemicChimera | t=75 Agent#782 se désenchante
2026-07-27 18:52:04 | DEBUG    | ArcheoEpidemicChimera | t=75 Agent#810 se désenchante
2026-07-27 18:52:04 | DEBUG    | ArcheoEpidemicChimera | t=75 Agent#843 se désenchante
2026-07-27 18:52:04 | DEBUG    | ArcheoEpidemicChimera | t=75 Agent#846 se désenchante
2026-07-27 18:52:04 | DEBUG    | ArcheoEpidemicChimera | t=75 Agent#848 se désenchante
2026-07-27 18:52:04 | DEBUG    | ArcheoEpidemicChimera | t=75 Agent#849 se désenchante
2026-07-27 18:52:04 | DEBUG    | ArcheoEpidemicChimera | t=75 Agent#939 se désenchante
2026-07-27 18:52:04 | DEBUG    | ArcheoEpidemicChimera | t=75 Agent#979 se désenchante
2026-07-27 18:52:04 | DEBUG    | ArcheoEpidemicChimera | t=75 | Rt=1.00 | Souches=6 | Reliques=0
2026-07-27 18:52:04 | DEBUG    | ArcheoEpidemicChimera | Agent#157 reçoit mantra RF-005: «🜃 PROPHÉTIE : Dans le liminal silence, seul le sil...»
2026-07-27 18:52:04 | DEBUG    | ArcheoEpidemicChimera | t=76 Transmission : Agent#41 → Agent#157 (souche RF-005)
2026-07-27 18:52:04 | DEBUG    | ArcheoEpidemicChimera | Agent#140 reçoit mantra RF-005: «🜃 PROPHÉTIE : Dans le liminal silence, seul le sil...»
2026-07-27 18:52:04 | DEBUG    | ArcheoEpidemicChimera | t=76 Transmission : Agent#137 → Agent#140 (souche RF-005)
2026-07-27 18:52:04 | DEBUG    | ArcheoEpidemicChimera | Agent#314 reçoit mantra RF-005: «🜃 PROPHÉTIE : Dans le liminal silence, seul le sil...»
2026-07-27 18:52:04 | DEBUG    | ArcheoEpidemicChimera | t=76 Transmission : Agent#312 → Agent#314 (souche RF-005)
2026-07-27 18:52:04 | DEBUG    | ArcheoEpidemicChimera | Agent#736 reçoit mantra PR-004: «🜃 PROPHÉTIE : Dans le liminal silence, seul le sil...»
2026-07-27 18:52:04 | DEBUG    | ArcheoEpidemicChimera | t=76 Transmission : Agent#735 → Agent#736 (souche PR-004)
2026-07-27 18:52:04 | DEBUG    | ArcheoEpidemicChimera | t=76 Agent#15 se désenchante
2026-07-27 18:52:04 | DEBUG    | ArcheoEpidemicChimera | t=76 Agent#18 se désenchante
2026-07-27 18:52:04 | DEBUG    | ArcheoEpidemicChimera | t=76 Agent#66 se désenchante
2026-07-27 18:52:04 | DEBUG    | ArcheoEpidemicChimera | t=76 Agent#79 se désenchante
2026-07-27 18:52:04 | DEBUG    | ArcheoEpidemicChimera | t=76 Agent#93 se désenchante
2026-07-27 18:52:04 | DEBUG    | ArcheoEpidemicChimera | t=76 Agent#98 se désenchante
2026-07-27 18:52:04 | DEBUG    | ArcheoEpidemicChimera | t=76 Agent#154 se désenchante
2026-07-27 18:52:04 | DEBUG    | ArcheoEpidemicChimera | t=76 Agent#298 se désenchante
2026-07-27 18:52:04 | DEBUG    | ArcheoEpidemicChimera | t=76 Agent#371 se désenchante
2026-07-27 18:52:04 | DEBUG    | ArcheoEpidemicChimera | t=76 Agent#442 se désenchante
2026-07-27 18:52:04 | DEBUG    | ArcheoEpidemicChimera | t=76 Agent#531 se désenchante
2026-07-27 18:52:04 | DEBUG    | ArcheoEpidemicChimera | t=76 Agent#599 se désenchante
2026-07-27 18:52:04 | DEBUG    | ArcheoEpidemicChimera | t=76 Agent#666 se désenchante
2026-07-27 18:52:04 | DEBUG    | ArcheoEpidemicChimera | t=76 Agent#677 se désenchante
2026-07-27 18:52:04 | DEBUG    | ArcheoEpidemicChimera | t=76 Agent#705 se désenchante
2026-07-27 18:52:04 | DEBUG    | ArcheoEpidemicChimera | t=76 Agent#820 se désenchante
2026-07-27 18:52:04 | DEBUG    | ArcheoEpidemicChimera | t=76 Agent#866 se désenchante
2026-07-27 18:52:04 | DEBUG    | ArcheoEpidemicChimera | t=76 Agent#925 se désenchante
2026-07-27 18:52:04 | DEBUG    | ArcheoEpidemicChimera | t=76 | Rt=1.00 | Souches=6 | Reliques=0
2026-07-27 18:52:04 | DEBUG    | ArcheoEpidemicChimera | Agent#526 reçoit mantra RF-005: «🜃 PROPHÉTIE : Dans le liminal silence, seul le sil...»
2026-07-27 18:52:04 | DEBUG    | ArcheoEpidemicChimera | t=77 Transmission : Agent#524 → Agent#526 (souche RF-005)
2026-07-27 18:52:04 | DEBUG    | ArcheoEpidemicChimera | Agent#575 reçoit mantra RF-005: «🜃 PROPHÉTIE : Dans le liminal silence, seul le sil...»
2026-07-27 18:52:04 | DEBUG    | ArcheoEpidemicChimera | t=77 Transmission : Agent#574 → Agent#575 (souche RF-005)
2026-07-27 18:52:04 | DEBUG    | ArcheoEpidemicChimera | Agent#657 reçoit mantra PR-004: «🜃 PROPHÉTIE : Dans le liminal silence, seul le sil...»
2026-07-27 18:52:04 | DEBUG    | ArcheoEpidemicChimera | t=77 Transmission : Agent#655 → Agent#657 (souche PR-004)
2026-07-27 18:52:04 | DEBUG    | ArcheoEpidemicChimera | t=77 Agent#53 se désenchante
2026-07-27 18:52:04 | DEBUG    | ArcheoEpidemicChimera | t=77 Agent#116 se désenchante
2026-07-27 18:52:04 | DEBUG    | ArcheoEpidemicChimera | t=77 Agent#140 devient évangéliste
2026-07-27 18:52:04 | DEBUG    | ArcheoEpidemicChimera | t=77 Agent#157 devient porteur silencieux
2026-07-27 18:52:04 | DEBUG    | ArcheoEpidemicChimera | t=77 Agent#206 se désenchante
2026-07-27 18:52:04 | DEBUG    | ArcheoEpidemicChimera | t=77 Agent#281 se désenchante
2026-07-27 18:52:04 | DEBUG    | ArcheoEpidemicChimera | t=77 Agent#314 devient évangéliste
2026-07-27 18:52:04 | DEBUG    | ArcheoEpidemicChimera | t=77 Agent#330 se désenchante
2026-07-27 18:52:04 | DEBUG    | ArcheoEpidemicChimera | t=77 Agent#341 se désenchante
2026-07-27 18:52:04 | DEBUG    | ArcheoEpidemicChimera | t=77 Agent#365 se désenchante
2026-07-27 18:52:04 | DEBUG    | ArcheoEpidemicChimera | t=77 Agent#392 se désenchante
2026-07-27 18:52:04 | DEBUG    | ArcheoEpidemicChimera | t=77 Agent#403 se désenchante
2026-07-27 18:52:04 | DEBUG    | ArcheoEpidemicChimera | t=77 Agent#433 se désenchante
2026-07-27 18:52:04 | DEBUG    | ArcheoEpidemicChimera | t=77 Agent#519 se désenchante
2026-07-27 18:52:04 | DEBUG    | ArcheoEpidemicChimera | t=77 Agent#606 se désenchante
2026-07-27 18:52:04 | DEBUG    | ArcheoEpidemicChimera | t=77 Agent#624 se désenchante
2026-07-27 18:52:04 | DEBUG    | ArcheoEpidemicChimera | t=77 Agent#649 se désenchante
2026-07-27 18:52:04 | DEBUG    | ArcheoEpidemicChimera | t=77 Agent#651 se désenchante
2026-07-27 18:52:04 | DEBUG    | ArcheoEpidemicChimera | t=77 Agent#722 se désenchante
2026-07-27 18:52:04 | DEBUG    | ArcheoEpidemicChimera | t=77 Agent#736 devient évangéliste
2026-07-27 18:52:04 | DEBUG    | ArcheoEpidemicChimera | t=77 Agent#800 se désenchante
2026-07-27 18:52:04 | DEBUG    | ArcheoEpidemicChimera | t=77 Agent#845 se désenchante
2026-07-27 18:52:04 | DEBUG    | ArcheoEpidemicChimera | t=77 Agent#886 se désenchante
2026-07-27 18:52:04 | DEBUG    | ArcheoEpidemicChimera | t=77 | Rt=1.10 | Souches=6 | Reliques=0
2026-07-27 18:52:04 | DEBUG    | ArcheoEpidemicChimera | Agent#588 reçoit mantra RF-005: «🜃 PROPHÉTIE : Dans le liminal silence, seul le sil...»
2026-07-27 18:52:04 | DEBUG    | ArcheoEpidemicChimera | t=78 Transmission : Agent#314 → Agent#588 (souche RF-005)
2026-07-27 18:52:04 | DEBUG    | ArcheoEpidemicChimera | Agent#864 reçoit mantra PR-004: «🜃 PROPHÉTIE : Dans le liminal silence, seul le sil...»
2026-07-27 18:52:04 | DEBUG    | ArcheoEpidemicChimera | t=78 Transmission : Agent#862 → Agent#864 (souche PR-004)
2026-07-27 18:52:04 | DEBUG    | ArcheoEpidemicChimera | t=78 Agent#11 se désenchante
2026-07-27 18:52:04 | DEBUG    | ArcheoEpidemicChimera | t=78 Agent#173 se désenchante
2026-07-27 18:52:04 | DEBUG    | ArcheoEpidemicChimera | t=78 Agent#305 se désenchante
2026-07-27 18:52:04 | DEBUG    | ArcheoEpidemicChimera | t=78 Agent#354 se désenchante
2026-07-27 18:52:04 | DEBUG    | ArcheoEpidemicChimera | t=78 Agent#398 se désenchante
2026-07-27 18:52:04 | DEBUG    | ArcheoEpidemicChimera | t=78 Agent#444 se désenchante
2026-07-27 18:52:04 | DEBUG    | ArcheoEpidemicChimera | t=78 Agent#510 se désenchante
2026-07-27 18:52:04 | DEBUG    | ArcheoEpidemicChimera | t=78 Agent#571 se désenchante
2026-07-27 18:52:04 | DEBUG    | ArcheoEpidemicChimera | t=78 Agent#575 devient évangéliste
2026-07-27 18:52:04 | DEBUG    | ArcheoEpidemicChimera | t=78 Agent#617 se désenchante
2026-07-27 18:52:04 | DEBUG    | ArcheoEpidemicChimera | t=78 Agent#625 se désenchante
2026-07-27 18:52:04 | DEBUG    | ArcheoEpidemicChimera | t=78 Agent#648 se désenchante
2026-07-27 18:52:04 | DEBUG    | ArcheoEpidemicChimera | t=78 Agent#657 devient évangéliste
2026-07-27 18:52:04 | DEBUG    | ArcheoEpidemicChimera | t=78 Agent#702 se désenchante
2026-07-27 18:52:04 | DEBUG    | ArcheoEpidemicChimera | t=78 Agent#721 se désenchante
2026-07-27 18:52:04 | DEBUG    | ArcheoEpidemicChimera | t=78 Agent#816 se désenchante
2026-07-27 18:52:04 | DEBUG    | ArcheoEpidemicChimera | t=78 Agent#850 se désenchante
2026-07-27 18:52:04 | DEBUG    | ArcheoEpidemicChimera | t=78 Agent#909 se désenchante
2026-07-27 18:52:04 | DEBUG    | ArcheoEpidemicChimera | t=78 Agent#997 se désenchante
2026-07-27 18:52:04 | DEBUG    | ArcheoEpidemicChimera | t=78 | Rt=1.09 | Souches=6 | Reliques=0
2026-07-27 18:52:04 | DEBUG    | ArcheoEpidemicChimera | t=79 Agent#37 se désenchante
2026-07-27 18:52:04 | DEBUG    | ArcheoEpidemicChimera | t=79 Agent#289 se désenchante
2026-07-27 18:52:04 | DEBUG    | ArcheoEpidemicChimera | t=79 Agent#311 se désenchante
2026-07-27 18:52:04 | DEBUG    | ArcheoEpidemicChimera | t=79 Agent#312 se désenchante
2026-07-27 18:52:04 | DEBUG    | ArcheoEpidemicChimera | t=79 Agent#470 se désenchante
2026-07-27 18:52:04 | DEBUG    | ArcheoEpidemicChimera | t=79 Agent#505 se désenchante
2026-07-27 18:52:04 | DEBUG    | ArcheoEpidemicChimera | t=79 Agent#526 devient évangéliste
2026-07-27 18:52:04 | DEBUG    | ArcheoEpidemicChimera | t=79 Agent#538 se désenchante
2026-07-27 18:52:04 | DEBUG    | ArcheoEpidemicChimera | t=79 Agent#558 se désenchante
2026-07-27 18:52:04 | DEBUG    | ArcheoEpidemicChimera | t=79 Agent#588 devient évangéliste
2026-07-27 18:52:04 | DEBUG    | ArcheoEpidemicChimera | t=79 Agent#735 se désenchante
2026-07-27 18:52:04 | DEBUG    | ArcheoEpidemicChimera | t=79 Agent#745 se désenchante
2026-07-27 18:52:04 | DEBUG    | ArcheoEpidemicChimera | t=79 Agent#864 devient évangéliste
2026-07-27 18:52:04 | DEBUG    | ArcheoEpidemicChimera | t=79 Agent#941 se désenchante
2026-07-27 18:52:04 | DEBUG    | ArcheoEpidemicChimera | t=79 | Rt=1.00 | Souches=6 | Reliques=0
2026-07-27 18:52:04 | DEBUG    | ArcheoEpidemicChimera | Agent#142 reçoit mantra RF-005: «🜃 PROPHÉTIE : Dans le liminal silence, seul le sil...»
2026-07-27 18:52:04 | DEBUG    | ArcheoEpidemicChimera | t=80 Transmission : Agent#141 → Agent#142 (souche RF-005)
2026-07-27 18:52:04 | DEBUG    | ArcheoEpidemicChimera | Agent#266 reçoit mantra PR-004: «🜃 PROPHÉTIE : Dans le liminal silence, seul le sil...»
2026-07-27 18:52:04 | DEBUG    | ArcheoEpidemicChimera | t=80 Transmission : Agent#264 → Agent#266 (souche PR-004)
2026-07-27 18:52:04 | DEBUG    | ArcheoEpidemicChimera | Agent#590 reçoit mantra RF-005: «🜃 PROPHÉTIE : Dans le liminal silence, seul le sil...»
2026-07-27 18:52:04 | DEBUG    | ArcheoEpidemicChimera | t=80 Transmission : Agent#588 → Agent#590 (souche RF-005)
2026-07-27 18:52:04 | DEBUG    | ArcheoEpidemicChimera | t=80 Agent#402 se désenchante
2026-07-27 18:52:04 | DEBUG    | ArcheoEpidemicChimera | t=80 Agent#428 se désenchante
2026-07-27 18:52:04 | DEBUG    | ArcheoEpidemicChimera | t=80 Agent#430 se désenchante
2026-07-27 18:52:04 | DEBUG    | ArcheoEpidemicChimera | t=80 Agent#475 se désenchante
2026-07-27 18:52:04 | DEBUG    | ArcheoEpidemicChimera | t=80 Agent#477 se désenchante
2026-07-27 18:52:04 | DEBUG    | ArcheoEpidemicChimera | t=80 Agent#864 se désenchante
2026-07-27 18:52:04 | DEBUG    | ArcheoEpidemicChimera | t=80 Agent#902 se désenchante
2026-07-27 18:52:04 | DEBUG    | ArcheoEpidemicChimera | t=80 Agent#975 se désenchante
2026-07-27 18:52:04 | DEBUG    | ArcheoEpidemicChimera | t=80 | Rt=1.00 | Souches=6 | Reliques=0
2026-07-27 18:52:04 | DEBUG    | ArcheoEpidemicChimera | Agent#650 reçoit mantra RF-005: «🜃 PROPHÉTIE : Dans le liminal silence, seul le sil...»
2026-07-27 18:52:04 | DEBUG    | ArcheoEpidemicChimera | t=81 Transmission : Agent#588 → Agent#650 (souche RF-005)
2026-07-27 18:52:04 | DEBUG    | ArcheoEpidemicChimera | Agent#656 reçoit mantra MV-007: «🜃 PROPHÉTIE : Dans le liminal silence, seul le ann...»
2026-07-27 18:52:04 | INFO     | ArcheoEpidemicChimera | t=81 🧬 MUTATION : PR-004 → MV-007 «🜃 PROPHÉTIE : Dans le liminal silence, s...»
2026-07-27 18:52:04 | WARNING  | ArcheoEpidemicChimera | t=81 🚫 CENSURE à Marché_Souterrain : 2 évangélistes réduits au silence
2026-07-27 18:52:04 | DEBUG    | ArcheoEpidemicChimera | t=81 Agent#10 se désenchante
2026-07-27 18:52:04 | DEBUG    | ArcheoEpidemicChimera | t=81 Agent#54 se désenchante
2026-07-27 18:52:04 | DEBUG    | ArcheoEpidemicChimera | t=81 Agent#74 se désenchante
2026-07-27 18:52:04 | DEBUG    | ArcheoEpidemicChimera | t=81 Agent#87 se désenchante
2026-07-27 18:52:04 | DEBUG    | ArcheoEpidemicChimera | t=81 Agent#142 devient évangéliste
2026-07-27 18:52:04 | DEBUG    | ArcheoEpidemicChimera | t=81 Agent#205 se désenchante
2026-07-27 18:52:04 | DEBUG    | ArcheoEpidemicChimera | t=81 Agent#266 devient évangéliste
2026-07-27 18:52:04 | DEBUG    | ArcheoEpidemicChimera | t=81 Agent#285 se désenchante
2026-07-27 18:52:04 | DEBUG    | ArcheoEpidemicChimera | t=81 Agent#340 se désenchante
2026-07-27 18:52:04 | DEBUG    | ArcheoEpidemicChimera | t=81 Agent#590 devient porteur silencieux
2026-07-27 18:52:04 | DEBUG    | ArcheoEpidemicChimera | t=81 Agent#704 se désenchante
2026-07-27 18:52:04 | DEBUG    | ArcheoEpidemicChimera | t=81 Agent#965 se désenchante
2026-07-27 18:52:04 | DEBUG    | ArcheoEpidemicChimera | t=81 | Rt=1.12 | Souches=7 | Reliques=0
2026-07-27 18:52:05 | DEBUG    | ArcheoEpidemicChimera | Agent#267 reçoit mantra PR-004: «🜃 PROPHÉTIE : Dans le liminal silence, seul le sil...»
2026-07-27 18:52:05 | DEBUG    | ArcheoEpidemicChimera | t=82 Transmission : Agent#266 → Agent#267 (souche PR-004)
2026-07-27 18:52:05 | DEBUG    | ArcheoEpidemicChimera | t=82 Agent#76 se désenchante
2026-07-27 18:52:05 | DEBUG    | ArcheoEpidemicChimera | t=82 Agent#86 se désenchante
2026-07-27 18:52:05 | DEBUG    | ArcheoEpidemicChimera | t=82 Agent#201 se désenchante
2026-07-27 18:52:05 | DEBUG    | ArcheoEpidemicChimera | t=82 Agent#229 se désenchante
2026-07-27 18:52:05 | DEBUG    | ArcheoEpidemicChimera | t=82 Agent#243 se désenchante
2026-07-27 18:52:05 | DEBUG    | ArcheoEpidemicChimera | t=82 Agent#246 se désenchante
2026-07-27 18:52:05 | DEBUG    | ArcheoEpidemicChimera | t=82 Agent#279 se désenchante
2026-07-27 18:52:05 | DEBUG    | ArcheoEpidemicChimera | t=82 Agent#297 se désenchante
2026-07-27 18:52:05 | DEBUG    | ArcheoEpidemicChimera | t=82 Agent#372 se désenchante
2026-07-27 18:52:05 | DEBUG    | ArcheoEpidemicChimera | t=82 Agent#432 se désenchante
2026-07-27 18:52:05 | DEBUG    | ArcheoEpidemicChimera | t=82 Agent#474 se désenchante
2026-07-27 18:52:05 | DEBUG    | ArcheoEpidemicChimera | t=82 Agent#480 se désenchante
2026-07-27 18:52:05 | DEBUG    | ArcheoEpidemicChimera | t=82 Agent#513 se désenchante
2026-07-27 18:52:05 | DEBUG    | ArcheoEpidemicChimera | t=82 Agent#650 devient évangéliste
2026-07-27 18:52:05 | DEBUG    | ArcheoEpidemicChimera | t=82 Agent#727 se désenchante
2026-07-27 18:52:05 | DEBUG    | ArcheoEpidemicChimera | t=82 Agent#814 se désenchante
2026-07-27 18:52:05 | DEBUG    | ArcheoEpidemicChimera | t=82 Agent#831 se désenchante
2026-07-27 18:52:05 | DEBUG    | ArcheoEpidemicChimera | t=82 Agent#860 se désenchante
2026-07-27 18:52:05 | DEBUG    | ArcheoEpidemicChimera | t=82 Agent#936 se désenchante
2026-07-27 18:52:05 | DEBUG    | ArcheoEpidemicChimera | t=82 | Rt=1.17 | Souches=7 | Reliques=0
2026-07-27 18:52:05 | DEBUG    | ArcheoEpidemicChimera | t=83 Agent#75 se désenchante
2026-07-27 18:52:05 | DEBUG    | ArcheoEpidemicChimera | t=83 Agent#222 se désenchante
2026-07-27 18:52:05 | DEBUG    | ArcheoEpidemicChimera | t=83 Agent#267 devient évangéliste
2026-07-27 18:52:05 | DEBUG    | ArcheoEpidemicChimera | t=83 Agent#271 se désenchante
2026-07-27 18:52:05 | DEBUG    | ArcheoEpidemicChimera | t=83 Agent#581 se désenchante
2026-07-27 18:52:05 | DEBUG    | ArcheoEpidemicChimera | t=83 Agent#636 se désenchante
2026-07-27 18:52:05 | DEBUG    | ArcheoEpidemicChimera | t=83 Agent#838 se désenchante
2026-07-27 18:52:05 | DEBUG    | ArcheoEpidemicChimera | t=83 | Rt=1.25 | Souches=7 | Reliques=0
2026-07-27 18:52:05 | DEBUG    | ArcheoEpidemicChimera | Agent#26 reçoit mantra RF-005: «🜃 PROPHÉTIE : Dans le liminal silence, seul le sil...»
2026-07-27 18:52:05 | DEBUG    | ArcheoEpidemicChimera | t=84 Transmission : Agent#24 → Agent#26 (souche RF-005)
2026-07-27 18:52:05 | DEBUG    | ArcheoEpidemicChimera | t=84 Agent#149 se désenchante
2026-07-27 18:52:05 | DEBUG    | ArcheoEpidemicChimera | t=84 Agent#302 se désenchante
2026-07-27 18:52:05 | DEBUG    | ArcheoEpidemicChimera | t=84 Agent#360 se désenchante
2026-07-27 18:52:05 | DEBUG    | ArcheoEpidemicChimera | t=84 Agent#407 se désenchante
2026-07-27 18:52:05 | DEBUG    | ArcheoEpidemicChimera | t=84 Agent#499 se désenchante
2026-07-27 18:52:05 | DEBUG    | ArcheoEpidemicChimera | t=84 Agent#552 se désenchante
2026-07-27 18:52:05 | DEBUG    | ArcheoEpidemicChimera | t=84 Agent#575 se désenchante
2026-07-27 18:52:05 | DEBUG    | ArcheoEpidemicChimera | t=84 Agent#578 se désenchante
2026-07-27 18:52:05 | DEBUG    | ArcheoEpidemicChimera | t=84 Agent#657 se désenchante
2026-07-27 18:52:05 | DEBUG    | ArcheoEpidemicChimera | t=84 Agent#808 se désenchante
2026-07-27 18:52:05 | DEBUG    | ArcheoEpidemicChimera | t=84 Agent#872 se désenchante
2026-07-27 18:52:05 | DEBUG    | ArcheoEpidemicChimera | t=84 Agent#878 se désenchante
2026-07-27 18:52:05 | DEBUG    | ArcheoEpidemicChimera | t=84 Agent#987 se désenchante
2026-07-27 18:52:05 | DEBUG    | ArcheoEpidemicChimera | t=84 | Rt=1.20 | Souches=7 | Reliques=0
2026-07-27 18:52:05 | DEBUG    | ArcheoEpidemicChimera | t=85 Agent#26 devient évangéliste
2026-07-27 18:52:05 | DEBUG    | ArcheoEpidemicChimera | t=85 Agent#191 se désenchante
2026-07-27 18:52:05 | DEBUG    | ArcheoEpidemicChimera | t=85 Agent#227 se désenchante
2026-07-27 18:52:05 | DEBUG    | ArcheoEpidemicChimera | t=85 Agent#266 se désenchante
2026-07-27 18:52:05 | DEBUG    | ArcheoEpidemicChimera | t=85 Agent#278 se désenchante
2026-07-27 18:52:05 | DEBUG    | ArcheoEpidemicChimera | t=85 Agent#280 se désenchante
2026-07-27 18:52:05 | DEBUG    | ArcheoEpidemicChimera | t=85 Agent#462 se désenchante
2026-07-27 18:52:05 | DEBUG    | ArcheoEpidemicChimera | t=85 Agent#486 se désenchante
2026-07-27 18:52:05 | DEBUG    | ArcheoEpidemicChimera | t=85 Agent#729 se désenchante
2026-07-27 18:52:05 | DEBUG    | ArcheoEpidemicChimera | t=85 Agent#771 se désenchante
2026-07-27 18:52:05 | DEBUG    | ArcheoEpidemicChimera | t=85 Agent#781 se désenchante
2026-07-27 18:52:05 | DEBUG    | ArcheoEpidemicChimera | t=85 Agent#875 se désenchante
2026-07-27 18:52:05 | DEBUG    | ArcheoEpidemicChimera | t=85 Agent#934 se désenchante
2026-07-27 18:52:05 | DEBUG    | ArcheoEpidemicChimera | t=85 Agent#990 se désenchante
2026-07-27 18:52:05 | DEBUG    | ArcheoEpidemicChimera | t=85 | Rt=1.00 | Souches=7 | Reliques=0
2026-07-27 18:52:05 | DEBUG    | ArcheoEpidemicChimera | t=86 Agent#55 se désenchante
2026-07-27 18:52:05 | DEBUG    | ArcheoEpidemicChimera | t=86 Agent#104 se désenchante
2026-07-27 18:52:05 | DEBUG    | ArcheoEpidemicChimera | t=86 Agent#166 se désenchante
2026-07-27 18:52:05 | DEBUG    | ArcheoEpidemicChimera | t=86 Agent#223 se désenchante
2026-07-27 18:52:05 | DEBUG    | ArcheoEpidemicChimera | t=86 Agent#385 se désenchante
2026-07-27 18:52:05 | DEBUG    | ArcheoEpidemicChimera | t=86 Agent#404 se désenchante
2026-07-27 18:52:05 | DEBUG    | ArcheoEpidemicChimera | t=86 Agent#521 se désenchante
2026-07-27 18:52:05 | DEBUG    | ArcheoEpidemicChimera | t=86 Agent#564 sombre dans l'oubli
2026-07-27 18:52:05 | DEBUG    | ArcheoEpidemicChimera | t=86 Agent#686 se désenchante
2026-07-27 18:52:05 | DEBUG    | ArcheoEpidemicChimera | t=86 Agent#824 se désenchante
2026-07-27 18:52:05 | DEBUG    | ArcheoEpidemicChimera | t=86 Agent#911 se désenchante
2026-07-27 18:52:05 | DEBUG    | ArcheoEpidemicChimera | t=86 Agent#916 se désenchante
2026-07-27 18:52:05 | DEBUG    | ArcheoEpidemicChimera | t=86 | Rt=1.00 | Souches=7 | Reliques=0
2026-07-27 18:52:05 | DEBUG    | ArcheoEpidemicChimera | Agent#507 reçoit mantra MV-003: «Le miroir fractal et le réseau dansent phénix de c...»
2026-07-27 18:52:05 | DEBUG    | ArcheoEpidemicChimera | t=87 Transmission : Agent#506 → Agent#507 (souche MV-003)
2026-07-27 18:52:05 | DEBUG    | ArcheoEpidemicChimera | t=87 Agent#21 se désenchante
2026-07-27 18:52:05 | DEBUG    | ArcheoEpidemicChimera | t=87 Agent#213 se désenchante
2026-07-27 18:52:05 | DEBUG    | ArcheoEpidemicChimera | t=87 Agent#435 se désenchante
2026-07-27 18:52:05 | DEBUG    | ArcheoEpidemicChimera | t=87 Agent#498 se désenchante
2026-07-27 18:52:05 | DEBUG    | ArcheoEpidemicChimera | t=87 Agent#516 se désenchante
2026-07-27 18:52:05 | DEBUG    | ArcheoEpidemicChimera | t=87 Agent#664 se désenchante
2026-07-27 18:52:05 | DEBUG    | ArcheoEpidemicChimera | t=87 Agent#842 se désenchante
2026-07-27 18:52:05 | DEBUG    | ArcheoEpidemicChimera | t=87 Agent#989 se désenchante
2026-07-27 18:52:05 | DEBUG    | ArcheoEpidemicChimera | t=87 | Rt=1.00 | Souches=7 | Reliques=0
2026-07-27 18:52:05 | DEBUG    | ArcheoEpidemicChimera | t=88 Agent#320 se désenchante
2026-07-27 18:52:05 | DEBUG    | ArcheoEpidemicChimera | t=88 Agent#490 se désenchante
2026-07-27 18:52:05 | DEBUG    | ArcheoEpidemicChimera | t=88 Agent#517 se désenchante
2026-07-27 18:52:05 | DEBUG    | ArcheoEpidemicChimera | t=88 Agent#803 se désenchante
2026-07-27 18:52:05 | DEBUG    | ArcheoEpidemicChimera | t=88 | Rt=1.00 | Souches=7 | Reliques=0
2026-07-27 18:52:05 | DEBUG    | ArcheoEpidemicChimera | t=89 Agent#151 se désenchante
2026-07-27 18:52:05 | DEBUG    | ArcheoEpidemicChimera | t=89 Agent#364 se désenchante
2026-07-27 18:52:05 | DEBUG    | ArcheoEpidemicChimera | t=89 Agent#506 se désenchante
2026-07-27 18:52:05 | DEBUG    | ArcheoEpidemicChimera | t=89 Agent#567 se désenchante
2026-07-27 18:52:05 | DEBUG    | ArcheoEpidemicChimera | t=89 Agent#598 se désenchante
2026-07-27 18:52:05 | DEBUG    | ArcheoEpidemicChimera | t=89 Agent#693 se désenchante
2026-07-27 18:52:05 | DEBUG    | ArcheoEpidemicChimera | t=89 Agent#871 se désenchante
2026-07-27 18:52:05 | DEBUG    | ArcheoEpidemicChimera | t=89 Agent#969 se désenchante
2026-07-27 18:52:05 | DEBUG    | ArcheoEpidemicChimera | t=89 | Rt=1.00 | Souches=7 | Reliques=0
2026-07-27 18:52:05 | DEBUG    | ArcheoEpidemicChimera | t=90 Agent#22 sombre dans l'oubli
2026-07-27 18:52:05 | DEBUG    | ArcheoEpidemicChimera | t=90 Agent#107 se désenchante
2026-07-27 18:52:05 | DEBUG    | ArcheoEpidemicChimera | t=90 Agent#126 se désenchante
2026-07-27 18:52:05 | DEBUG    | ArcheoEpidemicChimera | t=90 Agent#303 se désenchante
2026-07-27 18:52:05 | DEBUG    | ArcheoEpidemicChimera | t=90 Agent#507 devient évangéliste
2026-07-27 18:52:05 | DEBUG    | ArcheoEpidemicChimera | t=90 Agent#626 se désenchante
2026-07-27 18:52:05 | DEBUG    | ArcheoEpidemicChimera | t=90 Agent#695 se désenchante
2026-07-27 18:52:05 | DEBUG    | ArcheoEpidemicChimera | t=90 Agent#777 se désenchante
2026-07-27 18:52:05 | DEBUG    | ArcheoEpidemicChimera | t=90 Agent#790 se désenchante
2026-07-27 18:52:05 | DEBUG    | ArcheoEpidemicChimera | t=90 Agent#822 se désenchante
2026-07-27 18:52:05 | DEBUG    | ArcheoEpidemicChimera | t=90 Agent#839 se désenchante
2026-07-27 18:52:05 | DEBUG    | ArcheoEpidemicChimera | t=90 Agent#897 se désenchante
2026-07-27 18:52:05 | DEBUG    | ArcheoEpidemicChimera | t=90 Agent#956 se désenchante
2026-07-27 18:52:05 | DEBUG    | ArcheoEpidemicChimera | t=90 Agent#984 se désenchante
2026-07-27 18:52:05 | DEBUG    | ArcheoEpidemicChimera | t=90 | Rt=1.00 | Souches=7 | Reliques=0
2026-07-27 18:52:06 | DEBUG    | ArcheoEpidemicChimera | t=91 Agent#148 se désenchante
2026-07-27 18:52:06 | DEBUG    | ArcheoEpidemicChimera | t=91 Agent#170 se désenchante
2026-07-27 18:52:06 | DEBUG    | ArcheoEpidemicChimera | t=91 Agent#172 se désenchante
2026-07-27 18:52:06 | DEBUG    | ArcheoEpidemicChimera | t=91 Agent#261 se désenchante
2026-07-27 18:52:06 | DEBUG    | ArcheoEpidemicChimera | t=91 Agent#337 se désenchante
2026-07-27 18:52:06 | DEBUG    | ArcheoEpidemicChimera | t=91 Agent#512 se désenchante
2026-07-27 18:52:06 | DEBUG    | ArcheoEpidemicChimera | t=91 Agent#588 se désenchante
2026-07-27 18:52:06 | DEBUG    | ArcheoEpidemicChimera | t=91 Agent#772 se désenchante
2026-07-27 18:52:06 | DEBUG    | ArcheoEpidemicChimera | t=91 Agent#926 se désenchante
2026-07-27 18:52:06 | DEBUG    | ArcheoEpidemicChimera | t=91 | Rt=1.00 | Souches=7 | Reliques=0
2026-07-27 18:52:06 | DEBUG    | ArcheoEpidemicChimera | t=92 Agent#58 se désenchante
2026-07-27 18:52:06 | DEBUG    | ArcheoEpidemicChimera | t=92 Agent#520 se désenchante
2026-07-27 18:52:06 | DEBUG    | ArcheoEpidemicChimera | t=92 Agent#650 se désenchante
2026-07-27 18:52:06 | DEBUG    | ArcheoEpidemicChimera | t=92 Agent#690 se désenchante
2026-07-27 18:52:06 | DEBUG    | ArcheoEpidemicChimera | t=92 | Rt=0.00 | Souches=7 | Reliques=0
2026-07-27 18:52:06 | DEBUG    | ArcheoEpidemicChimera | Agent#143 reçoit mantra RF-005: «🜃 PROPHÉTIE : Dans le liminal silence, seul le sil...»
2026-07-27 18:52:06 | DEBUG    | ArcheoEpidemicChimera | t=93 Transmission : Agent#140 → Agent#143 (souche RF-005)
2026-07-27 18:52:06 | DEBUG    | ArcheoEpidemicChimera | Agent#863 reçoit mantra RF-005: «🜃 PROPHÉTIE : Dans le liminal silence, seul le sil...»
2026-07-27 18:52:06 | DEBUG    | ArcheoEpidemicChimera | t=93 Transmission : Agent#861 → Agent#863 (souche RF-005)
2026-07-27 18:52:06 | DEBUG    | ArcheoEpidemicChimera | t=93 Agent#119 se désenchante
2026-07-27 18:52:06 | DEBUG    | ArcheoEpidemicChimera | t=93 Agent#136 se désenchante
2026-07-27 18:52:06 | DEBUG    | ArcheoEpidemicChimera | t=93 Agent#224 se désenchante
2026-07-27 18:52:06 | DEBUG    | ArcheoEpidemicChimera | t=93 Agent#323 se désenchante
2026-07-27 18:52:06 | DEBUG    | ArcheoEpidemicChimera | t=93 Agent#524 se désenchante
2026-07-27 18:52:06 | DEBUG    | ArcheoEpidemicChimera | t=93 Agent#890 se désenchante
2026-07-27 18:52:06 | DEBUG    | ArcheoEpidemicChimera | t=93 Agent#935 se désenchante
2026-07-27 18:52:06 | DEBUG    | ArcheoEpidemicChimera | t=93 | Rt=1.00 | Souches=7 | Reliques=0
2026-07-27 18:52:06 | DEBUG    | ArcheoEpidemicChimera | t=94 Agent#103 se désenchante
2026-07-27 18:52:06 | DEBUG    | ArcheoEpidemicChimera | t=94 Agent#143 devient évangéliste
2026-07-27 18:52:06 | DEBUG    | ArcheoEpidemicChimera | t=94 Agent#211 se désenchante
2026-07-27 18:52:06 | DEBUG    | ArcheoEpidemicChimera | t=94 Agent#325 se désenchante
2026-07-27 18:52:06 | DEBUG    | ArcheoEpidemicChimera | t=94 Agent#495 se désenchante
2026-07-27 18:52:06 | DEBUG    | ArcheoEpidemicChimera | t=94 Agent#863 devient évangéliste
2026-07-27 18:52:06 | DEBUG    | ArcheoEpidemicChimera | t=94 Agent#876 se désenchante
2026-07-27 18:52:06 | DEBUG    | ArcheoEpidemicChimera | t=94 | Rt=1.00 | Souches=7 | Reliques=0
2026-07-27 18:52:06 | DEBUG    | ArcheoEpidemicChimera | t=95 Agent#65 se désenchante
2026-07-27 18:52:06 | DEBUG    | ArcheoEpidemicChimera | t=95 Agent#638 se désenchante
2026-07-27 18:52:06 | DEBUG    | ArcheoEpidemicChimera | t=95 Agent#804 se désenchante
2026-07-27 18:52:06 | DEBUG    | ArcheoEpidemicChimera | t=95 Agent#870 se désenchante
2026-07-27 18:52:06 | DEBUG    | ArcheoEpidemicChimera | t=95 | Rt=1.00 | Souches=7 | Reliques=0
2026-07-27 18:52:06 | DEBUG    | ArcheoEpidemicChimera | Agent#97 reçoit mantra PR-004: «🜃 PROPHÉTIE : Dans le liminal silence, seul le sil...»
2026-07-27 18:52:06 | DEBUG    | ArcheoEpidemicChimera | t=96 Transmission : Agent#94 → Agent#97 (souche PR-004)
2026-07-27 18:52:06 | DEBUG    | ArcheoEpidemicChimera | t=96 Agent#94 se désenchante
2026-07-27 18:52:06 | DEBUG    | ArcheoEpidemicChimera | t=96 Agent#159 se désenchante
2026-07-27 18:52:06 | DEBUG    | ArcheoEpidemicChimera | t=96 Agent#231 se désenchante
2026-07-27 18:52:06 | DEBUG    | ArcheoEpidemicChimera | t=96 Agent#234 se désenchante
2026-07-27 18:52:06 | DEBUG    | ArcheoEpidemicChimera | t=96 Agent#968 se désenchante
2026-07-27 18:52:06 | DEBUG    | ArcheoEpidemicChimera | t=96 | Rt=1.00 | Souches=7 | Reliques=0
2026-07-27 18:52:06 | DEBUG    | ArcheoEpidemicChimera | t=97 Agent#51 se désenchante
2026-07-27 18:52:06 | DEBUG    | ArcheoEpidemicChimera | t=97 Agent#97 devient évangéliste
2026-07-27 18:52:06 | DEBUG    | ArcheoEpidemicChimera | t=97 Agent#232 se désenchante
2026-07-27 18:52:06 | DEBUG    | ArcheoEpidemicChimera | t=97 Agent#526 se désenchante
2026-07-27 18:52:06 | DEBUG    | ArcheoEpidemicChimera | t=97 Agent#576 se désenchante
2026-07-27 18:52:06 | DEBUG    | ArcheoEpidemicChimera | t=97 | Rt=1.00 | Souches=7 | Reliques=0
2026-07-27 18:52:06 | DEBUG    | ArcheoEpidemicChimera | t=98 Agent#523 se désenchante
2026-07-27 18:52:06 | DEBUG    | ArcheoEpidemicChimera | t=98 Agent#861 se désenchante
2026-07-27 18:52:06 | DEBUG    | ArcheoEpidemicChimera | t=98 Agent#889 se désenchante
2026-07-27 18:52:06 | DEBUG    | ArcheoEpidemicChimera | t=98 | Rt=1.00 | Souches=7 | Reliques=0
2026-07-27 18:52:06 | WARNING  | ArcheoEpidemicChimera | t=99 🚫 CENSURE à Sanctuaire_Reclus : 1 évangélistes réduits au silence
2026-07-27 18:52:06 | DEBUG    | ArcheoEpidemicChimera | t=99 Agent#105 se désenchante
2026-07-27 18:52:06 | DEBUG    | ArcheoEpidemicChimera | t=99 Agent#252 se désenchante
2026-07-27 18:52:06 | DEBUG    | ArcheoEpidemicChimera | t=99 Agent#434 se désenchante
2026-07-27 18:52:06 | DEBUG    | ArcheoEpidemicChimera | t=99 Agent#600 se désenchante
2026-07-27 18:52:06 | DEBUG    | ArcheoEpidemicChimera | t=99 Agent#619 se désenchante
2026-07-27 18:52:06 | DEBUG    | ArcheoEpidemicChimera | t=99 Agent#746 se désenchante
2026-07-27 18:52:06 | DEBUG    | ArcheoEpidemicChimera | t=99 | Rt=1.00 | Souches=7 | Reliques=0
2026-07-27 18:52:06 | DEBUG    | ArcheoEpidemicChimera | Agent#678 reçoit mantra MV-008: «🜃 PROPHÉTIE : Dans le hack silence, seul le silenc...»
2026-07-27 18:52:06 | INFO     | ArcheoEpidemicChimera | t=100 🧬 MUTATION : RF-005 → MV-008 «🜃 PROPHÉTIE : Dans le hack silence, seul...»
2026-07-27 18:52:06 | DEBUG    | ArcheoEpidemicChimera | t=100 Agent#138 se désenchante
2026-07-27 18:52:06 | DEBUG    | ArcheoEpidemicChimera | t=100 Agent#543 se désenchante
2026-07-27 18:52:06 | DEBUG    | ArcheoEpidemicChimera | t=100 | Rt=1.00 | Souches=8 | Reliques=0
2026-07-27 18:52:07 | DEBUG    | ArcheoEpidemicChimera | t=101 Agent#71 se désenchante
2026-07-27 18:52:07 | DEBUG    | ArcheoEpidemicChimera | t=101 Agent#143 se désenchante
2026-07-27 18:52:07 | DEBUG    | ArcheoEpidemicChimera | t=101 Agent#228 se désenchante
2026-07-27 18:52:07 | DEBUG    | ArcheoEpidemicChimera | t=101 Agent#309 se désenchante
2026-07-27 18:52:07 | DEBUG    | ArcheoEpidemicChimera | t=101 Agent#357 se désenchante
2026-07-27 18:52:07 | DEBUG    | ArcheoEpidemicChimera | t=101 Agent#579 se désenchante
2026-07-27 18:52:07 | DEBUG    | ArcheoEpidemicChimera | t=101 Agent#700 se désenchante
2026-07-27 18:52:07 | DEBUG    | ArcheoEpidemicChimera | t=101 Agent#906 se désenchante
2026-07-27 18:52:07 | DEBUG    | ArcheoEpidemicChimera | t=101 | Rt=0.00 | Souches=8 | Reliques=0
2026-07-27 18:52:07 | DEBUG    | ArcheoEpidemicChimera | t=102 Agent#41 se désenchante
2026-07-27 18:52:07 | DEBUG    | ArcheoEpidemicChimera | t=102 Agent#200 se désenchante
2026-07-27 18:52:07 | DEBUG    | ArcheoEpidemicChimera | t=102 Agent#414 se désenchante
2026-07-27 18:52:07 | DEBUG    | ArcheoEpidemicChimera | t=102 Agent#465 se désenchante
2026-07-27 18:52:07 | DEBUG    | ArcheoEpidemicChimera | t=102 Agent#546 se désenchante
2026-07-27 18:52:07 | DEBUG    | ArcheoEpidemicChimera | t=102 Agent#661 se désenchante
2026-07-27 18:52:07 | DEBUG    | ArcheoEpidemicChimera | t=102 Agent#740 se désenchante
2026-07-27 18:52:07 | DEBUG    | ArcheoEpidemicChimera | t=102 | Rt=0.00 | Souches=8 | Reliques=0
2026-07-27 18:52:07 | DEBUG    | ArcheoEpidemicChimera | t=103 Agent#406 se désenchante
2026-07-27 18:52:07 | DEBUG    | ArcheoEpidemicChimera | t=103 Agent#548 se désenchante
2026-07-27 18:52:07 | DEBUG    | ArcheoEpidemicChimera | t=103 Agent#823 se désenchante
2026-07-27 18:52:07 | DEBUG    | ArcheoEpidemicChimera | t=103 | Rt=0.00 | Souches=8 | Reliques=0
2026-07-27 18:52:07 | DEBUG    | ArcheoEpidemicChimera | t=104 Agent#439 se désenchante
2026-07-27 18:52:07 | DEBUG    | ArcheoEpidemicChimera | t=104 Agent#924 se désenchante
2026-07-27 18:52:07 | DEBUG    | ArcheoEpidemicChimera | t=104 Agent#937 se désenchante
2026-07-27 18:52:07 | DEBUG    | ArcheoEpidemicChimera | t=104 Agent#980 se désenchante
2026-07-27 18:52:07 | DEBUG    | ArcheoEpidemicChimera | t=104 | Rt=0.00 | Souches=8 | Reliques=0
2026-07-27 18:52:07 | DEBUG    | ArcheoEpidemicChimera | t=105 Agent#17 se désenchante
2026-07-27 18:52:07 | DEBUG    | ArcheoEpidemicChimera | t=105 Agent#102 se désenchante
2026-07-27 18:52:07 | DEBUG    | ArcheoEpidemicChimera | t=105 Agent#141 se désenchante
2026-07-27 18:52:07 | DEBUG    | ArcheoEpidemicChimera | t=105 Agent#615 se désenchante
2026-07-27 18:52:07 | DEBUG    | ArcheoEpidemicChimera | t=105 Agent#863 se désenchante
2026-07-27 18:52:07 | DEBUG    | ArcheoEpidemicChimera | t=105 Agent#907 se désenchante
2026-07-27 18:52:07 | DEBUG    | ArcheoEpidemicChimera | t=105 | Rt=0.00 | Souches=8 | Reliques=0
2026-07-27 18:52:07 | DEBUG    | ArcheoEpidemicChimera | t=106 Agent#24 se désenchante
2026-07-27 18:52:07 | DEBUG    | ArcheoEpidemicChimera | t=106 Agent#272 se désenchante
2026-07-27 18:52:07 | DEBUG    | ArcheoEpidemicChimera | t=106 Agent#518 se désenchante
2026-07-27 18:52:07 | DEBUG    | ArcheoEpidemicChimera | t=106 Agent#786 se désenchante
2026-07-27 18:52:07 | DEBUG    | ArcheoEpidemicChimera | t=106 Agent#896 se désenchante
2026-07-27 18:52:07 | DEBUG    | ArcheoEpidemicChimera | t=106 Agent#976 se désenchante
2026-07-27 18:52:07 | DEBUG    | ArcheoEpidemicChimera | t=106 | Rt=0.00 | Souches=8 | Reliques=0
2026-07-27 18:52:07 | WARNING  | ArcheoEpidemicChimera | t=107 📜 RELIQUE créée par Agent#406 à Forum_Diffus
2026-07-27 18:52:07 | DEBUG    | ArcheoEpidemicChimera | t=107 Agent#43 se désenchante
2026-07-27 18:52:07 | DEBUG    | ArcheoEpidemicChimera | t=107 Agent#188 se désenchante
2026-07-27 18:52:07 | DEBUG    | ArcheoEpidemicChimera | t=107 Agent#590 se désenchante
2026-07-27 18:52:07 | DEBUG    | ArcheoEpidemicChimera | t=107 Agent#604 se désenchante
2026-07-27 18:52:07 | DEBUG    | ArcheoEpidemicChimera | t=107 Agent#672 se désenchante
2026-07-27 18:52:07 | DEBUG    | ArcheoEpidemicChimera | t=107 Agent#736 se désenchante
2026-07-27 18:52:07 | DEBUG    | ArcheoEpidemicChimera | t=107 Agent#760 se désenchante
2026-07-27 18:52:07 | DEBUG    | ArcheoEpidemicChimera | t=107 Agent#884 se désenchante
2026-07-27 18:52:07 | DEBUG    | ArcheoEpidemicChimera | t=107 | Rt=0.00 | Souches=8 | Reliques=1
2026-07-27 18:52:07 | DEBUG    | ArcheoEpidemicChimera | t=108 Agent#62 se désenchante
2026-07-27 18:52:07 | DEBUG    | ArcheoEpidemicChimera | t=108 Agent#267 se désenchante
2026-07-27 18:52:07 | DEBUG    | ArcheoEpidemicChimera | t=108 | Rt=0.00 | Souches=8 | Reliques=1
2026-07-27 18:52:07 | DEBUG    | ArcheoEpidemicChimera | t=109 Agent#142 se désenchante
2026-07-27 18:52:07 | DEBUG    | ArcheoEpidemicChimera | t=109 Agent#146 se désenchante
2026-07-27 18:52:07 | DEBUG    | ArcheoEpidemicChimera | t=109 Agent#683 se désenchante
2026-07-27 18:52:07 | DEBUG    | ArcheoEpidemicChimera | t=109 Agent#833 se désenchante
2026-07-27 18:52:07 | DEBUG    | ArcheoEpidemicChimera | t=109 | Rt=0.00 | Souches=8 | Reliques=1
2026-07-27 18:52:07 | DEBUG    | ArcheoEpidemicChimera | t=110 Agent#89 se désenchante
2026-07-27 18:52:07 | DEBUG    | ArcheoEpidemicChimera | t=110 Agent#99 se désenchante
2026-07-27 18:52:07 | DEBUG    | ArcheoEpidemicChimera | t=110 Agent#342 se désenchante
2026-07-27 18:52:08 | DEBUG    | ArcheoEpidemicChimera | t=110 | Rt=0.00 | Souches=8 | Reliques=1
2026-07-27 18:52:08 | DEBUG    | ArcheoEpidemicChimera | t=111 Agent#20 se désenchante
2026-07-27 18:52:08 | DEBUG    | ArcheoEpidemicChimera | t=111 Agent#140 se désenchante
2026-07-27 18:52:08 | DEBUG    | ArcheoEpidemicChimera | t=111 Agent#258 se désenchante
2026-07-27 18:52:08 | DEBUG    | ArcheoEpidemicChimera | t=111 Agent#431 se désenchante
2026-07-27 18:52:08 | DEBUG    | ArcheoEpidemicChimera | t=111 Agent#731 se désenchante
2026-07-27 18:52:08 | DEBUG    | ArcheoEpidemicChimera | t=111 | Rt=0.00 | Souches=8 | Reliques=1
2026-07-27 18:52:08 | DEBUG    | ArcheoEpidemicChimera | t=112 Agent#97 se désenchante
2026-07-27 18:52:08 | DEBUG    | ArcheoEpidemicChimera | t=112 Agent#847 se désenchante
2026-07-27 18:52:08 | DEBUG    | ArcheoEpidemicChimera | t=112 | Rt=0.00 | Souches=8 | Reliques=1
2026-07-27 18:52:08 | DEBUG    | ArcheoEpidemicChimera | t=113 Agent#383 se désenchante
2026-07-27 18:52:08 | DEBUG    | ArcheoEpidemicChimera | t=113 Agent#652 se désenchante
2026-07-27 18:52:08 | DEBUG    | ArcheoEpidemicChimera | t=113 Agent#654 se désenchante
2026-07-27 18:52:08 | DEBUG    | ArcheoEpidemicChimera | t=113 Agent#720 se désenchante
2026-07-27 18:52:08 | DEBUG    | ArcheoEpidemicChimera | t=113 | Rt=0.00 | Souches=8 | Reliques=1
2026-07-27 18:52:08 | DEBUG    | ArcheoEpidemicChimera | t=114 Agent#985 se désenchante
2026-07-27 18:52:08 | DEBUG    | ArcheoEpidemicChimera | t=114 | Rt=0.00 | Souches=8 | Reliques=1
2026-07-27 18:52:08 | DEBUG    | ArcheoEpidemicChimera | t=115 Agent#178 se désenchante
2026-07-27 18:52:08 | DEBUG    | ArcheoEpidemicChimera | t=115 Agent#318 se désenchante
2026-07-27 18:52:08 | DEBUG    | ArcheoEpidemicChimera | t=115 Agent#628 se désenchante
2026-07-27 18:52:08 | DEBUG    | ArcheoEpidemicChimera | t=115 | Rt=0.00 | Souches=8 | Reliques=1
2026-07-27 18:52:08 | DEBUG    | ArcheoEpidemicChimera | t=116 Agent#607 se désenchante
2026-07-27 18:52:08 | DEBUG    | ArcheoEpidemicChimera | t=116 Agent#811 se désenchante
2026-07-27 18:52:08 | DEBUG    | ArcheoEpidemicChimera | t=116 | Rt=0.00 | Souches=8 | Reliques=1
2026-07-27 18:52:08 | DEBUG    | ArcheoEpidemicChimera | t=117 Agent#678 se désenchante
2026-07-27 18:52:08 | DEBUG    | ArcheoEpidemicChimera | t=117 Agent#696 se désenchante
2026-07-27 18:52:08 | DEBUG    | ArcheoEpidemicChimera | t=117 | Rt=0.00 | Souches=8 | Reliques=1
2026-07-27 18:52:08 | DEBUG    | ArcheoEpidemicChimera | t=118 Agent#179 se désenchante
2026-07-27 18:52:08 | DEBUG    | ArcheoEpidemicChimera | t=118 Agent#196 se désenchante
2026-07-27 18:52:08 | DEBUG    | ArcheoEpidemicChimera | t=118 Agent#202 se désenchante
2026-07-27 18:52:08 | DEBUG    | ArcheoEpidemicChimera | t=118 Agent#288 se désenchante
2026-07-27 18:52:08 | DEBUG    | ArcheoEpidemicChimera | t=118 Agent#998 se désenchante
2026-07-27 18:52:08 | DEBUG    | ArcheoEpidemicChimera | t=118 | Rt=0.00 | Souches=8 | Reliques=1
2026-07-27 18:52:08 | DEBUG    | ArcheoEpidemicChimera | t=119 Agent#100 se désenchante
2026-07-27 18:52:08 | DEBUG    | ArcheoEpidemicChimera | t=119 Agent#595 se désenchante
2026-07-27 18:52:08 | DEBUG    | ArcheoEpidemicChimera | t=119 Agent#673 se désenchante
2026-07-27 18:52:08 | DEBUG    | ArcheoEpidemicChimera | t=119 | Rt=0.00 | Souches=8 | Reliques=1
2026-07-27 18:52:09 | DEBUG    | ArcheoEpidemicChimera | t=120 Agent#157 se désenchante
2026-07-27 18:52:09 | DEBUG    | ArcheoEpidemicChimera | t=120 Agent#176 se désenchante
2026-07-27 18:52:09 | DEBUG    | ArcheoEpidemicChimera | t=120 Agent#363 se désenchante
2026-07-27 18:52:09 | DEBUG    | ArcheoEpidemicChimera | t=120 | Rt=0.00 | Souches=8 | Reliques=1
2026-07-27 18:52:09 | DEBUG    | ArcheoEpidemicChimera | t=121 Agent#26 se désenchante
2026-07-27 18:52:09 | DEBUG    | ArcheoEpidemicChimera | t=121 Agent#156 se désenchante
2026-07-27 18:52:09 | DEBUG    | ArcheoEpidemicChimera | t=121 Agent#641 se désenchante
2026-07-27 18:52:09 | DEBUG    | ArcheoEpidemicChimera | t=121 | Rt=0.00 | Souches=8 | Reliques=1
2026-07-27 18:52:09 | DEBUG    | ArcheoEpidemicChimera | Agent#955 reçoit mantra MV-009: «🜃 PROPHÉTIE : Dans le liminal silence, seul efface...»
2026-07-27 18:52:09 | INFO     | ArcheoEpidemicChimera | t=122 🧬 MUTATION : PR-004 → MV-009 «🜃 PROPHÉTIE : Dans le liminal silence, s...»
2026-07-27 18:52:09 | DEBUG    | ArcheoEpidemicChimera | t=122 Agent#583 se désenchante
2026-07-27 18:52:09 | DEBUG    | ArcheoEpidemicChimera | t=122 Agent#929 se désenchante
2026-07-27 18:52:09 | DEBUG    | ArcheoEpidemicChimera | t=122 | Rt=0.00 | Souches=9 | Reliques=1
2026-07-27 18:52:09 | DEBUG    | ArcheoEpidemicChimera | t=123 Agent#276 se désenchante
2026-07-27 18:52:09 | DEBUG    | ArcheoEpidemicChimera | t=123 Agent#655 se désenchante
2026-07-27 18:52:09 | DEBUG    | ArcheoEpidemicChimera | t=123 Agent#671 se désenchante
2026-07-27 18:52:09 | DEBUG    | ArcheoEpidemicChimera | t=123 | Rt=0.00 | Souches=9 | Reliques=1
2026-07-27 18:52:09 | DEBUG    | ArcheoEpidemicChimera | t=124 Agent#239 se désenchante
2026-07-27 18:52:09 | DEBUG    | ArcheoEpidemicChimera | t=124 Agent#443 se désenchante
2026-07-27 18:52:09 | DEBUG    | ArcheoEpidemicChimera | t=124 | Rt=0.00 | Souches=9 | Reliques=1
2026-07-27 18:52:09 | DEBUG    | ArcheoEpidemicChimera | t=125 Agent#282 se désenchante
2026-07-27 18:52:09 | DEBUG    | ArcheoEpidemicChimera | t=125 Agent#905 se désenchante
2026-07-27 18:52:09 | DEBUG    | ArcheoEpidemicChimera | t=125 | Rt=0.00 | Souches=9 | Reliques=1
2026-07-27 18:52:09 | DEBUG    | ArcheoEpidemicChimera | t=126 Agent#181 se désenchante
2026-07-27 18:52:09 | DEBUG    | ArcheoEpidemicChimera | t=126 Agent#199 se désenchante
2026-07-27 18:52:09 | DEBUG    | ArcheoEpidemicChimera | t=126 Agent#574 se désenchante
2026-07-27 18:52:09 | DEBUG    | ArcheoEpidemicChimera | t=126 | Rt=0.00 | Souches=9 | Reliques=1
2026-07-27 18:52:09 | DEBUG    | ArcheoEpidemicChimera | t=127 Agent#314 se désenchante
2026-07-27 18:52:09 | DEBUG    | ArcheoEpidemicChimera | t=127 Agent#487 se désenchante
2026-07-27 18:52:09 | DEBUG    | ArcheoEpidemicChimera | t=127 | Rt=0.00 | Souches=9 | Reliques=1
2026-07-27 18:52:09 | DEBUG    | ArcheoEpidemicChimera | t=128 Agent#862 se désenchante
2026-07-27 18:52:09 | DEBUG    | ArcheoEpidemicChimera | t=128 | Rt=0.00 | Souches=9 | Reliques=1
2026-07-27 18:52:09 | DEBUG    | ArcheoEpidemicChimera | t=129 Agent#656 se désenchante
2026-07-27 18:52:09 | DEBUG    | ArcheoEpidemicChimera | t=129 Agent#991 se désenchante
2026-07-27 18:52:09 | DEBUG    | ArcheoEpidemicChimera | t=129 | Rt=0.00 | Souches=9 | Reliques=1
2026-07-27 18:52:10 | DEBUG    | ArcheoEpidemicChimera | t=130 Agent#270 se désenchante
2026-07-27 18:52:10 | DEBUG    | ArcheoEpidemicChimera | t=130 Agent#427 se désenchante
2026-07-27 18:52:10 | DEBUG    | ArcheoEpidemicChimera | t=130 | Rt=0.00 | Souches=9 | Reliques=1
2026-07-27 18:52:10 | DEBUG    | ArcheoEpidemicChimera | t=131 Agent#724 se désenchante
2026-07-27 18:52:10 | DEBUG    | ArcheoEpidemicChimera | t=131 Agent#775 se désenchante
2026-07-27 18:52:10 | DEBUG    | ArcheoEpidemicChimera | t=131 | Rt=0.00 | Souches=9 | Reliques=1
2026-07-27 18:52:10 | WARNING  | ArcheoEpidemicChimera | t=132 🚫 CENSURE à Forum_Diffus : 0 évangélistes réduits au silence
2026-07-27 18:52:10 | DEBUG    | ArcheoEpidemicChimera | t=132 Agent#264 se désenchante
2026-07-27 18:52:10 | DEBUG    | ArcheoEpidemicChimera | t=132 Agent#710 se désenchante
2026-07-27 18:52:10 | DEBUG    | ArcheoEpidemicChimera | t=132 Agent#950 se désenchante
2026-07-27 18:52:10 | DEBUG    | ArcheoEpidemicChimera | t=132 | Rt=0.00 | Souches=9 | Reliques=1
2026-07-27 18:52:10 | WARNING  | ArcheoEpidemicChimera | t=133 🜃 PROPHÉTIE : 0 nouveaux convertis
2026-07-27 18:52:10 | DEBUG    | ArcheoEpidemicChimera | t=133 | Rt=0.00 | Souches=10 | Reliques=1
2026-07-27 18:52:10 | DEBUG    | ArcheoEpidemicChimera | t=134 | Rt=0.00 | Souches=10 | Reliques=1
2026-07-27 18:52:10 | DEBUG    | ArcheoEpidemicChimera | Agent#248 reçoit mantra MV-011: «🜃 PROPHÉTIE : songe le liminal silence, seul le si...»
2026-07-27 18:52:10 | INFO     | ArcheoEpidemicChimera | t=135 🧬 MUTATION : RF-005 → MV-011 «🜃 PROPHÉTIE : songe le liminal silence, ...»
2026-07-27 18:52:10 | DEBUG    | ArcheoEpidemicChimera | t=135 | Rt=0.00 | Souches=11 | Reliques=1
2026-07-27 18:52:10 | DEBUG    | ArcheoEpidemicChimera | t=136 | Rt=0.00 | Souches=11 | Reliques=1
2026-07-27 18:52:10 | DEBUG    | ArcheoEpidemicChimera | t=137 | Rt=0.00 | Souches=11 | Reliques=1
2026-07-27 18:52:10 | DEBUG    | ArcheoEpidemicChimera | t=138 | Rt=0.00 | Souches=11 | Reliques=1
2026-07-27 18:52:10 | WARNING  | ArcheoEpidemicChimera | t=139 🚫 CENSURE à Sanctuaire_Reclus : 0 évangélistes réduits au silence
2026-07-27 18:52:10 | DEBUG    | ArcheoEpidemicChimera | t=139 Agent#453 se désenchante
2026-07-27 18:52:10 | DEBUG    | ArcheoEpidemicChimera | t=139 | Rt=0.00 | Souches=11 | Reliques=1
2026-07-27 18:52:11 | DEBUG    | ArcheoEpidemicChimera | t=140 Agent#248 se désenchante
2026-07-27 18:52:11 | DEBUG    | ArcheoEpidemicChimera | t=140 Agent#955 se désenchante
2026-07-27 18:52:11 | DEBUG    | ArcheoEpidemicChimera | t=140 | Rt=0.00 | Souches=11 | Reliques=1
2026-07-27 18:52:11 | DEBUG    | ArcheoEpidemicChimera | t=141 | Rt=0.00 | Souches=11 | Reliques=1
2026-07-27 18:52:11 | DEBUG    | ArcheoEpidemicChimera | t=142 Agent#603 se désenchante
2026-07-27 18:52:11 | DEBUG    | ArcheoEpidemicChimera | t=142 | Rt=0.00 | Souches=11 | Reliques=1
2026-07-27 18:52:11 | DEBUG    | ArcheoEpidemicChimera | t=143 | Rt=0.00 | Souches=11 | Reliques=1
2026-07-27 18:52:11 | DEBUG    | ArcheoEpidemicChimera | t=144 Agent#135 se désenchante
2026-07-27 18:52:11 | DEBUG    | ArcheoEpidemicChimera | t=144 Agent#381 se désenchante
2026-07-27 18:52:11 | DEBUG    | ArcheoEpidemicChimera | t=144 | Rt=0.00 | Souches=11 | Reliques=1
2026-07-27 18:52:11 | DEBUG    | ArcheoEpidemicChimera | t=145 Agent#110 se désenchante
2026-07-27 18:52:11 | DEBUG    | ArcheoEpidemicChimera | t=145 | Rt=0.00 | Souches=11 | Reliques=1
2026-07-27 18:52:11 | DEBUG    | ArcheoEpidemicChimera | t=146 Agent#633 se désenchante
2026-07-27 18:52:11 | DEBUG    | ArcheoEpidemicChimera | t=146 Agent#757 se désenchante
2026-07-27 18:52:11 | DEBUG    | ArcheoEpidemicChimera | t=146 | Rt=0.00 | Souches=11 | Reliques=1
2026-07-27 18:52:11 | DEBUG    | ArcheoEpidemicChimera | t=147 Agent#504 se désenchante
2026-07-27 18:52:11 | DEBUG    | ArcheoEpidemicChimera | t=147 | Rt=0.00 | Souches=11 | Reliques=1
2026-07-27 18:52:11 | DEBUG    | ArcheoEpidemicChimera | t=148 Agent#401 se désenchante
2026-07-27 18:52:11 | DEBUG    | ArcheoEpidemicChimera | t=148 Agent#908 se désenchante
2026-07-27 18:52:11 | DEBUG    | ArcheoEpidemicChimera | t=148 | Rt=0.00 | Souches=11 | Reliques=1
2026-07-27 18:52:12 | DEBUG    | ArcheoEpidemicChimera | t=149 | Rt=0.00 | Souches=11 | Reliques=1
2026-07-27 18:52:12 | DEBUG    | ArcheoEpidemicChimera | t=150 | Rt=0.00 | Souches=11 | Reliques=1
2026-07-27 18:52:12 | DEBUG    | ArcheoEpidemicChimera | t=151 Agent#310 se désenchante
2026-07-27 18:52:12 | DEBUG    | ArcheoEpidemicChimera | t=151 | Rt=0.00 | Souches=11 | Reliques=1
2026-07-27 18:52:12 | DEBUG    | ArcheoEpidemicChimera | t=152 | Rt=0.00 | Souches=11 | Reliques=1
2026-07-27 18:52:12 | DEBUG    | ArcheoEpidemicChimera | t=153 Agent#454 se désenchante
2026-07-27 18:52:12 | DEBUG    | ArcheoEpidemicChimera | t=153 | Rt=0.00 | Souches=11 | Reliques=1
2026-07-27 18:52:12 | DEBUG    | ArcheoEpidemicChimera | Agent#109 reçoit mantra MV-012: «🜃 PROPHÉTIE : Dans le liminal recodifie seul le si...»
2026-07-27 18:52:12 | INFO     | ArcheoEpidemicChimera | t=154 🧬 MUTATION : PR-004 → MV-012 «🜃 PROPHÉTIE : Dans le liminal recodifie ...»
2026-07-27 18:52:12 | DEBUG    | ArcheoEpidemicChimera | t=154 Agent#334 se désenchante
2026-07-27 18:52:12 | DEBUG    | ArcheoEpidemicChimera | t=154 | Rt=0.00 | Souches=12 | Reliques=1
2026-07-27 18:52:12 | DEBUG    | ArcheoEpidemicChimera | t=155 | Rt=0.00 | Souches=12 | Reliques=1
2026-07-27 18:52:12 | DEBUG    | ArcheoEpidemicChimera | t=156 | Rt=0.00 | Souches=12 | Reliques=1
2026-07-27 18:52:12 | DEBUG    | ArcheoEpidemicChimera | t=157 Agent#658 se désenchante
2026-07-27 18:52:12 | DEBUG    | ArcheoEpidemicChimera | t=157 | Rt=0.00 | Souches=12 | Reliques=1
2026-07-27 18:52:12 | DEBUG    | ArcheoEpidemicChimera | t=158 | Rt=0.00 | Souches=12 | Reliques=1
2026-07-27 18:52:13 | DEBUG    | ArcheoEpidemicChimera | t=159 | Rt=0.00 | Souches=12 | Reliques=1
2026-07-27 18:52:13 | DEBUG    | ArcheoEpidemicChimera | Agent#895 reçoit mantra MV-013: «🜃 PROPHÉTIE : mantra le liminal silence, seul le s...»
2026-07-27 18:52:13 | INFO     | ArcheoEpidemicChimera | t=160 🧬 MUTATION : RF-005 → MV-013 «🜃 PROPHÉTIE : mantra le liminal silence,...»
2026-07-27 18:52:13 | DEBUG    | ArcheoEpidemicChimera | t=160 | Rt=0.00 | Souches=13 | Reliques=1
2026-07-27 18:52:13 | DEBUG    | ArcheoEpidemicChimera | t=161 | Rt=0.00 | Souches=13 | Reliques=1
2026-07-27 18:52:13 | DEBUG    | ArcheoEpidemicChimera | t=162 | Rt=0.00 | Souches=13 | Reliques=1
2026-07-27 18:52:13 | DEBUG    | ArcheoEpidemicChimera | t=163 Agent#137 se désenchante
2026-07-27 18:52:13 | DEBUG    | ArcheoEpidemicChimera | t=163 Agent#665 se désenchante
2026-07-27 18:52:13 | DEBUG    | ArcheoEpidemicChimera | t=163 | Rt=0.00 | Souches=13 | Reliques=1
2026-07-27 18:52:13 | DEBUG    | ArcheoEpidemicChimera | t=164 Agent#792 se désenchante
2026-07-27 18:52:13 | DEBUG    | ArcheoEpidemicChimera | t=164 | Rt=0.00 | Souches=13 | Reliques=1
2026-07-27 18:52:13 | DEBUG    | ArcheoEpidemicChimera | Agent#680 reçoit mantra MV-014: «🜃 PROPHÉTIE : réseau le liminal silence, seul le s...»
2026-07-27 18:52:13 | INFO     | ArcheoEpidemicChimera | t=165 🧬 MUTATION : PR-004 → MV-014 «🜃 PROPHÉTIE : réseau le liminal silence,...»
2026-07-27 18:52:13 | DEBUG    | ArcheoEpidemicChimera | t=165 | Rt=0.00 | Souches=14 | Reliques=1
2026-07-27 18:52:13 | DEBUG    | ArcheoEpidemicChimera | t=166 | Rt=0.00 | Souches=14 | Reliques=1
2026-07-27 18:52:13 | DEBUG    | ArcheoEpidemicChimera | Agent#399 reçoit mantra MV-015: «🜃 PROPHÉTIE glyphe Dans le liminal silence, seul l...»
2026-07-27 18:52:13 | INFO     | ArcheoEpidemicChimera | t=167 🧬 MUTATION : RF-005 → MV-015 «🜃 PROPHÉTIE glyphe Dans le liminal silen...»
2026-07-27 18:52:13 | DEBUG    | ArcheoEpidemicChimera | t=167 | Rt=0.00 | Souches=15 | Reliques=1
2026-07-27 18:52:13 | DEBUG    | ArcheoEpidemicChimera | t=168 Agent#356 se désenchante
2026-07-27 18:52:13 | DEBUG    | ArcheoEpidemicChimera | t=168 Agent#749 se désenchante
2026-07-27 18:52:13 | DEBUG    | ArcheoEpidemicChimera | t=168 | Rt=0.00 | Souches=15 | Reliques=1
2026-07-27 18:52:14 | DEBUG    | ArcheoEpidemicChimera | t=169 | Rt=0.00 | Souches=15 | Reliques=1
2026-07-27 18:52:14 | DEBUG    | ArcheoEpidemicChimera | t=170 | Rt=0.00 | Souches=15 | Reliques=1
2026-07-27 18:52:14 | DEBUG    | ArcheoEpidemicChimera | t=171 Agent#680 se désenchante
2026-07-27 18:52:14 | DEBUG    | ArcheoEpidemicChimera | t=171 | Rt=0.00 | Souches=15 | Reliques=1
2026-07-27 18:52:14 | DEBUG    | ArcheoEpidemicChimera | t=172 | Rt=0.00 | Souches=15 | Reliques=1
2026-07-27 18:52:14 | DEBUG    | ArcheoEpidemicChimera | t=173 Agent#467 se désenchante
2026-07-27 18:52:14 | DEBUG    | ArcheoEpidemicChimera | t=173 | Rt=0.00 | Souches=15 | Reliques=1
2026-07-27 18:52:14 | DEBUG    | ArcheoEpidemicChimera | t=174 Agent#399 se désenchante
2026-07-27 18:52:14 | DEBUG    | ArcheoEpidemicChimera | t=174 | Rt=0.00 | Souches=15 | Reliques=1
2026-07-27 18:52:14 | DEBUG    | ArcheoEpidemicChimera | t=175 Agent#208 se désenchante
2026-07-27 18:52:14 | DEBUG    | ArcheoEpidemicChimera | t=175 | Rt=0.00 | Souches=15 | Reliques=1
2026-07-27 18:52:14 | DEBUG    | ArcheoEpidemicChimera | t=176 | Rt=0.00 | Souches=15 | Reliques=1
2026-07-27 18:52:14 | DEBUG    | ArcheoEpidemicChimera | t=177 | Rt=0.00 | Souches=15 | Reliques=1
2026-07-27 18:52:15 | DEBUG    | ArcheoEpidemicChimera | t=178 | Rt=0.00 | Souches=15 | Reliques=1
2026-07-27 18:52:15 | DEBUG    | ArcheoEpidemicChimera | Agent#109 reçoit mantra MV-016: «🜃 PROPHÉTIE anneau de données Dans le liminal reco...»
2026-07-27 18:52:15 | INFO     | ArcheoEpidemicChimera | t=179 🧬 MUTATION : MV-012 → MV-016 «🜃 PROPHÉTIE anneau de données Dans le li...»
2026-07-27 18:52:15 | DEBUG    | ArcheoEpidemicChimera | t=179 | Rt=0.00 | Souches=16 | Reliques=1
2026-07-27 18:52:15 | DEBUG    | ArcheoEpidemicChimera | t=180 | Rt=0.00 | Souches=16 | Reliques=1
2026-07-27 18:52:15 | DEBUG    | ArcheoEpidemicChimera | t=181 | Rt=0.00 | Souches=16 | Reliques=1
2026-07-27 18:52:15 | DEBUG    | ArcheoEpidemicChimera | t=182 | Rt=0.00 | Souches=16 | Reliques=1
2026-07-27 18:52:15 | DEBUG    | ArcheoEpidemicChimera | t=183 | Rt=0.00 | Souches=16 | Reliques=1
2026-07-27 18:52:15 | DEBUG    | ArcheoEpidemicChimera | t=184 Agent#109 se désenchante
2026-07-27 18:52:15 | DEBUG    | ArcheoEpidemicChimera | t=184 | Rt=0.00 | Souches=16 | Reliques=1
2026-07-27 18:52:15 | DEBUG    | ArcheoEpidemicChimera | Agent#895 reçoit mantra SC-017: «🜃 PROPHÉTIE : mantra le liminal silence, seul révè...»
2026-07-27 18:52:15 | WARNING  | ArcheoEpidemicChimera | t=185 🔱 SCHISME dans Carrefour_Nomade : MV-013 → SC-017 (1 convertis)
2026-07-27 18:52:15 | DEBUG    | ArcheoEpidemicChimera | t=185 | Rt=0.00 | Souches=17 | Reliques=1
2026-07-27 18:52:15 | DEBUG    | ArcheoEpidemicChimera | t=186 | Rt=0.00 | Souches=17 | Reliques=1
2026-07-27 18:52:15 | DEBUG    | ArcheoEpidemicChimera | t=187 | Rt=0.00 | Souches=17 | Reliques=1
2026-07-27 18:52:16 | DEBUG    | ArcheoEpidemicChimera | t=188 Agent#895 se désenchante
2026-07-27 18:52:16 | DEBUG    | ArcheoEpidemicChimera | t=188 | Rt=0.00 | Souches=17 | Reliques=1
2026-07-27 18:52:16 | DEBUG    | ArcheoEpidemicChimera | t=189 | Rt=0.00 | Souches=17 | Reliques=1
2026-07-27 18:52:16 | DEBUG    | ArcheoEpidemicChimera | t=190 | Rt=0.00 | Souches=17 | Reliques=1
2026-07-27 18:52:16 | DEBUG    | ArcheoEpidemicChimera | t=191 | Rt=0.00 | Souches=17 | Reliques=1
2026-07-27 18:52:16 | DEBUG    | ArcheoEpidemicChimera | t=192 | Rt=0.00 | Souches=17 | Reliques=1
2026-07-27 18:52:16 | DEBUG    | ArcheoEpidemicChimera | t=193 | Rt=0.00 | Souches=17 | Reliques=1
2026-07-27 18:52:16 | DEBUG    | ArcheoEpidemicChimera | t=194 | Rt=0.00 | Souches=17 | Reliques=1
2026-07-27 18:52:16 | DEBUG    | ArcheoEpidemicChimera | t=195 | Rt=0.00 | Souches=17 | Reliques=1
2026-07-27 18:52:16 | DEBUG    | ArcheoEpidemicChimera | t=196 | Rt=0.00 | Souches=17 | Reliques=1
2026-07-27 18:52:17 | INFO     | ArcheoEpidemicChimera | t=197 🔮 ORACLE : tendance prédite = stagnation
2026-07-27 18:52:17 | DEBUG    | ArcheoEpidemicChimera | t=197 | Rt=0.00 | Souches=17 | Reliques=1
2026-07-27 18:52:17 | DEBUG    | ArcheoEpidemicChimera | t=198 | Rt=0.00 | Souches=17 | Reliques=1
2026-07-27 18:52:17 | DEBUG    | ArcheoEpidemicChimera | t=199 | Rt=0.00 | Souches=17 | Reliques=1
2026-07-27 18:52:17 | DEBUG    | ArcheoEpidemicChimera | t=200 | Rt=0.00 | Souches=17 | Reliques=1
2026-07-27 18:52:17 | DEBUG    | ArcheoEpidemicChimera | t=201 | Rt=0.00 | Souches=17 | Reliques=1
2026-07-27 18:52:17 | DEBUG    | ArcheoEpidemicChimera | t=202 | Rt=0.00 | Souches=17 | Reliques=1
2026-07-27 18:52:17 | DEBUG    | ArcheoEpidemicChimera | t=203 | Rt=0.00 | Souches=17 | Reliques=1
2026-07-27 18:52:17 | DEBUG    | ArcheoEpidemicChimera | t=204 | Rt=0.00 | Souches=17 | Reliques=1
2026-07-27 18:52:17 | DEBUG    | ArcheoEpidemicChimera | t=205 | Rt=0.00 | Souches=17 | Reliques=1
2026-07-27 18:52:18 | DEBUG    | ArcheoEpidemicChimera | t=206 | Rt=0.00 | Souches=17 | Reliques=1
2026-07-27 18:52:18 | DEBUG    | ArcheoEpidemicChimera | t=207 | Rt=0.00 | Souches=17 | Reliques=1
2026-07-27 18:52:18 | DEBUG    | ArcheoEpidemicChimera | t=208 | Rt=0.00 | Souches=17 | Reliques=1
2026-07-27 18:52:18 | DEBUG    | ArcheoEpidemicChimera | t=209 | Rt=0.00 | Souches=17 | Reliques=1
2026-07-27 18:52:18 | WARNING  | ArcheoEpidemicChimera | t=210 🚫 CENSURE à Forum_Diffus : 0 évangélistes réduits au silence
2026-07-27 18:52:18 | DEBUG    | ArcheoEpidemicChimera | t=210 | Rt=0.00 | Souches=17 | Reliques=1
2026-07-27 18:52:18 | DEBUG    | ArcheoEpidemicChimera | t=211 | Rt=0.00 | Souches=17 | Reliques=1
2026-07-27 18:52:18 | DEBUG    | ArcheoEpidemicChimera | t=212 | Rt=0.00 | Souches=17 | Reliques=1
2026-07-27 18:52:18 | DEBUG    | ArcheoEpidemicChimera | t=213 | Rt=0.00 | Souches=17 | Reliques=1
2026-07-27 18:52:18 | DEBUG    | ArcheoEpidemicChimera | t=214 | Rt=0.00 | Souches=17 | Reliques=1
2026-07-27 18:52:18 | DEBUG    | ArcheoEpidemicChimera | t=215 | Rt=0.00 | Souches=17 | Reliques=1
2026-07-27 18:52:19 | DEBUG    | ArcheoEpidemicChimera | t=216 | Rt=0.00 | Souches=17 | Reliques=1
2026-07-27 18:52:19 | DEBUG    | ArcheoEpidemicChimera | t=217 | Rt=0.00 | Souches=17 | Reliques=1
2026-07-27 18:52:19 | DEBUG    | ArcheoEpidemicChimera | t=218 | Rt=0.00 | Souches=17 | Reliques=1
2026-07-27 18:52:19 | DEBUG    | ArcheoEpidemicChimera | t=219 | Rt=0.00 | Souches=17 | Reliques=1
2026-07-27 18:52:19 | DEBUG    | ArcheoEpidemicChimera | t=220 | Rt=0.00 | Souches=17 | Reliques=1
2026-07-27 18:52:19 | DEBUG    | ArcheoEpidemicChimera | t=221 | Rt=0.00 | Souches=17 | Reliques=1
2026-07-27 18:52:19 | DEBUG    | ArcheoEpidemicChimera | t=222 | Rt=0.00 | Souches=17 | Reliques=1
2026-07-27 18:52:19 | DEBUG    | ArcheoEpidemicChimera | t=223 | Rt=0.00 | Souches=17 | Reliques=1
2026-07-27 18:52:19 | DEBUG    | ArcheoEpidemicChimera | t=224 | Rt=0.00 | Souches=17 | Reliques=1
2026-07-27 18:52:20 | DEBUG    | ArcheoEpidemicChimera | t=225 | Rt=0.00 | Souches=17 | Reliques=1
2026-07-27 18:52:20 | DEBUG    | ArcheoEpidemicChimera | t=226 | Rt=0.00 | Souches=17 | Reliques=1
2026-07-27 18:52:20 | DEBUG    | ArcheoEpidemicChimera | t=227 | Rt=0.00 | Souches=17 | Reliques=1
2026-07-27 18:52:20 | DEBUG    | ArcheoEpidemicChimera | t=228 | Rt=0.00 | Souches=17 | Reliques=1
2026-07-27 18:52:20 | DEBUG    | ArcheoEpidemicChimera | t=229 | Rt=0.00 | Souches=17 | Reliques=1
2026-07-27 18:52:20 | DEBUG    | ArcheoEpidemicChimera | t=230 | Rt=0.00 | Souches=17 | Reliques=1
2026-07-27 18:52:20 | DEBUG    | ArcheoEpidemicChimera | t=231 | Rt=0.00 | Souches=17 | Reliques=1
2026-07-27 18:52:20 | DEBUG    | ArcheoEpidemicChimera | t=232 | Rt=0.00 | Souches=17 | Reliques=1
2026-07-27 18:52:20 | DEBUG    | ArcheoEpidemicChimera | t=233 | Rt=0.00 | Souches=17 | Reliques=1
2026-07-27 18:52:20 | DEBUG    | ArcheoEpidemicChimera | t=234 | Rt=0.00 | Souches=17 | Reliques=1
2026-07-27 18:52:21 | DEBUG    | ArcheoEpidemicChimera | t=235 | Rt=0.00 | Souches=17 | Reliques=1
2026-07-27 18:52:21 | DEBUG    | ArcheoEpidemicChimera | t=236 | Rt=0.00 | Souches=17 | Reliques=1
2026-07-27 18:52:21 | DEBUG    | ArcheoEpidemicChimera | t=237 | Rt=0.00 | Souches=17 | Reliques=1
2026-07-27 18:52:21 | DEBUG    | ArcheoEpidemicChimera | t=238 | Rt=0.00 | Souches=17 | Reliques=1
2026-07-27 18:52:21 | DEBUG    | ArcheoEpidemicChimera | t=239 | Rt=0.00 | Souches=17 | Reliques=1
2026-07-27 18:52:21 | INFO     | ArcheoEpidemicChimera | t=240 🔮 ORACLE : tendance prédite = stagnation
2026-07-27 18:52:21 | DEBUG    | ArcheoEpidemicChimera | t=240 | Rt=0.00 | Souches=17 | Reliques=1
2026-07-27 18:52:21 | DEBUG    | ArcheoEpidemicChimera | t=241 | Rt=0.00 | Souches=17 | Reliques=1
2026-07-27 18:52:21 | DEBUG    | ArcheoEpidemicChimera | t=242 | Rt=0.00 | Souches=17 | Reliques=1
2026-07-27 18:52:21 | DEBUG    | ArcheoEpidemicChimera | t=243 | Rt=0.00 | Souches=17 | Reliques=1
2026-07-27 18:52:22 | DEBUG    | ArcheoEpidemicChimera | t=244 | Rt=0.00 | Souches=17 | Reliques=1
2026-07-27 18:52:22 | DEBUG    | ArcheoEpidemicChimera | t=245 | Rt=0.00 | Souches=17 | Reliques=1
2026-07-27 18:52:22 | DEBUG    | ArcheoEpidemicChimera | t=246 | Rt=0.00 | Souches=17 | Reliques=1
2026-07-27 18:52:22 | DEBUG    | ArcheoEpidemicChimera | t=247 | Rt=0.00 | Souches=17 | Reliques=1
2026-07-27 18:52:22 | DEBUG    | ArcheoEpidemicChimera | t=248 | Rt=0.00 | Souches=17 | Reliques=1
2026-07-27 18:52:22 | DEBUG    | ArcheoEpidemicChimera | t=249 | Rt=0.00 | Souches=17 | Reliques=1
2026-07-27 18:52:22 | DEBUG    | ArcheoEpidemicChimera | t=250 | Rt=0.00 | Souches=17 | Reliques=1
2026-07-27 18:52:22 | DEBUG    | ArcheoEpidemicChimera | t=251 | Rt=0.00 | Souches=17 | Reliques=1
2026-07-27 18:52:22 | DEBUG    | ArcheoEpidemicChimera | t=252 | Rt=0.00 | Souches=17 | Reliques=1
2026-07-27 18:52:22 | DEBUG    | ArcheoEpidemicChimera | t=253 | Rt=0.00 | Souches=17 | Reliques=1
2026-07-27 18:52:23 | DEBUG    | ArcheoEpidemicChimera | t=254 | Rt=0.00 | Souches=17 | Reliques=1
2026-07-27 18:52:23 | DEBUG    | ArcheoEpidemicChimera | t=255 | Rt=0.00 | Souches=17 | Reliques=1
2026-07-27 18:52:23 | DEBUG    | ArcheoEpidemicChimera | t=256 | Rt=0.00 | Souches=17 | Reliques=1
2026-07-27 18:52:23 | DEBUG    | ArcheoEpidemicChimera | t=257 | Rt=0.00 | Souches=17 | Reliques=1
2026-07-27 18:52:23 | DEBUG    | ArcheoEpidemicChimera | t=258 | Rt=0.00 | Souches=17 | Reliques=1
2026-07-27 18:52:23 | DEBUG    | ArcheoEpidemicChimera | t=259 | Rt=0.00 | Souches=17 | Reliques=1
2026-07-27 18:52:23 | DEBUG    | ArcheoEpidemicChimera | t=260 | Rt=0.00 | Souches=17 | Reliques=1
2026-07-27 18:52:23 | DEBUG    | ArcheoEpidemicChimera | t=261 | Rt=0.00 | Souches=17 | Reliques=1
2026-07-27 18:52:23 | DEBUG    | ArcheoEpidemicChimera | t=262 | Rt=0.00 | Souches=17 | Reliques=1
2026-07-27 18:52:24 | DEBUG    | ArcheoEpidemicChimera | t=263 | Rt=0.00 | Souches=17 | Reliques=1
2026-07-27 18:52:24 | DEBUG    | ArcheoEpidemicChimera | t=264 | Rt=0.00 | Souches=17 | Reliques=1
2026-07-27 18:52:24 | DEBUG    | ArcheoEpidemicChimera | t=265 | Rt=0.00 | Souches=17 | Reliques=1
2026-07-27 18:52:24 | DEBUG    | ArcheoEpidemicChimera | t=266 | Rt=0.00 | Souches=17 | Reliques=1
2026-07-27 18:52:24 | DEBUG    | ArcheoEpidemicChimera | t=267 | Rt=0.00 | Souches=17 | Reliques=1
2026-07-27 18:52:24 | DEBUG    | ArcheoEpidemicChimera | t=268 | Rt=0.00 | Souches=17 | Reliques=1
2026-07-27 18:52:24 | DEBUG    | ArcheoEpidemicChimera | t=269 | Rt=0.00 | Souches=17 | Reliques=1
2026-07-27 18:52:24 | DEBUG    | ArcheoEpidemicChimera | t=270 | Rt=0.00 | Souches=17 | Reliques=1
2026-07-27 18:52:24 | DEBUG    | ArcheoEpidemicChimera | t=271 | Rt=0.00 | Souches=17 | Reliques=1
2026-07-27 18:52:24 | DEBUG    | ArcheoEpidemicChimera | t=272 | Rt=0.00 | Souches=17 | Reliques=1
2026-07-27 18:52:25 | DEBUG    | ArcheoEpidemicChimera | t=273 | Rt=0.00 | Souches=17 | Reliques=1
2026-07-27 18:52:25 | DEBUG    | ArcheoEpidemicChimera | t=274 | Rt=0.00 | Souches=17 | Reliques=1
2026-07-27 18:52:25 | DEBUG    | ArcheoEpidemicChimera | t=275 | Rt=0.00 | Souches=17 | Reliques=1
2026-07-27 18:52:25 | DEBUG    | ArcheoEpidemicChimera | t=276 | Rt=0.00 | Souches=17 | Reliques=1
2026-07-27 18:52:25 | DEBUG    | ArcheoEpidemicChimera | t=277 | Rt=0.00 | Souches=17 | Reliques=1
2026-07-27 18:52:25 | DEBUG    | ArcheoEpidemicChimera | t=278 | Rt=0.00 | Souches=17 | Reliques=1
2026-07-27 18:52:25 | DEBUG    | ArcheoEpidemicChimera | t=279 | Rt=0.00 | Souches=17 | Reliques=1
2026-07-27 18:52:25 | DEBUG    | ArcheoEpidemicChimera | t=280 | Rt=0.00 | Souches=17 | Reliques=1
2026-07-27 18:52:25 | DEBUG    | ArcheoEpidemicChimera | t=281 | Rt=0.00 | Souches=17 | Reliques=1
2026-07-27 18:52:26 | DEBUG    | ArcheoEpidemicChimera | t=282 | Rt=0.00 | Souches=17 | Reliques=1
2026-07-27 18:52:26 | DEBUG    | ArcheoEpidemicChimera | t=283 | Rt=0.00 | Souches=17 | Reliques=1
2026-07-27 18:52:26 | DEBUG    | ArcheoEpidemicChimera | t=284 | Rt=0.00 | Souches=17 | Reliques=1
2026-07-27 18:52:26 | DEBUG    | ArcheoEpidemicChimera | t=285 | Rt=0.00 | Souches=17 | Reliques=1
2026-07-27 18:52:26 | DEBUG    | ArcheoEpidemicChimera | t=286 | Rt=0.00 | Souches=17 | Reliques=1
2026-07-27 18:52:26 | DEBUG    | ArcheoEpidemicChimera | t=287 | Rt=0.00 | Souches=17 | Reliques=1
2026-07-27 18:52:26 | DEBUG    | ArcheoEpidemicChimera | t=288 | Rt=0.00 | Souches=17 | Reliques=1
2026-07-27 18:52:26 | DEBUG    | ArcheoEpidemicChimera | t=289 | Rt=0.00 | Souches=17 | Reliques=1
2026-07-27 18:52:26 | DEBUG    | ArcheoEpidemicChimera | t=290 | Rt=0.00 | Souches=17 | Reliques=1
2026-07-27 18:52:26 | DEBUG    | ArcheoEpidemicChimera | t=291 | Rt=0.00 | Souches=17 | Reliques=1
2026-07-27 18:52:27 | DEBUG    | ArcheoEpidemicChimera | t=292 | Rt=0.00 | Souches=17 | Reliques=1
2026-07-27 18:52:27 | DEBUG    | ArcheoEpidemicChimera | t=293 | Rt=0.00 | Souches=17 | Reliques=1
2026-07-27 18:52:27 | DEBUG    | ArcheoEpidemicChimera | t=294 | Rt=0.00 | Souches=17 | Reliques=1
2026-07-27 18:52:27 | DEBUG    | ArcheoEpidemicChimera | t=295 | Rt=0.00 | Souches=17 | Reliques=1
2026-07-27 18:52:27 | DEBUG    | ArcheoEpidemicChimera | t=296 | Rt=0.00 | Souches=17 | Reliques=1
2026-07-27 18:52:27 | DEBUG    | ArcheoEpidemicChimera | t=297 | Rt=0.00 | Souches=17 | Reliques=1
2026-07-27 18:52:27 | DEBUG    | ArcheoEpidemicChimera | t=298 | Rt=0.00 | Souches=17 | Reliques=1
2026-07-27 18:52:27 | DEBUG    | ArcheoEpidemicChimera | t=299 | Rt=0.00 | Souches=17 | Reliques=1
2026-07-27 18:52:27 | DEBUG    | ArcheoEpidemicChimera | t=300 | Rt=0.00 | Souches=17 | Reliques=1
2026-07-27 18:52:28 | WARNING  | ArcheoEpidemicChimera | t=301 🚫 CENSURE à Sanctuaire_Reclus : 0 évangélistes réduits au silence
2026-07-27 18:52:28 | DEBUG    | ArcheoEpidemicChimera | t=301 | Rt=0.00 | Souches=17 | Reliques=1
2026-07-27 18:52:28 | DEBUG    | ArcheoEpidemicChimera | t=302 | Rt=0.00 | Souches=17 | Reliques=1
2026-07-27 18:52:28 | DEBUG    | ArcheoEpidemicChimera | t=303 | Rt=0.00 | Souches=17 | Reliques=1
2026-07-27 18:52:28 | DEBUG    | ArcheoEpidemicChimera | t=304 | Rt=0.00 | Souches=17 | Reliques=1
2026-07-27 18:52:28 | DEBUG    | ArcheoEpidemicChimera | t=305 | Rt=0.00 | Souches=17 | Reliques=1
2026-07-27 18:52:28 | DEBUG    | ArcheoEpidemicChimera | t=306 | Rt=0.00 | Souches=17 | Reliques=1
2026-07-27 18:52:28 | DEBUG    | ArcheoEpidemicChimera | t=307 | Rt=0.00 | Souches=17 | Reliques=1
2026-07-27 18:52:28 | DEBUG    | ArcheoEpidemicChimera | t=308 | Rt=0.00 | Souches=17 | Reliques=1
2026-07-27 18:52:28 | WARNING  | ArcheoEpidemicChimera | t=309 📜 RELIQUE créée par Agent#985 à Carrefour_Nomade
2026-07-27 18:52:28 | DEBUG    | ArcheoEpidemicChimera | t=309 | Rt=0.00 | Souches=17 | Reliques=2
2026-07-27 18:52:28 | DEBUG    | ArcheoEpidemicChimera | Agent#33 reçoit mantra PR-018: «🜃 PROPHÉTIE : Que le lune brisée guide tes pas dan...»
2026-07-27 18:52:28 | DEBUG    | ArcheoEpidemicChimera | Agent#855 reçoit mantra PR-018: «🜃 PROPHÉTIE : Que le lune brisée guide tes pas dan...»
2026-07-27 18:52:28 | WARNING  | ArcheoEpidemicChimera | t=310 🜃 PROPHÉTIE : 2 nouveaux convertis
2026-07-27 18:52:28 | DEBUG    | ArcheoEpidemicChimera | t=310 | Rt=0.00 | Souches=18 | Reliques=2
2026-07-27 18:52:29 | DEBUG    | ArcheoEpidemicChimera | t=311 Agent#33 devient évangéliste
2026-07-27 18:52:29 | DEBUG    | ArcheoEpidemicChimera | t=311 Agent#855 devient porteur silencieux
2026-07-27 18:52:29 | DEBUG    | ArcheoEpidemicChimera | t=311 | Rt=0.00 | Souches=18 | Reliques=2
2026-07-27 18:52:29 | DEBUG    | ArcheoEpidemicChimera | t=312 | Rt=0.00 | Souches=18 | Reliques=2
2026-07-27 18:52:29 | DEBUG    | ArcheoEpidemicChimera | t=313 | Rt=0.00 | Souches=18 | Reliques=2
2026-07-27 18:52:29 | DEBUG    | ArcheoEpidemicChimera | t=314 | Rt=0.00 | Souches=18 | Reliques=2
2026-07-27 18:52:29 | DEBUG    | ArcheoEpidemicChimera | t=315 | Rt=0.00 | Souches=18 | Reliques=2
2026-07-27 18:52:29 | DEBUG    | ArcheoEpidemicChimera | t=316 Agent#33 se désenchante
2026-07-27 18:52:29 | DEBUG    | ArcheoEpidemicChimera | t=316 | Rt=0.00 | Souches=18 | Reliques=2
2026-07-27 18:52:29 | DEBUG    | ArcheoEpidemicChimera | t=317 | Rt=0.00 | Souches=18 | Reliques=2
2026-07-27 18:52:29 | DEBUG    | ArcheoEpidemicChimera | t=318 | Rt=0.00 | Souches=18 | Reliques=2
2026-07-27 18:52:29 | DEBUG    | ArcheoEpidemicChimera | t=319 | Rt=0.00 | Souches=18 | Reliques=2
2026-07-27 18:52:30 | DEBUG    | ArcheoEpidemicChimera | t=320 | Rt=0.00 | Souches=18 | Reliques=2
2026-07-27 18:52:30 | DEBUG    | ArcheoEpidemicChimera | t=321 | Rt=0.00 | Souches=18 | Reliques=2
2026-07-27 18:52:30 | DEBUG    | ArcheoEpidemicChimera | t=322 | Rt=0.00 | Souches=18 | Reliques=2
2026-07-27 18:52:30 | DEBUG    | ArcheoEpidemicChimera | t=323 | Rt=0.00 | Souches=18 | Reliques=2
2026-07-27 18:52:30 | DEBUG    | ArcheoEpidemicChimera | t=324 | Rt=0.00 | Souches=18 | Reliques=2
2026-07-27 18:52:30 | DEBUG    | ArcheoEpidemicChimera | t=325 | Rt=0.00 | Souches=18 | Reliques=2
2026-07-27 18:52:30 | DEBUG    | ArcheoEpidemicChimera | t=326 | Rt=0.00 | Souches=18 | Reliques=2
2026-07-27 18:52:30 | DEBUG    | ArcheoEpidemicChimera | t=327 | Rt=0.00 | Souches=18 | Reliques=2
2026-07-27 18:52:30 | DEBUG    | ArcheoEpidemicChimera | t=328 | Rt=0.00 | Souches=18 | Reliques=2
2026-07-27 18:52:30 | DEBUG    | ArcheoEpidemicChimera | Agent#855 reçoit mantra MV-019: «🜃 PROPHÉTIE : Que le lune brisée guide tes pas eff...»
2026-07-27 18:52:30 | INFO     | ArcheoEpidemicChimera | t=329 🧬 MUTATION : PR-018 → MV-019 «🜃 PROPHÉTIE : Que le lune brisée guide t...»
2026-07-27 18:52:31 | DEBUG    | ArcheoEpidemicChimera | t=329 | Rt=0.00 | Souches=19 | Reliques=2
2026-07-27 18:52:31 | DEBUG    | ArcheoEpidemicChimera | t=330 | Rt=0.00 | Souches=19 | Reliques=2
2026-07-27 18:52:31 | DEBUG    | ArcheoEpidemicChimera | t=331 | Rt=0.00 | Souches=19 | Reliques=2
2026-07-27 18:52:31 | DEBUG    | ArcheoEpidemicChimera | t=332 | Rt=0.00 | Souches=19 | Reliques=2
2026-07-27 18:52:31 | DEBUG    | ArcheoEpidemicChimera | t=333 | Rt=0.00 | Souches=19 | Reliques=2
2026-07-27 18:52:31 | DEBUG    | ArcheoEpidemicChimera | t=334 | Rt=0.00 | Souches=19 | Reliques=2
2026-07-27 18:52:31 | DEBUG    | ArcheoEpidemicChimera | t=335 | Rt=0.00 | Souches=19 | Reliques=2
2026-07-27 18:52:31 | DEBUG    | ArcheoEpidemicChimera | t=336 | Rt=0.00 | Souches=19 | Reliques=2
2026-07-27 18:52:31 | DEBUG    | ArcheoEpidemicChimera | t=337 | Rt=0.00 | Souches=19 | Reliques=2
2026-07-27 18:52:31 | DEBUG    | ArcheoEpidemicChimera | t=338 | Rt=0.00 | Souches=19 | Reliques=2
2026-07-27 18:52:32 | DEBUG    | ArcheoEpidemicChimera | t=339 | Rt=0.00 | Souches=19 | Reliques=2
2026-07-27 18:52:32 | DEBUG    | ArcheoEpidemicChimera | t=340 | Rt=0.00 | Souches=19 | Reliques=2
2026-07-27 18:52:32 | DEBUG    | ArcheoEpidemicChimera | t=341 | Rt=0.00 | Souches=19 | Reliques=2
2026-07-27 18:52:32 | DEBUG    | ArcheoEpidemicChimera | t=342 | Rt=0.00 | Souches=19 | Reliques=2
2026-07-27 18:52:32 | DEBUG    | ArcheoEpidemicChimera | t=343 | Rt=0.00 | Souches=19 | Reliques=2
2026-07-27 18:52:32 | DEBUG    | ArcheoEpidemicChimera | t=344 | Rt=0.00 | Souches=19 | Reliques=2
2026-07-27 18:52:32 | DEBUG    | ArcheoEpidemicChimera | t=345 | Rt=0.00 | Souches=19 | Reliques=2
2026-07-27 18:52:32 | DEBUG    | ArcheoEpidemicChimera | t=346 | Rt=0.00 | Souches=19 | Reliques=2
2026-07-27 18:52:32 | DEBUG    | ArcheoEpidemicChimera | t=347 | Rt=0.00 | Souches=19 | Reliques=2
2026-07-27 18:52:33 | DEBUG    | ArcheoEpidemicChimera | t=348 | Rt=0.00 | Souches=19 | Reliques=2
2026-07-27 18:52:33 | DEBUG    | ArcheoEpidemicChimera | t=349 | Rt=0.00 | Souches=19 | Reliques=2
2026-07-27 18:52:33 | DEBUG    | ArcheoEpidemicChimera | t=350 | Rt=0.00 | Souches=19 | Reliques=2
2026-07-27 18:52:33 | DEBUG    | ArcheoEpidemicChimera | t=351 | Rt=0.00 | Souches=19 | Reliques=2
2026-07-27 18:52:33 | DEBUG    | ArcheoEpidemicChimera | t=352 | Rt=0.00 | Souches=19 | Reliques=2
2026-07-27 18:52:33 | DEBUG    | ArcheoEpidemicChimera | t=353 | Rt=0.00 | Souches=19 | Reliques=2
2026-07-27 18:52:33 | DEBUG    | ArcheoEpidemicChimera | t=354 | Rt=0.00 | Souches=19 | Reliques=2
2026-07-27 18:52:33 | DEBUG    | ArcheoEpidemicChimera | t=355 | Rt=0.00 | Souches=19 | Reliques=2
2026-07-27 18:52:33 | DEBUG    | ArcheoEpidemicChimera | t=356 | Rt=0.00 | Souches=19 | Reliques=2
2026-07-27 18:52:33 | DEBUG    | ArcheoEpidemicChimera | t=357 | Rt=0.00 | Souches=19 | Reliques=2
2026-07-27 18:52:34 | DEBUG    | ArcheoEpidemicChimera | t=358 | Rt=0.00 | Souches=19 | Reliques=2
2026-07-27 18:52:34 | DEBUG    | ArcheoEpidemicChimera | t=359 | Rt=0.00 | Souches=19 | Reliques=2
2026-07-27 18:52:34 | DEBUG    | ArcheoEpidemicChimera | t=360 | Rt=0.00 | Souches=19 | Reliques=2
2026-07-27 18:52:34 | INFO     | ArcheoEpidemicChimera | t=361 🔮 ORACLE : tendance prédite = stagnation
2026-07-27 18:52:34 | DEBUG    | ArcheoEpidemicChimera | t=361 | Rt=0.00 | Souches=19 | Reliques=2
2026-07-27 18:52:34 | DEBUG    | ArcheoEpidemicChimera | t=362 | Rt=0.00 | Souches=19 | Reliques=2
2026-07-27 18:52:34 | INFO     | ArcheoEpidemicChimera | t=363 🔮 ORACLE : tendance prédite = stagnation
2026-07-27 18:52:34 | DEBUG    | ArcheoEpidemicChimera | t=363 | Rt=0.00 | Souches=19 | Reliques=2
2026-07-27 18:52:34 | DEBUG    | ArcheoEpidemicChimera | Agent#855 reçoit mantra MV-020: «🜃 PROPHÉTIE : Que le songe brisée guide tes pas ef...»
2026-07-27 18:52:34 | INFO     | ArcheoEpidemicChimera | t=364 🧬 MUTATION : MV-019 → MV-020 «🜃 PROPHÉTIE : Que le songe brisée guide ...»
2026-07-27 18:52:34 | DEBUG    | ArcheoEpidemicChimera | t=364 | Rt=0.00 | Souches=20 | Reliques=2
2026-07-27 18:52:34 | DEBUG    | ArcheoEpidemicChimera | t=365 | Rt=0.00 | Souches=20 | Reliques=2
2026-07-27 18:52:34 | DEBUG    | ArcheoEpidemicChimera | t=366 | Rt=0.00 | Souches=20 | Reliques=2
2026-07-27 18:52:35 | DEBUG    | ArcheoEpidemicChimera | t=367 | Rt=0.00 | Souches=20 | Reliques=2
2026-07-27 18:52:35 | DEBUG    | ArcheoEpidemicChimera | t=368 | Rt=0.00 | Souches=20 | Reliques=2
2026-07-27 18:52:35 | DEBUG    | ArcheoEpidemicChimera | t=369 | Rt=0.00 | Souches=20 | Reliques=2
2026-07-27 18:52:35 | DEBUG    | ArcheoEpidemicChimera | t=370 | Rt=0.00 | Souches=20 | Reliques=2
2026-07-27 18:52:35 | INFO     | ArcheoEpidemicChimera | t=371 🔮 ORACLE : tendance prédite = stagnation
2026-07-27 18:52:35 | DEBUG    | ArcheoEpidemicChimera | t=371 | Rt=0.00 | Souches=20 | Reliques=2
2026-07-27 18:52:35 | DEBUG    | ArcheoEpidemicChimera | t=372 | Rt=0.00 | Souches=20 | Reliques=2
2026-07-27 18:52:35 | DEBUG    | ArcheoEpidemicChimera | t=373 | Rt=0.00 | Souches=20 | Reliques=2
2026-07-27 18:52:35 | DEBUG    | ArcheoEpidemicChimera | t=374 Agent#855 se désenchante
2026-07-27 18:52:35 | DEBUG    | ArcheoEpidemicChimera | t=374 | Rt=0.00 | Souches=20 | Reliques=2
2026-07-27 18:52:35 | DEBUG    | ArcheoEpidemicChimera | t=375 | Rt=0.00 | Souches=20 | Reliques=2
2026-07-27 18:52:36 | DEBUG    | ArcheoEpidemicChimera | t=376 | Rt=0.00 | Souches=20 | Reliques=2
2026-07-27 18:52:36 | DEBUG    | ArcheoEpidemicChimera | t=377 | Rt=0.00 | Souches=20 | Reliques=2
2026-07-27 18:52:36 | DEBUG    | ArcheoEpidemicChimera | t=378 | Rt=0.00 | Souches=20 | Reliques=2
2026-07-27 18:52:36 | DEBUG    | ArcheoEpidemicChimera | t=379 | Rt=0.00 | Souches=20 | Reliques=2
2026-07-27 18:52:36 | DEBUG    | ArcheoEpidemicChimera | t=380 | Rt=0.00 | Souches=20 | Reliques=2
2026-07-27 18:52:36 | DEBUG    | ArcheoEpidemicChimera | t=381 | Rt=0.00 | Souches=20 | Reliques=2
2026-07-27 18:52:36 | DEBUG    | ArcheoEpidemicChimera | t=382 | Rt=0.00 | Souches=20 | Reliques=2
2026-07-27 18:52:36 | DEBUG    | ArcheoEpidemicChimera | t=383 | Rt=0.00 | Souches=20 | Reliques=2
2026-07-27 18:52:36 | DEBUG    | ArcheoEpidemicChimera | t=384 | Rt=0.00 | Souches=20 | Reliques=2
2026-07-27 18:52:36 | DEBUG    | ArcheoEpidemicChimera | t=385 | Rt=0.00 | Souches=20 | Reliques=2
2026-07-27 18:52:37 | DEBUG    | ArcheoEpidemicChimera | t=386 | Rt=0.00 | Souches=20 | Reliques=2
2026-07-27 18:52:37 | DEBUG    | ArcheoEpidemicChimera | t=387 | Rt=0.00 | Souches=20 | Reliques=2
2026-07-27 18:52:37 | DEBUG    | ArcheoEpidemicChimera | t=388 | Rt=0.00 | Souches=20 | Reliques=2
2026-07-27 18:52:37 | DEBUG    | ArcheoEpidemicChimera | t=389 | Rt=0.00 | Souches=20 | Reliques=2
2026-07-27 18:52:37 | WARNING  | ArcheoEpidemicChimera | t=390 🜃 PROPHÉTIE : 0 nouveaux convertis
2026-07-27 18:52:37 | DEBUG    | ArcheoEpidemicChimera | t=390 | Rt=0.00 | Souches=21 | Reliques=2
2026-07-27 18:52:37 | DEBUG    | ArcheoEpidemicChimera | t=391 | Rt=0.00 | Souches=21 | Reliques=2
2026-07-27 18:52:37 | DEBUG    | ArcheoEpidemicChimera | t=392 | Rt=0.00 | Souches=21 | Reliques=2
2026-07-27 18:52:37 | WARNING  | ArcheoEpidemicChimera | t=393 📜 RELIQUE créée par Agent#323 à Carrefour_Nomade
2026-07-27 18:52:37 | DEBUG    | ArcheoEpidemicChimera | t=393 | Rt=0.00 | Souches=21 | Reliques=3
2026-07-27 18:52:37 | DEBUG    | ArcheoEpidemicChimera | t=394 | Rt=0.00 | Souches=21 | Reliques=3
2026-07-27 18:52:38 | DEBUG    | ArcheoEpidemicChimera | t=395 | Rt=0.00 | Souches=21 | Reliques=3
2026-07-27 18:52:38 | DEBUG    | ArcheoEpidemicChimera | t=396 | Rt=0.00 | Souches=21 | Reliques=3
2026-07-27 18:52:38 | DEBUG    | ArcheoEpidemicChimera | t=397 | Rt=0.00 | Souches=21 | Reliques=3
2026-07-27 18:52:38 | DEBUG    | ArcheoEpidemicChimera | t=398 | Rt=0.00 | Souches=21 | Reliques=3
2026-07-27 18:52:38 | DEBUG    | ArcheoEpidemicChimera | t=399 | Rt=0.00 | Souches=21 | Reliques=3
2026-07-27 18:52:38 | DEBUG    | ArcheoEpidemicChimera | t=400 | Rt=0.00 | Souches=21 | Reliques=3
2026-07-27 18:52:38 | DEBUG    | ArcheoEpidemicChimera | t=401 | Rt=0.00 | Souches=21 | Reliques=3
2026-07-27 18:52:38 | DEBUG    | ArcheoEpidemicChimera | t=402 | Rt=0.00 | Souches=21 | Reliques=3
2026-07-27 18:52:38 | DEBUG    | ArcheoEpidemicChimera | Agent#134 reçoit mantra PR-022: «🜃 PROPHÉTIE : silence ancestral seuil spectral cor...»
2026-07-27 18:52:38 | WARNING  | ArcheoEpidemicChimera | t=403 🜃 PROPHÉTIE : 1 nouveaux convertis
2026-07-27 18:52:38 | DEBUG    | ArcheoEpidemicChimera | t=403 | Rt=0.00 | Souches=22 | Reliques=3
2026-07-27 18:52:38 | DEBUG    | ArcheoEpidemicChimera | t=404 Agent#134 devient porteur silencieux
2026-07-27 18:52:39 | DEBUG    | ArcheoEpidemicChimera | t=404 | Rt=0.00 | Souches=22 | Reliques=3
2026-07-27 18:52:39 | DEBUG    | ArcheoEpidemicChimera | t=405 | Rt=0.00 | Souches=22 | Reliques=3
2026-07-27 18:52:39 | DEBUG    | ArcheoEpidemicChimera | t=406 | Rt=0.00 | Souches=22 | Reliques=3
2026-07-27 18:52:39 | DEBUG    | ArcheoEpidemicChimera | t=407 | Rt=0.00 | Souches=22 | Reliques=3
2026-07-27 18:52:39 | DEBUG    | ArcheoEpidemicChimera | t=408 | Rt=0.00 | Souches=22 | Reliques=3
2026-07-27 18:52:39 | DEBUG    | ArcheoEpidemicChimera | t=409 | Rt=0.00 | Souches=22 | Reliques=3
2026-07-27 18:52:39 | DEBUG    | ArcheoEpidemicChimera | t=410 Agent#134 se désenchante
2026-07-27 18:52:39 | DEBUG    | ArcheoEpidemicChimera | t=410 | Rt=0.00 | Souches=22 | Reliques=3
2026-07-27 18:52:39 | DEBUG    | ArcheoEpidemicChimera | t=411 | Rt=0.00 | Souches=22 | Reliques=3
2026-07-27 18:52:39 | DEBUG    | ArcheoEpidemicChimera | t=412 | Rt=0.00 | Souches=22 | Reliques=3
2026-07-27 18:52:39 | DEBUG    | ArcheoEpidemicChimera | t=413 | Rt=0.00 | Souches=22 | Reliques=3
2026-07-27 18:52:40 | DEBUG    | ArcheoEpidemicChimera | t=414 | Rt=0.00 | Souches=22 | Reliques=3
2026-07-27 18:52:40 | DEBUG    | ArcheoEpidemicChimera | t=415 | Rt=0.00 | Souches=22 | Reliques=3
2026-07-27 18:52:40 | INFO     | ArcheoEpidemicChimera | t=416 🔮 ORACLE : tendance prédite = stagnation
2026-07-27 18:52:40 | DEBUG    | ArcheoEpidemicChimera | t=416 | Rt=0.00 | Souches=22 | Reliques=3
2026-07-27 18:52:40 | DEBUG    | ArcheoEpidemicChimera | t=417 | Rt=0.00 | Souches=22 | Reliques=3
2026-07-27 18:52:40 | DEBUG    | ArcheoEpidemicChimera | t=418 | Rt=0.00 | Souches=22 | Reliques=3
2026-07-27 18:52:40 | DEBUG    | ArcheoEpidemicChimera | t=419 | Rt=0.00 | Souches=22 | Reliques=3
2026-07-27 18:52:40 | DEBUG    | ArcheoEpidemicChimera | t=420 | Rt=0.00 | Souches=22 | Reliques=3
2026-07-27 18:52:40 | DEBUG    | ArcheoEpidemicChimera | t=421 | Rt=0.00 | Souches=22 | Reliques=3
2026-07-27 18:52:40 | DEBUG    | ArcheoEpidemicChimera | t=422 | Rt=0.00 | Souches=22 | Reliques=3
2026-07-27 18:52:41 | DEBUG    | ArcheoEpidemicChimera | t=423 | Rt=0.00 | Souches=22 | Reliques=3
2026-07-27 18:52:41 | DEBUG    | ArcheoEpidemicChimera | t=424 | Rt=0.00 | Souches=22 | Reliques=3
2026-07-27 18:52:41 | DEBUG    | ArcheoEpidemicChimera | t=425 | Rt=0.00 | Souches=22 | Reliques=3
2026-07-27 18:52:41 | DEBUG    | ArcheoEpidemicChimera | t=426 | Rt=0.00 | Souches=22 | Reliques=3
2026-07-27 18:52:41 | DEBUG    | ArcheoEpidemicChimera | t=427 | Rt=0.00 | Souches=22 | Reliques=3
2026-07-27 18:52:41 | DEBUG    | ArcheoEpidemicChimera | t=428 | Rt=0.00 | Souches=22 | Reliques=3
2026-07-27 18:52:41 | DEBUG    | ArcheoEpidemicChimera | t=429 | Rt=0.00 | Souches=22 | Reliques=3
2026-07-27 18:52:41 | DEBUG    | ArcheoEpidemicChimera | t=430 | Rt=0.00 | Souches=22 | Reliques=3
2026-07-27 18:52:41 | DEBUG    | ArcheoEpidemicChimera | t=431 | Rt=0.00 | Souches=22 | Reliques=3
2026-07-27 18:52:42 | DEBUG    | ArcheoEpidemicChimera | t=432 | Rt=0.00 | Souches=22 | Reliques=3
2026-07-27 18:52:42 | DEBUG    | ArcheoEpidemicChimera | t=433 | Rt=0.00 | Souches=22 | Reliques=3
2026-07-27 18:52:42 | DEBUG    | ArcheoEpidemicChimera | t=434 | Rt=0.00 | Souches=22 | Reliques=3
2026-07-27 18:52:42 | DEBUG    | ArcheoEpidemicChimera | t=435 | Rt=0.00 | Souches=22 | Reliques=3
2026-07-27 18:52:42 | DEBUG    | ArcheoEpidemicChimera | t=436 | Rt=0.00 | Souches=22 | Reliques=3
2026-07-27 18:52:42 | DEBUG    | ArcheoEpidemicChimera | t=437 | Rt=0.00 | Souches=22 | Reliques=3
2026-07-27 18:52:42 | DEBUG    | ArcheoEpidemicChimera | t=438 | Rt=0.00 | Souches=22 | Reliques=3
2026-07-27 18:52:42 | DEBUG    | ArcheoEpidemicChimera | t=439 | Rt=0.00 | Souches=22 | Reliques=3
2026-07-27 18:52:42 | DEBUG    | ArcheoEpidemicChimera | t=440 | Rt=0.00 | Souches=22 | Reliques=3
2026-07-27 18:52:42 | DEBUG    | ArcheoEpidemicChimera | t=441 | Rt=0.00 | Souches=22 | Reliques=3
2026-07-27 18:52:43 | DEBUG    | ArcheoEpidemicChimera | t=442 | Rt=0.00 | Souches=22 | Reliques=3
2026-07-27 18:52:43 | WARNING  | ArcheoEpidemicChimera | t=443 📜 RELIQUE créée par Agent#166 à Agora_Centrale
2026-07-27 18:52:43 | DEBUG    | ArcheoEpidemicChimera | t=443 | Rt=0.00 | Souches=22 | Reliques=4
2026-07-27 18:52:43 | DEBUG    | ArcheoEpidemicChimera | t=444 | Rt=0.00 | Souches=22 | Reliques=4
2026-07-27 18:52:43 | DEBUG    | ArcheoEpidemicChimera | t=445 | Rt=0.00 | Souches=22 | Reliques=4
2026-07-27 18:52:43 | DEBUG    | ArcheoEpidemicChimera | t=446 | Rt=0.00 | Souches=22 | Reliques=4
2026-07-27 18:52:43 | DEBUG    | ArcheoEpidemicChimera | t=447 | Rt=0.00 | Souches=22 | Reliques=4
2026-07-27 18:52:43 | DEBUG    | ArcheoEpidemicChimera | t=448 | Rt=0.00 | Souches=22 | Reliques=4
2026-07-27 18:52:43 | DEBUG    | ArcheoEpidemicChimera | t=449 | Rt=0.00 | Souches=22 | Reliques=4
2026-07-27 18:52:43 | DEBUG    | ArcheoEpidemicChimera | t=450 | Rt=0.00 | Souches=22 | Reliques=4
2026-07-27 18:52:44 | DEBUG    | ArcheoEpidemicChimera | t=451 | Rt=0.00 | Souches=22 | Reliques=4
2026-07-27 18:52:44 | DEBUG    | ArcheoEpidemicChimera | t=452 | Rt=0.00 | Souches=22 | Reliques=4
2026-07-27 18:52:44 | DEBUG    | ArcheoEpidemicChimera | t=453 | Rt=0.00 | Souches=22 | Reliques=4
2026-07-27 18:52:44 | DEBUG    | ArcheoEpidemicChimera | t=454 | Rt=0.00 | Souches=22 | Reliques=4
2026-07-27 18:52:44 | DEBUG    | ArcheoEpidemicChimera | t=455 | Rt=0.00 | Souches=22 | Reliques=4
2026-07-27 18:52:44 | DEBUG    | ArcheoEpidemicChimera | t=456 | Rt=0.00 | Souches=22 | Reliques=4
2026-07-27 18:52:44 | DEBUG    | ArcheoEpidemicChimera | t=457 | Rt=0.00 | Souches=22 | Reliques=4
2026-07-27 18:52:44 | DEBUG    | ArcheoEpidemicChimera | t=458 | Rt=0.00 | Souches=22 | Reliques=4
2026-07-27 18:52:44 | DEBUG    | ArcheoEpidemicChimera | t=459 | Rt=0.00 | Souches=22 | Reliques=4
2026-07-27 18:52:45 | DEBUG    | ArcheoEpidemicChimera | t=460 | Rt=0.00 | Souches=22 | Reliques=4
2026-07-27 18:52:45 | DEBUG    | ArcheoEpidemicChimera | t=461 | Rt=0.00 | Souches=22 | Reliques=4
2026-07-27 18:52:45 | DEBUG    | ArcheoEpidemicChimera | t=462 | Rt=0.00 | Souches=22 | Reliques=4
2026-07-27 18:52:45 | DEBUG    | ArcheoEpidemicChimera | t=463 | Rt=0.00 | Souches=22 | Reliques=4
2026-07-27 18:52:45 | DEBUG    | ArcheoEpidemicChimera | t=464 | Rt=0.00 | Souches=22 | Reliques=4
2026-07-27 18:52:45 | DEBUG    | ArcheoEpidemicChimera | t=465 | Rt=0.00 | Souches=22 | Reliques=4
2026-07-27 18:52:45 | DEBUG    | ArcheoEpidemicChimera | Agent#70 reçoit mantra PR-023: «🜃 PROPHÉTIE : glitché onirique silence sacré limin...»
2026-07-27 18:52:45 | DEBUG    | ArcheoEpidemicChimera | Agent#932 reçoit mantra PR-023: «🜃 PROPHÉTIE : glitché onirique silence sacré limin...»
2026-07-27 18:52:45 | WARNING  | ArcheoEpidemicChimera | t=466 🜃 PROPHÉTIE : 2 nouveaux convertis
2026-07-27 18:52:45 | DEBUG    | ArcheoEpidemicChimera | t=466 | Rt=0.00 | Souches=23 | Reliques=4
2026-07-27 18:52:45 | DEBUG    | ArcheoEpidemicChimera | t=467 Agent#70 devient évangéliste
2026-07-27 18:52:45 | DEBUG    | ArcheoEpidemicChimera | t=467 Agent#932 devient porteur silencieux
2026-07-27 18:52:45 | DEBUG    | ArcheoEpidemicChimera | t=467 | Rt=0.00 | Souches=23 | Reliques=4
2026-07-27 18:52:45 | DEBUG    | ArcheoEpidemicChimera | t=468 | Rt=0.00 | Souches=23 | Reliques=4
2026-07-27 18:52:45 | DEBUG    | ArcheoEpidemicChimera | t=469 | Rt=0.00 | Souches=23 | Reliques=4
2026-07-27 18:52:46 | DEBUG    | ArcheoEpidemicChimera | t=470 | Rt=0.00 | Souches=23 | Reliques=4
2026-07-27 18:52:46 | DEBUG    | ArcheoEpidemicChimera | t=471 | Rt=0.00 | Souches=23 | Reliques=4
2026-07-27 18:52:46 | DEBUG    | ArcheoEpidemicChimera | t=472 | Rt=0.00 | Souches=23 | Reliques=4
2026-07-27 18:52:46 | DEBUG    | ArcheoEpidemicChimera | t=473 | Rt=0.00 | Souches=23 | Reliques=4
2026-07-27 18:52:46 | DEBUG    | ArcheoEpidemicChimera | t=474 Agent#932 se désenchante
2026-07-27 18:52:46 | DEBUG    | ArcheoEpidemicChimera | t=474 | Rt=0.00 | Souches=23 | Reliques=4
2026-07-27 18:52:46 | DEBUG    | ArcheoEpidemicChimera | t=475 | Rt=0.00 | Souches=23 | Reliques=4
2026-07-27 18:52:46 | DEBUG    | ArcheoEpidemicChimera | t=476 | Rt=0.00 | Souches=23 | Reliques=4
2026-07-27 18:52:46 | DEBUG    | ArcheoEpidemicChimera | t=477 | Rt=0.00 | Souches=23 | Reliques=4
2026-07-27 18:52:46 | DEBUG    | ArcheoEpidemicChimera | Agent#70 reçoit mantra MV-024: «ouroboros de feedback loop PROPHÉTIE : glitché oni...»
2026-07-27 18:52:46 | INFO     | ArcheoEpidemicChimera | t=478 🧬 MUTATION : PR-023 → MV-024 «ouroboros de feedback loop PROPHÉTIE : g...»
2026-07-27 18:52:46 | DEBUG    | ArcheoEpidemicChimera | t=478 | Rt=0.00 | Souches=24 | Reliques=4
2026-07-27 18:52:47 | DEBUG    | ArcheoEpidemicChimera | t=479 | Rt=0.00 | Souches=24 | Reliques=4
2026-07-27 18:52:47 | DEBUG    | ArcheoEpidemicChimera | t=480 | Rt=0.00 | Souches=24 | Reliques=4
2026-07-27 18:52:47 | DEBUG    | ArcheoEpidemicChimera | t=481 | Rt=0.00 | Souches=24 | Reliques=4
2026-07-27 18:52:47 | DEBUG    | ArcheoEpidemicChimera | t=482 | Rt=0.00 | Souches=24 | Reliques=4
2026-07-27 18:52:47 | DEBUG    | ArcheoEpidemicChimera | t=483 | Rt=0.00 | Souches=24 | Reliques=4
2026-07-27 18:52:47 | DEBUG    | ArcheoEpidemicChimera | t=484 | Rt=0.00 | Souches=24 | Reliques=4
2026-07-27 18:52:47 | DEBUG    | ArcheoEpidemicChimera | t=485 | Rt=0.00 | Souches=24 | Reliques=4
2026-07-27 18:52:47 | DEBUG    | ArcheoEpidemicChimera | Agent#70 reçoit mantra MV-025: «ouroboros de feedback loop PROPHÉTIE : étoile noir...»
2026-07-27 18:52:47 | INFO     | ArcheoEpidemicChimera | t=486 🧬 MUTATION : MV-024 → MV-025 «ouroboros de feedback loop PROPHÉTIE : é...»
2026-07-27 18:52:47 | DEBUG    | ArcheoEpidemicChimera | t=486 | Rt=0.00 | Souches=25 | Reliques=4
2026-07-27 18:52:47 | DEBUG    | ArcheoEpidemicChimera | t=487 | Rt=0.00 | Souches=25 | Reliques=4
2026-07-27 18:52:48 | DEBUG    | ArcheoEpidemicChimera | t=488 | Rt=0.00 | Souches=25 | Reliques=4
2026-07-27 18:52:48 | DEBUG    | ArcheoEpidemicChimera | t=489 | Rt=0.00 | Souches=25 | Reliques=4
2026-07-27 18:52:48 | DEBUG    | ArcheoEpidemicChimera | t=490 | Rt=0.00 | Souches=25 | Reliques=4
2026-07-27 18:52:48 | DEBUG    | ArcheoEpidemicChimera | t=491 | Rt=0.00 | Souches=25 | Reliques=4
2026-07-27 18:52:48 | DEBUG    | ArcheoEpidemicChimera | t=492 | Rt=0.00 | Souches=25 | Reliques=4
2026-07-27 18:52:48 | DEBUG    | ArcheoEpidemicChimera | t=493 | Rt=0.00 | Souches=25 | Reliques=4
2026-07-27 18:52:48 | DEBUG    | ArcheoEpidemicChimera | t=494 | Rt=0.00 | Souches=25 | Reliques=4
2026-07-27 18:52:48 | DEBUG    | ArcheoEpidemicChimera | t=495 | Rt=0.00 | Souches=25 | Reliques=4
2026-07-27 18:52:48 | DEBUG    | ArcheoEpidemicChimera | t=496 | Rt=0.00 | Souches=25 | Reliques=4
2026-07-27 18:52:49 | DEBUG    | ArcheoEpidemicChimera | t=497 | Rt=0.00 | Souches=25 | Reliques=4
2026-07-27 18:52:49 | DEBUG    | ArcheoEpidemicChimera | t=498 | Rt=0.00 | Souches=25 | Reliques=4
2026-07-27 18:52:49 | DEBUG    | ArcheoEpidemicChimera | t=499 | Rt=0.00 | Souches=25 | Reliques=4
2026-07-27 18:53:04 | DEBUG    | ArcheoEpidemicChimera | ✅ Agents: 500000 lignes
2026-07-27 18:53:05 | DEBUG    | ArcheoEpidemicChimera | ✅ Souches: 7526 lignes
2026-07-27 18:53:05 | DEBUG    | ArcheoEpidemicChimera | ✅ Métriques: 500 lignes
2026-07-27 18:53:05 | DEBUG    | ArcheoEpidemicChimera | ✅ Événements narratifs: 1928 lignes
2026-07-27 18:53:05 | DEBUG    | ArcheoEpidemicChimera | ✅ Événements aléatoires: 26 lignes
2026-07-27 18:53:05 | DEBUG    | ArcheoEpidemicChimera | ✅ Interactions: 1907 lignes
2026-07-27 18:53:05 | DEBUG    | ArcheoEpidemicChimera | ✅ Reliques: 4 lignes
2026-07-27 18:53:05 | DEBUG    | ArcheoEpidemicChimera | ✅ Mythes: 3 lignes
2026-07-27 18:53:05 | DEBUG    | ArcheoEpidemicChimera | ✅ Chronique: 29 lignes
2026-07-27 18:53:05 | DEBUG    | ArcheoEpidemicChimera | ✅ Dérive sémantique: 15 lignes
2026-07-27 18:53:05 | INFO     | ArcheoEpidemicChimera | 📊 10 fichiers CSV exportés dans data_knime/
2026-07-27 18:53:05 | DEBUG    | ArcheoEpidemicChimera | ✅ README KNIME généré
2026-07-27 18:53:05 | INFO     | ArcheoEpidemicChimera | 📊 Données CSV exportées dans ./data_knime/
2026-07-27 18:53:05 | INFO     | ArcheoEpidemicChimera | 📦 Données exportées dans output/
2026-07-27 18:53:05 | INFO     | ArcheoEpidemicChimera | 📦 Données JSON exportées dans ./output/
2026-07-27 18:53:39 | INFO     | ArcheoEpidemicChimera | 🖼  Réseau narratif exporté : output/network.png
