timestamp,agent_id,event_type,cultural_state,source_id,guild,narrative_coherence,strain_id
0,1,exposure,E,-1,Anachorètes,0.6333333333333333,M-001
0,2,exposure,E,-1,Colporteurs,0.6333333333333333,M-001
0,3,exposure,E,-1,Hérauts,0.6333333333333333,M-001
4,6,exposure,E,3,Colporteurs,0.6333333333333333,M-001
7,5,exposure,E,3,Scribes,0.6333333333333333,M-001
8,1,disenchantment,R,-1,Anachorètes,0.6333333333333333,M-001
9,4,exposure,E,3,Colporteurs,0.6333333333333333,M-001
10,5,disenchantment,R,-1,Scribes,0.4,RF-002
11,9,exposure,E,6,Anachorètes,0.6333333333333333,M-001
12,6,disenchantment,R,-1,Colporteurs,0.6333333333333333,M-001
15,253,exposure,E,4,Hérauts,0.6333333333333333,M-001
19,253,disenchantment,R,-1,Hérauts,0.6333333333333333,M-001
20,2,disenchantment,R,-1,Colporteurs,0.4,RF-002
24,9,disenchantment,R,-1,Anachorètes,0.6333333333333333,M-001
25,3,disenchantment,R,-1,Hérauts,0.4,RF-002
28,306,exposure,E,4,Colporteurs,0.4,MV-003
31,496,exposure,E,4,Colporteurs,0.4,MV-003
33,415,exposure,E,306,Anachorètes,0.4,MV-003
33,945,exposure,E,-1,Anachorètes,0.5916666666666667,PR-004
33,45,exposure,E,-1,Anachorètes,0.5916666666666667,PR-004
33,56,exposure,E,-1,Scribes,0.5916666666666667,PR-004
33,661,exposure,E,-1,Iconoclastes,0.5916666666666667,PR-004
33,373,exposure,E,-1,Iconoclastes,0.5916666666666667,PR-004
33,292,exposure,E,-1,Iconoclastes,0.5916666666666667,PR-004
33,215,exposure,E,-1,Anachorètes,0.5916666666666667,PR-004
33,446,exposure,E,-1,Scribes,0.5916666666666667,PR-004
33,258,exposure,E,-1,Scribes,0.5916666666666667,PR-004
33,343,exposure,E,-1,Scribes,0.5916666666666667,PR-004
33,632,exposure,E,-1,Hérauts,0.5916666666666667,PR-004
33,825,exposure,E,-1,Anachorètes,0.5916666666666667,PR-004
33,912,exposure,E,-1,Hérauts,0.5916666666666667,PR-004
33,777,exposure,E,-1,Iconoclastes,0.5916666666666667,PR-004
33,465,exposure,E,-1,Hérauts,0.5916666666666667,PR-004
33,107,exposure,E,-1,Iconoclastes,0.5916666666666667,PR-004
33,759,exposure,E,-1,Anachorètes,0.5916666666666667,PR-004
33,54,exposure,E,-1,Anachorètes,0.5916666666666667,PR-004
33,948,exposure,E,-1,Anachorètes,0.5916666666666667,PR-004
33,551,exposure,E,-1,Hérauts,0.5916666666666667,PR-004
33,181,exposure,E,-1,Anachorètes,0.5916666666666667,PR-004
33,162,exposure,E,-1,Colporteurs,0.5916666666666667,PR-004
33,805,exposure,E,-1,Iconoclastes,0.5916666666666667,PR-004
33,30,exposure,E,-1,Iconoclastes,0.5916666666666667,PR-004
33,497,exposure,E,-1,Hérauts,0.5916666666666667,PR-004
33,528,exposure,E,-1,Iconoclastes,0.5916666666666667,PR-004
33,119,exposure,E,-1,Anachorètes,0.5916666666666667,PR-004
33,73,exposure,E,-1,Iconoclastes,0.5916666666666667,PR-004
33,917,exposure,E,-1,Anachorètes,0.5916666666666667,PR-004
33,241,exposure,E,-1,Colporteurs,0.5916666666666667,PR-004
33,306,disenchantment,R,-1,Colporteurs,0.4,MV-003
35,59,exposure,E,56,Iconoclastes,0.5916666666666667,PR-004
35,677,exposure,E,73,Scribes,0.5916666666666667,PR-004
35,164,exposure,E,162,Scribes,0.5916666666666667,PR-004
35,182,exposure,E,181,Hérauts,0.5916666666666667,PR-004
35,218,exposure,E,215,Anachorètes,0.5916666666666667,PR-004
35,944,exposure,E,292,Iconoclastes,0.5916666666666667,PR-004
35,499,exposure,E,496,Colporteurs,0.4,MV-003
35,529,exposure,E,528,Hérauts,0.5916666666666667,PR-004
35,554,exposure,E,551,Colporteurs,0.5916666666666667,PR-004
35,662,exposure,E,661,Anachorètes,0.5916666666666667,PR-004
35,761,exposure,E,759,Iconoclastes,0.5916666666666667,PR-004
35,960,exposure,E,777,Scribes,0.5916666666666667,PR-004
35,914,exposure,E,912,Scribes,0.5916666666666667,PR-004
35,947,exposure,E,945,Scribes,0.5916666666666667,PR-004
36,185,exposure,E,56,Anachorètes,0.4,RF-005
36,120,exposure,E,119,Scribes,0.4,RF-005
36,163,exposure,E,162,Scribes,0.4,RF-005
36,184,exposure,E,181,Colporteurs,0.4,RF-005
36,243,exposure,E,241,Iconoclastes,0.4,RF-005
36,206,exposure,E,446,Anachorètes,0.5916666666666667,PR-004
36,530,exposure,E,528,Hérauts,0.4,RF-005
36,553,exposure,E,551,Scribes,0.4,RF-005
36,527,exposure,E,632,Anachorètes,0.5916666666666667,PR-004
36,664,exposure,E,661,Hérauts,0.4,RF-005
36,953,exposure,E,805,Hérauts,0.5916666666666667,PR-004
36,827,exposure,E,825,Hérauts,0.5916666666666667,PR-004
36,918,exposure,E,917,Scribes,0.4,RF-005
36,951,exposure,E,948,Anachorètes,0.4,RF-005
36,496,disenchantment,R,-1,Colporteurs,0.4,MV-003
36,497,disenchantment,R,-1,Hérauts,0.4,RF-005
37,32,exposure,E,30,Iconoclastes,0.4,RF-005
37,46,exposure,E,45,Anachorètes,0.4,RF-005
37,541,exposure,E,119,Anachorètes,0.4,RF-005
37,629,exposure,E,181,Scribes,0.4,RF-005
37,216,exposure,E,215,Iconoclastes,0.4,RF-005
37,730,exposure,E,258,Colporteurs,0.5916666666666667,PR-004
37,375,exposure,E,373,Scribes,0.5916666666666667,PR-004
37,466,exposure,E,465,Hérauts,0.5916666666666667,PR-004
37,556,exposure,E,554,Colporteurs,0.5916666666666667,PR-004
37,665,exposure,E,662,Scribes,0.5916666666666667,PR-004
37,780,exposure,E,777,Iconoclastes,0.4,RF-005
37,808,exposure,E,805,Hérauts,0.5916666666666667,PR-004
37,826,exposure,E,825,Colporteurs,0.5916666666666667,PR-004
37,913,exposure,E,912,Scribes,0.4,RF-005
37,117,exposure,E,914,Hérauts,0.5916666666666667,PR-004
37,919,exposure,E,917,Anachorètes,0.4,RF-005
37,631,exposure,E,945,Scribes,0.4,RF-005
37,56,disenchantment,R,-1,Scribes,0.4,RF-005
38,121,exposure,E,119,Iconoclastes,0.4,RF-005
38,165,exposure,E,162,Colporteurs,0.4,RF-005
38,166,exposure,E,164,Anachorètes,0.5916666666666667,PR-004
38,183,exposure,E,182,Anachorètes,0.5916666666666667,PR-004
38,242,exposure,E,241,Scribes,0.4,RF-005
38,345,exposure,E,343,Hérauts,0.5916666666666667,PR-004
38,468,exposure,E,465,Anachorètes,0.5916666666666667,PR-004
38,635,exposure,E,632,Hérauts,0.5916666666666667,PR-004
38,663,exposure,E,662,Colporteurs,0.5916666666666667,PR-004
38,666,exposure,E,664,Scribes,0.4,RF-005
38,877,exposure,E,825,Hérauts,0.5916666666666667,PR-004
38,829,exposure,E,827,Hérauts,0.5916666666666667,PR-004
38,916,exposure,E,914,Colporteurs,0.5916666666666667,PR-004
38,920,exposure,E,918,Iconoclastes,0.4,RF-005
38,207,exposure,E,947,Anachorètes,0.5916666666666667,PR-004
38,854,exposure,E,951,Hérauts,0.4,RF-005
38,954,exposure,E,953,Scribes,0.5916666666666667,PR-004
38,962,exposure,E,960,Anachorètes,0.5916666666666667,PR-004
38,530,disenchantment,R,-1,Hérauts,0.4,RF-005
39,35,exposure,E,32,Scribes,0.4,RF-005
39,48,exposure,E,46,Scribes,0.4,RF-005
39,57,exposure,E,54,Colporteurs,0.5916666666666667,PR-004
39,220,exposure,E,182,Colporteurs,0.5916666666666667,PR-004
39,186,exposure,E,184,Colporteurs,0.4,RF-005
39,209,exposure,E,206,Anachorètes,0.5916666666666667,PR-004
39,245,exposure,E,243,Anachorètes,0.4,RF-005
39,376,exposure,E,375,Iconoclastes,0.5916666666666667,PR-004
39,111,exposure,E,466,Iconoclastes,0.5916666666666667,PR-004
39,58,exposure,E,541,Anachorètes,0.4,RF-005
39,599,exposure,E,556,Scribes,0.5916666666666667,PR-004
39,633,exposure,E,631,Anachorètes,0.4,RF-005
39,549,exposure,E,661,Hérauts,0.4,RF-005
39,697,exposure,E,662,Colporteurs,0.5916666666666667,PR-004
39,733,exposure,E,730,Anachorètes,0.5916666666666667,PR-004
39,82,exposure,E,759,Scribes,0.4,RF-005
39,763,exposure,E,761,Colporteurs,0.5916666666666667,PR-004
39,778,exposure,E,777,Colporteurs,0.4,RF-005
39,809,exposure,E,808,Hérauts,0.5916666666666667,PR-004
39,921,exposure,E,918,Hérauts,0.4,RF-005
39,162,disenchantment,R,-1,Colporteurs,0.4,RF-005
39,919,disenchantment,R,-1,Anachorètes,0.4,RF-005
40,849,exposure,E,46,Iconoclastes,0.4,RF-005
40,62,exposure,E,59,Colporteurs,0.5916666666666667,PR-004
40,923,exposure,E,120,Scribes,0.4,RF-005
40,123,exposure,E,121,Colporteurs,0.4,RF-005
40,168,exposure,E,165,Colporteurs,0.4,RF-005
40,169,exposure,E,166,Hérauts,0.5916666666666667,PR-004
40,187,exposure,E,184,Anachorètes,0.4,RF-005
40,884,exposure,E,185,Scribes,0.4,RF-005
40,219,exposure,E,218,Hérauts,0.5916666666666667,PR-004
40,287,exposure,E,292,Iconoclastes,0.4,RF-005
40,344,exposure,E,343,Colporteurs,0.5916666666666667,PR-004
40,348,exposure,E,345,Iconoclastes,0.5916666666666667,PR-004
40,374,exposure,E,373,Anachorètes,0.5916666666666667,PR-004
40,477,exposure,E,375,Iconoclastes,0.5916666666666667,PR-004
40,501,exposure,E,499,Colporteurs,0.4,MV-003
40,552,exposure,E,551,Iconoclastes,0.4,RF-005
40,986,exposure,E,554,Scribes,0.5916666666666667,PR-004
40,559,exposure,E,556,Hérauts,0.5916666666666667,PR-004
40,637,exposure,E,635,Scribes,0.5916666666666667,PR-004
40,667,exposure,E,665,Anachorètes,0.5916666666666667,PR-004
40,679,exposure,E,677,Iconoclastes,0.5916666666666667,PR-004
40,732,exposure,E,730,Scribes,0.5916666666666667,PR-004
40,783,exposure,E,780,Anachorètes,0.4,RF-005
40,806,exposure,E,805,Colporteurs,0.5916666666666667,PR-004
40,810,exposure,E,808,Colporteurs,0.5916666666666667,PR-004
40,856,exposure,E,854,Iconoclastes,0.4,RF-005
40,528,disenchantment,R,-1,Iconoclastes,0.4,RF-005
41,338,exposure,E,35,Anachorètes,0.4,RF-005
41,336,exposure,E,48,Hérauts,0.4,RF-005
41,61,exposure,E,58,Scribes,0.4,RF-005
41,83,exposure,E,82,Scribes,0.4,RF-005
41,112,exposure,E,111,Iconoclastes,0.5916666666666667,PR-004
41,77,exposure,E,121,Iconoclastes,0.4,RF-005
41,208,exposure,E,207,Colporteurs,0.5916666666666667,PR-004
41,217,exposure,E,215,Colporteurs,0.4,RF-005
41,887,exposure,E,216,Scribes,0.4,RF-005
41,544,exposure,E,242,Colporteurs,0.4,RF-005
41,748,exposure,E,245,Colporteurs,0.4,RF-005
41,293,exposure,E,292,Hérauts,0.4,RF-005
41,714,exposure,E,376,Colporteurs,0.5916666666666667,PR-004
41,467,exposure,E,465,Anachorètes,0.5916666666666667,PR-004
41,502,exposure,E,499,Colporteurs,0.4,MV-003
41,634,exposure,E,631,Hérauts,0.4,RF-005
41,698,exposure,E,697,Hérauts,0.5916666666666667,PR-004
41,764,exposure,E,761,Anachorètes,0.5916666666666667,PR-004
41,765,exposure,E,763,Colporteurs,0.5916666666666667,PR-004
41,493,exposure,E,778,Iconoclastes,0.4,RF-005
41,283,exposure,E,780,Scribes,0.4,RF-005
41,42,exposure,E,809,Iconoclastes,0.5916666666666667,PR-004
41,878,exposure,E,877,Iconoclastes,0.5916666666666667,PR-004
41,915,exposure,E,914,Colporteurs,0.5916666666666667,PR-004
41,922,exposure,E,920,Anachorètes,0.4,RF-005
41,952,exposure,E,951,Colporteurs,0.4,RF-005
41,955,exposure,E,954,Scribes,0.5916666666666667,PR-004
41,965,exposure,E,962,Anachorètes,0.5916666666666667,PR-004
41,32,disenchantment,R,-1,Iconoclastes,0.4,RF-005
41,46,burnout,D,-1,Anachorètes,0,RF-005
41,183,disenchantment,R,-1,Anachorètes,0.5916666666666667,PR-004
41,854,disenchantment,R,-1,Hérauts,0.4,RF-005
42,772,exposure,E,35,Iconoclastes,0.4,RF-005
42,60,exposure,E,58,Colporteurs,0.4,RF-005
42,84,exposure,E,82,Anachorètes,0.4,RF-005
42,681,exposure,E,165,Scribes,0.4,RF-005
42,188,exposure,E,186,Scribes,0.4,RF-005
42,189,exposure,E,187,Hérauts,0.4,RF-005
42,210,exposure,E,209,Colporteurs,0.5916666666666667,PR-004
42,221,exposure,E,218,Hérauts,0.5916666666666667,PR-004
42,244,exposure,E,242,Anachorètes,0.4,RF-005
42,771,exposure,E,245,Iconoclastes,0.4,RF-005
42,346,exposure,E,345,Hérauts,0.5916666666666667,PR-004
42,858,exposure,E,376,Anachorètes,0.5916666666666667,PR-004
42,418,exposure,E,415,Iconoclastes,0.4,MV-003
42,478,exposure,E,477,Iconoclastes,0.5916666666666667,PR-004
42,602,exposure,E,599,Colporteurs,0.5916666666666667,PR-004
42,636,exposure,E,633,Anachorètes,0.4,RF-005
42,668,exposure,E,665,Iconoclastes,0.5916666666666667,PR-004
42,669,exposure,E,666,Anachorètes,0.4,RF-005
42,734,exposure,E,732,Scribes,0.5916666666666667,PR-004
42,909,exposure,E,778,Anachorètes,0.4,RF-005
42,812,exposure,E,810,Colporteurs,0.5916666666666667,PR-004
42,828,exposure,E,827,Iconoclastes,0.5916666666666667,PR-004
42,830,exposure,E,829,Anachorètes,0.5916666666666667,PR-004
42,850,exposure,E,849,Scribes,0.4,RF-005
42,859,exposure,E,856,Hérauts,0.4,RF-005
42,886,exposure,E,884,Iconoclastes,0.4,RF-005
42,332,exposure,E,913,Scribes,0.4,RF-005
42,926,exposure,E,923,Hérauts,0.4,RF-005
42,949,exposure,E,947,Colporteurs,0.5916666666666667,PR-004
42,956,exposure,E,953,Hérauts,0.5916666666666667,PR-004
42,989,exposure,E,986,Scribes,0.5916666666666667,PR-004
42,163,disenchantment,R,-1,Scribes,0.4,RF-005
42,209,disenchantment,R,-1,Anachorètes,0.5916666666666667,PR-004
42,241,disenchantment,R,-1,Colporteurs,0.4,RF-005
42,446,disenchantment,R,-1,Scribes,0.5916666666666667,PR-004
42,662,disenchantment,R,-1,Anachorètes,0.5916666666666667,PR-004
42,733,disenchantment,R,-1,Anachorètes,0.5916666666666667,PR-004
42,826,disenchantment,R,-1,Colporteurs,0.5916666666666667,PR-004
42,827,disenchantment,R,-1,Hérauts,0.5916666666666667,PR-004
42,918,disenchantment,R,-1,Scribes,0.4,RF-005
43,44,exposure,E,42,Scribes,0.5916666666666667,PR-004
43,64,exposure,E,61,Anachorètes,0.4,RF-005
43,75,exposure,E,73,Hérauts,0.4,RF-005
43,80,exposure,E,77,Hérauts,0.4,RF-005
43,249,exposure,E,82,Hérauts,0.4,RF-005
43,113,exposure,E,111,Hérauts,0.5916666666666667,PR-004
43,213,exposure,E,123,Anachorètes,0.4,RF-005
43,788,exposure,E,165,Scribes,0.4,RF-005
43,246,exposure,E,243,Scribes,0.4,RF-005
43,259,exposure,E,258,Iconoclastes,0.5916666666666667,PR-004
43,339,exposure,E,336,Anachorètes,0.4,RF-005
43,350,exposure,E,348,Colporteurs,0.5916666666666667,PR-004
43,396,exposure,E,415,Hérauts,0.4,MV-003
43,469,exposure,E,468,Colporteurs,0.5916666666666667,PR-004
43,500,exposure,E,499,Colporteurs,0.4,MV-003
43,769,exposure,E,541,Scribes,0.4,RF-005
43,550,exposure,E,549,Hérauts,0.4,RF-005
43,203,exposure,E,599,Colporteurs,0.5916666666666667,PR-004
43,699,exposure,E,697,Anachorètes,0.5916666666666667,PR-004
43,755,exposure,E,698,Iconoclastes,0.5916666666666667,PR-004
43,731,exposure,E,730,Iconoclastes,0.5916666666666667,PR-004
43,751,exposure,E,748,Colporteurs,0.4,RF-005
43,811,exposure,E,808,Colporteurs,0.5916666666666667,PR-004
43,711,exposure,E,856,Scribes,0.4,RF-005
43,879,exposure,E,877,Colporteurs,0.5916666666666667,PR-004
43,798,exposure,E,887,Colporteurs,0.4,RF-005
43,925,exposure,E,923,Anachorètes,0.4,RF-005
43,957,exposure,E,954,Anachorètes,0.5916666666666667,PR-004
43,961,exposure,E,960,Hérauts,0.5916666666666667,PR-004
43,384,exposure,E,965,Anachorètes,0.5916666666666667,PR-004
43,73,disenchantment,R,-1,Iconoclastes,0.4,RF-005
43,121,disenchantment,R,-1,Iconoclastes,0.4,RF-005
44,393,exposure,E,35,Hérauts,0.4,RF-005
44,63,exposure,E,60,Hérauts,0.4,RF-005
44,125,exposure,E,123,Anachorètes,0.4,RF-005
44,192,exposure,E,189,Colporteurs,0.4,RF-005
44,211,exposure,E,208,Iconoclastes,0.5916666666666667,PR-004
44,422,exposure,E,244,Iconoclastes,0.4,RF-005
44,260,exposure,E,258,Iconoclastes,0.5916666666666667,PR-004
44,284,exposure,E,283,Colporteurs,0.4,RF-005
44,288,exposure,E,287,Colporteurs,0.4,RF-005
44,295,exposure,E,293,Anachorètes,0.4,RF-005
44,718,exposure,E,332,Hérauts,0.4,RF-005
44,490,exposure,E,336,Hérauts,0.4,RF-005
44,601,exposure,E,338,Hérauts,0.4,RF-005
44,712,exposure,E,468,Iconoclastes,0.5916666666666667,PR-004
44,479,exposure,E,477,Anachorètes,0.5916666666666667,PR-004
44,741,exposure,E,478,Iconoclastes,0.5916666666666667,PR-004
44,605,exposure,E,602,Colporteurs,0.5916666666666667,PR-004
44,236,exposure,E,634,Anachorètes,0.4,RF-005
44,131,exposure,E,636,Anachorètes,0.4,RF-005
44,638,exposure,E,637,Scribes,0.5916666666666667,PR-004
44,315,exposure,E,664,Colporteurs,0.4,RF-005
44,670,exposure,E,669,Hérauts,0.4,RF-005
44,684,exposure,E,681,Anachorètes,0.4,RF-005
44,735,exposure,E,732,Scribes,0.5916666666666667,PR-004
44,612,exposure,E,748,Scribes,0.4,RF-005
44,993,exposure,E,764,Hérauts,0.5916666666666667,PR-004
44,766,exposure,E,765,Iconoclastes,0.5916666666666667,PR-004
44,773,exposure,E,772,Scribes,0.4,RF-005
44,472,exposure,E,828,Colporteurs,0.5916666666666667,PR-004
44,688,exposure,E,849,Hérauts,0.4,RF-005
44,851,exposure,E,850,Scribes,0.4,RF-005
44,560,exposure,E,858,Iconoclastes,0.5916666666666667,PR-004
44,881,exposure,E,878,Anachorètes,0.5916666666666667,PR-004
44,889,exposure,E,887,Iconoclastes,0.4,RF-005
44,910,exposure,E,909,Scribes,0.4,RF-005
44,784,exposure,E,922,Iconoclastes,0.4,RF-005
44,25,exposure,E,944,Iconoclastes,0.5916666666666667,PR-004
44,83,disenchantment,R,-1,Scribes,0.4,RF-005
44,551,disenchantment,R,-1,Hérauts,0.4,RF-005
44,679,disenchantment,R,-1,Iconoclastes,0.5916666666666667,PR-004
44,764,disenchantment,R,-1,Anachorètes,0.5916666666666667,PR-004
44,828,disenchantment,R,-1,Iconoclastes,0.5916666666666667,PR-004
44,923,disenchantment,R,-1,Scribes,0.4,RF-005
45,81,exposure,E,80,Anachorètes,0.4,RF-005
45,742,exposure,E,84,Scribes,0.4,RF-005
45,109,exposure,E,107,Anachorètes,0.5916666666666667,PR-004
45,114,exposure,E,113,Colporteurs,0.5916666666666667,PR-004
45,167,exposure,E,166,Colporteurs,0.5916666666666667,PR-004
45,170,exposure,E,169,Iconoclastes,0.5916666666666667,PR-004
45,630,exposure,E,189,Colporteurs,0.4,RF-005
45,212,exposure,E,210,Iconoclastes,0.5916666666666667,PR-004
45,222,exposure,E,221,Iconoclastes,0.5916666666666667,PR-004
45,248,exposure,E,246,Scribes,0.4,RF-005
45,250,exposure,E,249,Anachorètes,0.4,RF-005
45,940,exposure,E,336,Colporteurs,0.4,RF-005
45,347,exposure,E,345,Hérauts,0.5916666666666667,PR-004
45,352,exposure,E,350,Colporteurs,0.5916666666666667,PR-004
45,377,exposure,E,374,Hérauts,0.5916666666666667,PR-004
45,875,exposure,E,415,Colporteurs,0.4,MV-003
45,707,exposure,E,467,Anachorètes,0.5916666666666667,PR-004
45,93,exposure,E,478,Anachorètes,0.5916666666666667,PR-004
45,503,exposure,E,502,Colporteurs,0.4,MV-003
45,408,exposure,E,529,Iconoclastes,0.5916666666666667,PR-004
45,545,exposure,E,544,Scribes,0.4,RF-005
45,555,exposure,E,552,Iconoclastes,0.4,RF-005
45,885,exposure,E,666,Anachorètes,0.4,RF-005
45,399,exposure,E,669,Colporteurs,0.4,RF-005
45,803,exposure,E,677,Anachorètes,0.5916666666666667,PR-004
45,682,exposure,E,681,Scribes,0.4,RF-005
45,970,exposure,E,697,Scribes,0.5916666666666667,PR-004
45,272,exposure,E,699,Scribes,0.5916666666666667,PR-004
45,737,exposure,E,734,Scribes,0.5916666666666667,PR-004
45,749,exposure,E,748,Anachorètes,0.4,RF-005
45,129,exposure,E,765,Scribes,0.5916666666666667,PR-004
45,387,exposure,E,788,Anachorètes,0.4,RF-005
45,800,exposure,E,798,Colporteurs,0.4,RF-005
45,815,exposure,E,812,Scribes,0.5916666666666667,PR-004
45,832,exposure,E,830,Hérauts,0.5916666666666667,PR-004
45,853,exposure,E,850,Scribes,0.4,RF-005
45,725,exposure,E,915,Colporteurs,0.5916666666666667,PR-004
45,135,exposure,E,922,Scribes,0.4,RF-005
45,927,exposure,E,925,Hérauts,0.4,RF-005
45,950,exposure,E,949,Anachorètes,0.5916666666666667,PR-004
45,963,exposure,E,960,Colporteurs,0.5916666666666667,PR-004
45,621,exposure,E,961,Colporteurs,0.5916666666666667,PR-004
45,57,disenchantment,R,-1,Colporteurs,0.5916666666666667,PR-004
45,169,disenchantment,R,-1,Hérauts,0.5916666666666667,PR-004
45,221,disenchantment,R,-1,Hérauts,0.5916666666666667,PR-004
45,339,disenchantment,R,-1,Anachorètes,0.4,RF-005
45,343,disenchantment,R,-1,Scribes,0.5916666666666667,PR-004
45,632,disenchantment,R,-1,Hérauts,0.5916666666666667,PR-004
45,755,disenchantment,R,-1,Iconoclastes,0.5916666666666667,PR-004
45,825,disenchantment,R,-1,Anachorètes,0.5916666666666667,PR-004
45,877,disenchantment,R,-1,Hérauts,0.5916666666666667,PR-004
46,582,exposure,E,25,Colporteurs,0.5916666666666667,PR-004
46,51,exposure,E,48,Hérauts,0.4,RF-005
46,65,exposure,E,63,Anachorètes,0.4,RF-005
46,66,exposure,E,64,Anachorètes,0.4,RF-005
46,78,exposure,E,75,Colporteurs,0.4,RF-005
46,941,exposure,E,111,Iconoclastes,0.5916666666666667,PR-004
46,128,exposure,E,125,Iconoclastes,0.4,RF-005
46,280,exposure,E,131,Hérauts,0.4,RF-005
46,191,exposure,E,188,Scribes,0.4,RF-005
46,814,exposure,E,219,Hérauts,0.5916666666666667,PR-004
46,98,exposure,E,236,Hérauts,0.4,RF-005
46,291,exposure,E,288,Anachorètes,0.4,RF-005
46,866,exposure,E,293,Scribes,0.4,RF-005
46,296,exposure,E,295,Hérauts,0.4,RF-005
46,316,exposure,E,315,Hérauts,0.4,RF-005
46,340,exposure,E,338,Scribes,0.4,RF-005
46,353,exposure,E,350,Colporteurs,0.5916666666666667,PR-004
46,804,exposure,E,472,Anachorètes,0.5916666666666667,PR-004
46,482,exposure,E,479,Colporteurs,0.5916666666666667,PR-004
46,546,exposure,E,544,Hérauts,0.4,RF-005
46,557,exposure,E,556,Iconoclastes,0.5916666666666667,PR-004
46,562,exposure,E,560,Colporteurs,0.5916666666666667,PR-004
46,645,exposure,E,637,Colporteurs,0.5916666666666667,PR-004
46,171,exposure,E,638,Colporteurs,0.5916666666666667,PR-004
46,987,exposure,E,684,Scribes,0.4,RF-005
46,754,exposure,E,699,Iconoclastes,0.5916666666666667,PR-004
46,716,exposure,E,714,Hérauts,0.5916666666666667,PR-004
46,92,exposure,E,751,Anachorètes,0.4,RF-005
46,105,exposure,E,765,Iconoclastes,0.5916666666666667,PR-004
46,155,exposure,E,766,Hérauts,0.5916666666666667,PR-004
46,790,exposure,E,788,Scribes,0.4,RF-005
46,801,exposure,E,798,Anachorètes,0.4,RF-005
46,807,exposure,E,806,Hérauts,0.5916666666666667,PR-004
46,883,exposure,E,881,Hérauts,0.5916666666666667,PR-004
46,891,exposure,E,889,Colporteurs,0.4,RF-005
46,924,exposure,E,921,Scribes,0.4,RF-005
46,994,exposure,E,993,Anachorètes,0.5916666666666667,PR-004
46,469,disenchantment,R,-1,Colporteurs,0.5916666666666667,PR-004
46,527,disenchantment,R,-1,Anachorètes,0.5916666666666667,PR-004
46,550,disenchantment,R,-1,Hérauts,0.4,RF-005
46,556,disenchantment,R,-1,Colporteurs,0.5916666666666667,PR-004
46,748,disenchantment,R,-1,Colporteurs,0.4,RF-005
46,778,disenchantment,R,-1,Colporteurs,0.4,RF-005
46,856,disenchantment,R,-1,Iconoclastes,0.4,RF-005
46,947,disenchantment,R,-1,Scribes,0.5916666666666667,PR-004
47,47,exposure,E,44,Scribes,0.5916666666666667,PR-004
47,85,exposure,E,84,Scribes,0.4,RF-005
47,95,exposure,E,93,Colporteurs,0.5916666666666667,PR-004
47,983,exposure,E,113,Hérauts,0.5916666666666667,PR-004
47,361,exposure,E,187,Colporteurs,0.4,RF-005
47,190,exposure,E,189,Colporteurs,0.4,RF-005
47,194,exposure,E,192,Scribes,0.4,RF-005
47,831,exposure,E,208,Colporteurs,0.5916666666666667,PR-004
47,587,exposure,E,213,Colporteurs,0.4,RF-005
47,150,exposure,E,216,Hérauts,0.4,RF-005
47,425,exposure,E,219,Hérauts,0.5916666666666667,PR-004
47,223,exposure,E,222,Scribes,0.5916666666666667,PR-004
47,489,exposure,E,236,Hérauts,0.4,RF-005
47,251,exposure,E,249,Colporteurs,0.4,RF-005
47,273,exposure,E,272,Colporteurs,0.5916666666666667,PR-004
47,289,exposure,E,287,Colporteurs,0.4,RF-005
47,355,exposure,E,288,Scribes,0.4,RF-005
47,933,exposure,E,387,Hérauts,0.4,RF-005
47,395,exposure,E,393,Scribes,0.4,RF-005
47,411,exposure,E,408,Scribes,0.5916666666666667,PR-004
47,204,exposure,E,472,Scribes,0.5916666666666667,PR-004
47,494,exposure,E,493,Anachorètes,0.4,RF-005
47,613,exposure,E,612,Colporteurs,0.4,RF-005
47,680,exposure,E,677,Scribes,0.5916666666666667,PR-004
47,710,exposure,E,707,Anachorètes,0.5916666666666667,PR-004
47,371,exposure,E,711,Scribes,0.4,RF-005
47,820,exposure,E,718,Scribes,0.4,RF-005
47,740,exposure,E,737,Anachorètes,0.5916666666666667,PR-004
47,744,exposure,E,741,Scribes,0.5916666666666667,PR-004
47,743,exposure,E,742,Iconoclastes,0.4,RF-005
47,776,exposure,E,773,Hérauts,0.4,RF-005
47,785,exposure,E,784,Hérauts,0.4,RF-005
47,802,exposure,E,800,Scribes,0.4,RF-005
47,818,exposure,E,815,Iconoclastes,0.5916666666666667,PR-004
47,880,exposure,E,878,Colporteurs,0.5916666666666667,PR-004
47,326,exposure,E,884,Hérauts,0.4,RF-005
47,615,exposure,E,926,Hérauts,0.4,RF-005
47,971,exposure,E,970,Hérauts,0.5916666666666667,PR-004
47,991,exposure,E,989,Iconoclastes,0.5916666666666667,PR-004
47,35,disenchantment,R,-1,Scribes,0.4,RF-005
47,185,disenchantment,R,-1,Anachorètes,0.4,RF-005
47,259,disenchantment,R,-1,Iconoclastes,0.5916666666666667,PR-004
47,345,disenchantment,R,-1,Hérauts,0.5916666666666667,PR-004
47,373,disenchantment,R,-1,Iconoclastes,0.5916666666666667,PR-004
47,698,disenchantment,R,-1,Hérauts,0.5916666666666667,PR-004
47,970,disenchantment,R,-1,Scribes,0.5916666666666667,PR-004
48,27,exposure,E,25,Scribes,0.5916666666666667,PR-004
48,52,exposure,E,51,Hérauts,0.4,RF-005
48,87,exposure,E,84,Scribes,0.4,RF-005
48,106,exposure,E,105,Hérauts,0.5916666666666667,PR-004
48,172,exposure,E,170,Iconoclastes,0.5916666666666667,PR-004
48,398,exposure,E,191,Iconoclastes,0.4,RF-005
48,205,exposure,E,203,Anachorètes,0.5916666666666667,PR-004
48,214,exposure,E,211,Colporteurs,0.5916666666666667,PR-004
48,721,exposure,E,212,Iconoclastes,0.5916666666666667,PR-004
48,86,exposure,E,260,Scribes,0.5916666666666667,PR-004
48,317,exposure,E,315,Scribes,0.4,RF-005
48,388,exposure,E,387,Iconoclastes,0.4,RF-005
48,473,exposure,E,472,Anachorètes,0.5916666666666667,PR-004
48,480,exposure,E,477,Anachorètes,0.5916666666666667,PR-004
48,263,exposure,E,479,Anachorètes,0.5916666666666667,PR-004
48,770,exposure,E,503,Scribes,0.4,MV-003
48,604,exposure,E,601,Scribes,0.4,RF-005
48,622,exposure,E,621,Anachorètes,0.5916666666666667,PR-004
48,640,exposure,E,637,Anachorètes,0.5916666666666667,PR-004
48,671,exposure,E,668,Anachorètes,0.5916666666666667,PR-004
48,709,exposure,E,707,Anachorètes,0.5916666666666667,PR-004
48,728,exposure,E,725,Anachorètes,0.5916666666666667,PR-004
48,325,exposure,E,734,Hérauts,0.5916666666666667,PR-004
48,775,exposure,E,773,Iconoclastes,0.4,RF-005
48,793,exposure,E,790,Iconoclastes,0.4,RF-005
48,888,exposure,E,887,Scribes,0.4,RF-005
48,911,exposure,E,910,Colporteurs,0.4,RF-005
48,928,exposure,E,925,Hérauts,0.4,RF-005
48,929,exposure,E,927,Iconoclastes,0.4,RF-005
48,703,exposure,E,949,Colporteurs,0.5916666666666667,PR-004
48,424,exposure,E,963,Hérauts,0.5916666666666667,PR-004
48,966,exposure,E,965,Scribes,0.5916666666666667,PR-004
48,990,exposure,E,987,Hérauts,0.4,RF-005
48,995,exposure,E,993,Anachorètes,0.5916666666666667,PR-004
48,25,disenchantment,R,-1,Iconoclastes,0.5916666666666667,PR-004
48,80,disenchantment,R,-1,Hérauts,0.4,RF-005
48,92,disenchantment,R,-1,Anachorètes,0.4,RF-005
48,210,disenchantment,R,-1,Colporteurs,0.5916666666666667,PR-004
48,287,disenchantment,R,-1,Iconoclastes,0.4,RF-005
48,663,disenchantment,R,-1,Colporteurs,0.5916666666666667,PR-004
48,670,disenchantment,R,-1,Hérauts,0.4,RF-005
48,763,disenchantment,R,-1,Colporteurs,0.5916666666666667,PR-004
48,769,disenchantment,R,-1,Scribes,0.4,RF-005
48,806,disenchantment,R,-1,Colporteurs,0.5916666666666667,PR-004
48,807,disenchantment,R,-1,Hérauts,0.5916666666666667,PR-004
48,853,disenchantment,R,-1,Scribes,0.4,RF-005
48,961,disenchantment,R,-1,Hérauts,0.5916666666666667,PR-004
49,68,exposure,E,65,Scribes,0.4,RF-005
49,108,exposure,E,105,Hérauts,0.5916666666666667,PR-004
49,116,exposure,E,114,Hérauts,0.5916666666666667,PR-004
49,10,exposure,E,117,Iconoclastes,0.5916666666666667,PR-004
49,130,exposure,E,129,Anachorètes,0.5916666666666667,PR-004
49,152,exposure,E,150,Hérauts,0.4,RF-005
49,578,exposure,E,155,Anachorètes,0.5916666666666667,PR-004
49,173,exposure,E,170,Iconoclastes,0.5916666666666667,PR-004
49,196,exposure,E,194,Iconoclastes,0.4,RF-005
49,225,exposure,E,222,Colporteurs,0.5916666666666667,PR-004
49,608,exposure,E,236,Anachorètes,0.4,RF-005
49,690,exposure,E,280,Scribes,0.4,RF-005
49,297,exposure,E,295,Anachorètes,0.4,RF-005
49,299,exposure,E,296,Hérauts,0.4,RF-005
49,318,exposure,E,315,Hérauts,0.4,RF-005
49,319,exposure,E,316,Anachorètes,0.4,RF-005
49,328,exposure,E,326,Scribes,0.4,RF-005
49,351,exposure,E,348,Scribes,0.5916666666666667,PR-004
49,362,exposure,E,361,Colporteurs,0.4,RF-005
49,409,exposure,E,408,Colporteurs,0.5916666666666667,PR-004
49,426,exposure,E,425,Hérauts,0.5916666666666667,PR-004
49,455,exposure,E,467,Colporteurs,0.5916666666666667,PR-004
49,491,exposure,E,489,Anachorètes,0.4,RF-005
49,532,exposure,E,529,Iconoclastes,0.5916666666666667,PR-004
49,547,exposure,E,545,Iconoclastes,0.4,RF-005
49,589,exposure,E,587,Hérauts,0.4,RF-005
49,607,exposure,E,605,Scribes,0.5916666666666667,PR-004
49,614,exposure,E,612,Scribes,0.4,RF-005
49,38,exposure,E,613,Colporteurs,0.4,RF-005
49,719,exposure,E,716,Colporteurs,0.5916666666666667,PR-004
49,738,exposure,E,737,Scribes,0.5916666666666667,PR-004
49,407,exposure,E,741,Anachorètes,0.5916666666666667,PR-004
49,756,exposure,E,743,Hérauts,0.4,RF-005
49,786,exposure,E,784,Anachorètes,0.4,RF-005
49,787,exposure,E,785,Colporteurs,0.4,RF-005
49,895,exposure,E,801,Hérauts,0.4,RF-005
49,821,exposure,E,820,Scribes,0.4,RF-005
49,31,exposure,E,884,Scribes,0.4,RF-005
49,894,exposure,E,891,Anachorètes,0.4,RF-005
49,378,exposure,E,933,Scribes,0.4,RF-005
49,577,exposure,E,941,Scribes,0.5916666666666667,PR-004
49,946,exposure,E,945,Hérauts,0.4,RF-005
49,959,exposure,E,957,Colporteurs,0.5916666666666667,PR-004
49,964,exposure,E,963,Colporteurs,0.5916666666666667,PR-004
49,968,exposure,E,965,Anachorètes,0.5916666666666667,PR-004
49,973,exposure,E,971,Iconoclastes,0.5916666666666667,PR-004
49,992,exposure,E,991,Scribes,0.5916666666666667,PR-004
49,129,disenchantment,R,-1,Scribes,0.5916666666666667,PR-004
49,215,disenchantment,R,-1,Anachorètes,0.4,RF-005
49,250,disenchantment,R,-1,Anachorètes,0.4,RF-005
49,291,disenchantment,R,-1,Anachorètes,0.4,RF-005
49,326,disenchantment,R,-1,Hérauts,0.4,RF-005
49,350,disenchantment,R,-1,Colporteurs,0.5916666666666667,PR-004
49,355,disenchantment,R,-1,Scribes,0.4,RF-005
49,374,disenchantment,R,-1,Anachorètes,0.5916666666666667,PR-004
49,384,disenchantment,R,-1,Anachorètes,0.5916666666666667,PR-004
49,560,disenchantment,R,-1,Iconoclastes,0.5916666666666667,PR-004
49,621,disenchantment,R,-1,Colporteurs,0.5916666666666667,PR-004
49,630,disenchantment,R,-1,Colporteurs,0.4,RF-005
49,742,disenchantment,R,-1,Scribes,0.4,RF-005
49,761,disenchantment,R,-1,Iconoclastes,0.5916666666666667,PR-004
49,766,disenchantment,R,-1,Iconoclastes,0.5916666666666667,PR-004
49,805,disenchantment,R,-1,Iconoclastes,0.5916666666666667,PR-004
49,922,disenchantment,R,-1,Anachorètes,0.4,RF-005
50,43,exposure,E,42,Scribes,0.5916666666666667,PR-004
50,49,exposure,E,47,Iconoclastes,0.5916666666666667,PR-004
50,261,exposure,E,52,Scribes,0.4,RF-005
50,69,exposure,E,66,Iconoclastes,0.4,RF-005
50,96,exposure,E,93,Hérauts,0.5916666666666667,PR-004
50,101,exposure,E,98,Iconoclastes,0.4,RF-005
50,565,exposure,E,109,Hérauts,0.5916666666666667,PR-004
50,158,exposure,E,135,Scribes,0.4,RF-005
50,323,exposure,E,194,Anachorètes,0.4,RF-005
50,436,exposure,E,204,Scribes,0.5916666666666667,PR-004
50,996,exposure,E,223,Iconoclastes,0.5916666666666667,PR-004
50,252,exposure,E,249,Hérauts,0.4,RF-005
50,262,exposure,E,260,Anachorètes,0.5916666666666667,PR-004
50,264,exposure,E,263,Anachorètes,0.5916666666666667,PR-004
50,674,exposure,E,289,Hérauts,0.4,RF-005
50,298,exposure,E,295,Scribes,0.4,RF-005
50,457,exposure,E,317,Colporteurs,0.4,RF-005
50,484,exposure,E,325,Iconoclastes,0.5916666666666667,PR-004
50,349,exposure,E,346,Anachorètes,0.5916666666666667,PR-004
50,372,exposure,E,371,Hérauts,0.4,RF-005
50,397,exposure,E,395,Scribes,0.4,RF-005
50,487,exposure,E,398,Anachorètes,0.4,RF-005
50,412,exposure,E,411,Scribes,0.5916666666666667,PR-004
50,427,exposure,E,424,Iconoclastes,0.5916666666666667,PR-004
50,428,exposure,E,425,Iconoclastes,0.5916666666666667,PR-004
50,474,exposure,E,473,Scribes,0.5916666666666667,PR-004
50,481,exposure,E,480,Iconoclastes,0.5916666666666667,PR-004
50,483,exposure,E,482,Colporteurs,0.5916666666666667,PR-004
50,7,exposure,E,582,Anachorètes,0.5916666666666667,PR-004
50,606,exposure,E,605,Iconoclastes,0.5916666666666667,PR-004
50,624,exposure,E,622,Hérauts,0.5916666666666667,PR-004
50,639,exposure,E,638,Hérauts,0.5916666666666667,PR-004
50,672,exposure,E,671,Hérauts,0.5916666666666667,PR-004
50,706,exposure,E,703,Iconoclastes,0.5916666666666667,PR-004
50,1000,exposure,E,709,Anachorètes,0.5916666666666667,PR-004
50,717,exposure,E,714,Scribes,0.5916666666666667,PR-004
50,727,exposure,E,725,Iconoclastes,0.5916666666666667,PR-004
50,739,exposure,E,737,Iconoclastes,0.5916666666666667,PR-004
50,774,exposure,E,772,Hérauts,0.4,RF-005
50,779,exposure,E,776,Scribes,0.4,RF-005
50,890,exposure,E,889,Anachorètes,0.4,RF-005
50,893,exposure,E,891,Colporteurs,0.4,RF-005
50,676,exposure,E,925,Scribes,0.4,RF-005
50,967,exposure,E,966,Hérauts,0.5916666666666667,PR-004
50,52,disenchantment,R,-1,Hérauts,0.4,RF-005
50,63,disenchantment,R,-1,Hérauts,0.4,RF-005
50,64,disenchantment,R,-1,Anachorètes,0.4,RF-005
50,112,disenchantment,R,-1,Iconoclastes,0.5916666666666667,PR-004
50,113,disenchantment,R,-1,Hérauts,0.5916666666666667,PR-004
50,131,disenchantment,R,-1,Anachorètes,0.4,RF-005
50,212,disenchantment,R,-1,Iconoclastes,0.5916666666666667,PR-004
50,251,disenchantment,R,-1,Colporteurs,0.4,RF-005
50,332,disenchantment,R,-1,Scribes,0.4,RF-005
50,554,disenchantment,R,-1,Colporteurs,0.5916666666666667,PR-004
50,631,disenchantment,R,-1,Scribes,0.4,RF-005
50,829,disenchantment,R,-1,Hérauts,0.5916666666666667,PR-004
50,880,burnout,D,-1,Colporteurs,0,PR-004
50,960,disenchantment,R,-1,Scribes,0.5916666666666667,PR-004
51,11,exposure,E,10,Colporteurs,0.5916666666666667,PR-004
51,29,exposure,E,27,Hérauts,0.5916666666666667,PR-004
51,53,exposure,E,51,Colporteurs,0.4,RF-005
51,76,exposure,E,75,Hérauts,0.4,RF-005
51,79,exposure,E,78,Scribes,0.4,RF-005
51,153,exposure,E,150,Iconoclastes,0.4,RF-005
51,176,exposure,E,173,Hérauts,0.5916666666666667,PR-004
51,198,exposure,E,196,Anachorètes,0.4,RF-005
51,226,exposure,E,223,Anachorètes,0.5916666666666667,PR-004
51,275,exposure,E,272,Colporteurs,0.5916666666666667,PR-004
51,282,exposure,E,280,Iconoclastes,0.4,RF-005
51,290,exposure,E,289,Anachorètes,0.4,RF-005
51,300,exposure,E,299,Hérauts,0.4,RF-005
51,330,exposure,E,328,Iconoclastes,0.4,RF-005
51,356,exposure,E,353,Anachorètes,0.5916666666666667,PR-004
51,389,exposure,E,387,Hérauts,0.4,RF-005
51,401,exposure,E,399,Scribes,0.4,RF-005
51,420,exposure,E,418,Hérauts,0.4,MV-003
51,701,exposure,E,426,Iconoclastes,0.5916666666666667,PR-004
51,470,exposure,E,468,Scribes,0.5916666666666667,PR-004
51,579,exposure,E,577,Colporteurs,0.5916666666666667,PR-004
51,583,exposure,E,582,Colporteurs,0.5916666666666667,PR-004
51,161,exposure,E,587,Colporteurs,0.4,RF-005
51,791,exposure,E,615,Colporteurs,0.4,RF-005
51,673,exposure,E,671,Colporteurs,0.5916666666666667,PR-004
51,685,exposure,E,682,Colporteurs,0.4,RF-005
51,531,exposure,E,709,Colporteurs,0.5916666666666667,PR-004
51,715,exposure,E,712,Colporteurs,0.5916666666666667,PR-004
51,723,exposure,E,721,Scribes,0.5916666666666667,PR-004
51,747,exposure,E,744,Iconoclastes,0.5916666666666667,PR-004
51,237,exposure,E,756,Iconoclastes,0.4,RF-005
51,365,exposure,E,785,Hérauts,0.4,RF-005
51,789,exposure,E,786,Hérauts,0.4,RF-005
51,834,exposure,E,831,Hérauts,0.5916666666666667,PR-004
51,852,exposure,E,849,Colporteurs,0.4,RF-005
51,313,exposure,E,851,Hérauts,0.4,RF-005
51,495,exposure,E,859,Colporteurs,0.4,RF-005
51,876,exposure,E,875,Scribes,0.4,MV-003
51,882,exposure,E,881,Iconoclastes,0.5916666666666667,PR-004
51,592,exposure,E,929,Scribes,0.4,RF-005
51,942,exposure,E,940,Anachorètes,0.4,RF-005
51,969,exposure,E,968,Colporteurs,0.5916666666666667,PR-004
51,975,exposure,E,973,Anachorètes,0.5916666666666667,PR-004
51,988,exposure,E,986,Colporteurs,0.5916666666666667,PR-004
51,61,disenchantment,R,-1,Scribes,0.4,RF-005
51,120,disenchantment,R,-1,Scribes,0.4,RF-005
51,217,disenchantment,R,-1,Colporteurs,0.4,RF-005
51,260,disenchantment,R,-1,Iconoclastes,0.5916666666666667,PR-004
51,338,disenchantment,R,-1,Anachorètes,0.4,RF-005
51,377,disenchantment,R,-1,Hérauts,0.5916666666666667,PR-004
51,415,disenchantment,R,-1,Anachorètes,0.4,MV-003
51,667,disenchantment,R,-1,Anachorètes,0.5916666666666667,PR-004
51,830,disenchantment,R,-1,Anachorètes,0.5916666666666667,PR-004
51,915,disenchantment,R,-1,Colporteurs,0.5916666666666667,PR-004
51,928,disenchantment,R,-1,Hérauts,0.4,RF-005
51,933,disenchantment,R,-1,Hérauts,0.4,RF-005
51,946,disenchantment,R,-1,Hérauts,0.4,RF-005
51,971,disenchantment,R,-1,Hérauts,0.5916666666666667,PR-004
51,992,disenchantment,R,-1,Scribes,0.5916666666666667,PR-004
52,67,exposure,E,66,Anachorètes,0.4,RF-005
52,609,exposure,E,68,Scribes,0.4,RF-005
52,90,exposure,E,87,Hérauts,0.4,RF-005
52,115,exposure,E,114,Hérauts,0.5916666666666667,PR-004
52,126,exposure,E,125,Anachorètes,0.4,RF-005
52,138,exposure,E,135,Scribes,0.4,RF-005
52,174,exposure,E,171,Hérauts,0.5916666666666667,PR-004
52,265,exposure,E,263,Colporteurs,0.5916666666666667,PR-004
52,268,exposure,E,297,Iconoclastes,0.4,RF-005
52,320,exposure,E,319,Scribes,0.4,RF-005
52,324,exposure,E,323,Iconoclastes,0.4,RF-005
52,413,exposure,E,411,Anachorètes,0.5916666666666667,PR-004
52,414,exposure,E,412,Colporteurs,0.5916666666666667,PR-004
52,438,exposure,E,436,Hérauts,0.5916666666666667,PR-004
52,456,exposure,E,455,Iconoclastes,0.5916666666666667,PR-004
52,475,exposure,E,474,Colporteurs,0.5916666666666667,PR-004
52,179,exposure,E,480,Colporteurs,0.5916666666666667,PR-004
52,534,exposure,E,532,Scribes,0.5916666666666667,PR-004
52,567,exposure,E,565,Scribes,0.5916666666666667,PR-004
52,581,exposure,E,578,Iconoclastes,0.5916666666666667,PR-004
52,610,exposure,E,607,Iconoclastes,0.5916666666666667,PR-004
52,683,exposure,E,681,Scribes,0.4,RF-005
52,689,exposure,E,688,Hérauts,0.4,RF-005
52,704,exposure,E,703,Scribes,0.5916666666666667,PR-004
52,432,exposure,E,719,Hérauts,0.5916666666666667,PR-004
52,726,exposure,E,725,Scribes,0.5916666666666667,PR-004
52,642,exposure,E,744,Hérauts,0.5916666666666667,PR-004
52,303,exposure,E,793,Iconoclastes,0.4,RF-005
52,110,exposure,E,802,Iconoclastes,0.4,RF-005
52,817,exposure,E,814,Anachorètes,0.5916666666666667,PR-004
52,390,exposure,E,866,Hérauts,0.4,RF-005
52,892,exposure,E,891,Scribes,0.4,RF-005
52,896,exposure,E,894,Colporteurs,0.4,RF-005
52,898,exposure,E,895,Anachorètes,0.4,RF-005
52,930,exposure,E,927,Colporteurs,0.4,RF-005
52,943,exposure,E,929,Anachorètes,0.4,RF-005
52,998,exposure,E,995,Scribes,0.5916666666666667,PR-004
52,997,exposure,E,996,Colporteurs,0.5916666666666667,PR-004
52,4,disenchantment,R,-1,Colporteurs,0.4,MV-003
52,77,disenchantment,R,-1,Iconoclastes,0.4,RF-005
52,84,disenchantment,R,-1,Anachorètes,0.4,RF-005
52,182,disenchantment,R,-1,Hérauts,0.5916666666666667,PR-004
52,214,disenchantment,R,-1,Colporteurs,0.5916666666666667,PR-004
52,244,disenchantment,R,-1,Anachorètes,0.4,RF-005
52,299,disenchantment,R,-1,Hérauts,0.4,RF-005
52,491,disenchantment,R,-1,Anachorètes,0.4,RF-005
52,562,disenchantment,R,-1,Colporteurs,0.5916666666666667,PR-004
52,589,disenchantment,R,-1,Hérauts,0.4,RF-005
52,614,disenchantment,R,-1,Scribes,0.4,RF-005
52,634,disenchantment,R,-1,Hérauts,0.4,RF-005
52,669,disenchantment,R,-1,Anachorètes,0.4,RF-005
52,734,disenchantment,R,-1,Scribes,0.5916666666666667,PR-004
52,744,disenchantment,R,-1,Scribes,0.5916666666666667,PR-004
52,759,disenchantment,R,-1,Anachorètes,0.4,RF-005
52,776,disenchantment,R,-1,Hérauts,0.4,RF-005
52,879,disenchantment,R,-1,Colporteurs,0.5916666666666667,PR-004
52,883,disenchantment,R,-1,Hérauts,0.5916666666666667,PR-004
52,885,disenchantment,R,-1,Anachorètes,0.4,RF-005
52,913,disenchantment,R,-1,Scribes,0.4,RF-005
52,959,disenchantment,R,-1,Colporteurs,0.5916666666666667,PR-004
53,8,exposure,E,7,Hérauts,0.5916666666666667,PR-004
53,34,exposure,E,31,Colporteurs,0.4,RF-005
53,40,exposure,E,38,Hérauts,0.4,RF-005
53,55,exposure,E,53,Colporteurs,0.4,RF-005
53,71,exposure,E,68,Scribes,0.4,RF-005
53,89,exposure,E,86,Anachorètes,0.5916666666666667,PR-004
53,177,exposure,E,176,Scribes,0.5916666666666667,PR-004
53,394,exposure,E,196,Iconoclastes,0.4,RF-005
53,199,exposure,E,198,Colporteurs,0.4,RF-005
53,561,exposure,E,226,Hérauts,0.5916666666666667,PR-004
53,247,exposure,E,246,Anachorètes,0.4,RF-005
53,335,exposure,E,262,Scribes,0.5916666666666667,PR-004
53,301,exposure,E,300,Colporteurs,0.4,RF-005
53,321,exposure,E,319,Colporteurs,0.4,RF-005
53,368,exposure,E,365,Colporteurs,0.4,RF-005
53,391,exposure,E,389,Iconoclastes,0.4,RF-005
53,400,exposure,E,398,Anachorètes,0.4,RF-005
53,423,exposure,E,422,Colporteurs,0.4,RF-005
53,429,exposure,E,426,Iconoclastes,0.5916666666666667,PR-004
53,437,exposure,E,436,Anachorètes,0.5916666666666667,PR-004
53,471,exposure,E,470,Colporteurs,0.5916666666666667,PR-004
53,476,exposure,E,474,Hérauts,0.5916666666666667,PR-004
53,486,exposure,E,484,Scribes,0.5916666666666667,PR-004
53,488,exposure,E,487,Hérauts,0.4,RF-005
53,548,exposure,E,547,Scribes,0.4,RF-005
53,580,exposure,E,577,Scribes,0.5916666666666667,PR-004
53,593,exposure,E,592,Scribes,0.4,RF-005
53,369,exposure,E,606,Colporteurs,0.5916666666666667,PR-004
53,616,exposure,E,613,Anachorètes,0.4,RF-005
53,617,exposure,E,633,Hérauts,0.4,RF-005
53,692,exposure,E,635,Anachorètes,0.5916666666666667,PR-004
53,647,exposure,E,645,Scribes,0.5916666666666667,PR-004
53,678,exposure,E,676,Hérauts,0.4,RF-005
53,691,exposure,E,690,Colporteurs,0.4,RF-005
53,720,exposure,E,717,Iconoclastes,0.5916666666666667,PR-004
53,746,exposure,E,738,Iconoclastes,0.5916666666666667,PR-004
53,757,exposure,E,754,Iconoclastes,0.5916666666666667,PR-004
53,794,exposure,E,793,Anachorètes,0.4,RF-005
53,799,exposure,E,798,Anachorètes,0.4,RF-005
53,585,exposure,E,802,Hérauts,0.4,RF-005
53,824,exposure,E,821,Hérauts,0.4,RF-005
53,837,exposure,E,834,Anachorètes,0.5916666666666667,PR-004
53,899,exposure,E,963,Iconoclastes,0.5916666666666667,PR-004
53,42,disenchantment,R,-1,Iconoclastes,0.5916666666666667,PR-004
53,108,disenchantment,R,-1,Hérauts,0.5916666666666667,PR-004
53,316,disenchantment,R,-1,Hérauts,0.4,RF-005
53,348,disenchantment,R,-1,Iconoclastes,0.5916666666666667,PR-004
53,478,disenchantment,R,-1,Iconoclastes,0.5916666666666667,PR-004
53,481,disenchantment,R,-1,Iconoclastes,0.5916666666666667,PR-004
53,547,disenchantment,R,-1,Iconoclastes,0.4,RF-005
53,557,burnout,D,-1,Iconoclastes,0,PR-004
53,640,disenchantment,R,-1,Anachorètes,0.5916666666666667,PR-004
53,712,disenchantment,R,-1,Iconoclastes,0.5916666666666667,PR-004
53,714,disenchantment,R,-1,Colporteurs,0.5916666666666667,PR-004
53,719,disenchantment,R,-1,Colporteurs,0.5916666666666667,PR-004
53,765,disenchantment,R,-1,Colporteurs,0.5916666666666667,PR-004
53,812,disenchantment,R,-1,Colporteurs,0.5916666666666667,PR-004
53,881,disenchantment,R,-1,Anachorètes,0.5916666666666667,PR-004
53,882,disenchantment,R,-1,Iconoclastes,0.5916666666666667,PR-004
53,920,disenchantment,R,-1,Iconoclastes,0.4,RF-005
53,944,disenchantment,R,-1,Iconoclastes,0.5916666666666667,PR-004
53,954,disenchantment,R,-1,Scribes,0.5916666666666667,PR-004
54,386,exposure,E,79,Scribes,0.4,RF-005
54,156,exposure,E,153,Hérauts,0.4,RF-005
54,175,exposure,E,172,Hérauts,0.5916666666666667,PR-004
54,197,exposure,E,196,Anachorètes,0.4,RF-005
54,228,exposure,E,225,Scribes,0.5916666666666667,PR-004
54,627,exposure,E,265,Scribes,0.5916666666666667,PR-004
54,269,exposure,E,268,Anachorètes,0.4,RF-005
54,277,exposure,E,275,Colporteurs,0.5916666666666667,PR-004
54,305,exposure,E,303,Anachorètes,0.4,RF-005
54,327,exposure,E,324,Anachorètes,0.4,RF-005
54,449,exposure,E,356,Anachorètes,0.5916666666666667,PR-004
54,897,exposure,E,408,Colporteurs,0.5916666666666667,PR-004
54,416,exposure,E,413,Hérauts,0.5916666666666667,PR-004
54,333,exposure,E,427,Anachorètes,0.5916666666666667,PR-004
54,433,exposure,E,432,Iconoclastes,0.5916666666666667,PR-004
54,440,exposure,E,438,Iconoclastes,0.5916666666666667,PR-004
54,354,exposure,E,534,Hérauts,0.5916666666666667,PR-004
54,566,exposure,E,565,Scribes,0.5916666666666667,PR-004
54,611,exposure,E,609,Iconoclastes,0.4,RF-005
54,641,exposure,E,639,Anachorètes,0.5916666666666667,PR-004
54,644,exposure,E,642,Scribes,0.5916666666666667,PR-004
54,648,exposure,E,645,Iconoclastes,0.5916666666666667,PR-004
54,675,exposure,E,672,Scribes,0.5916666666666667,PR-004
54,686,exposure,E,683,Colporteurs,0.4,RF-005
54,180,exposure,E,685,Colporteurs,0.4,RF-005
54,860,exposure,E,723,Anachorètes,0.5916666666666667,PR-004
54,752,exposure,E,751,Colporteurs,0.4,RF-005
54,823,exposure,E,820,Iconoclastes,0.4,RF-005
54,835,exposure,E,834,Hérauts,0.5916666666666667,PR-004
54,861,exposure,E,859,Hérauts,0.4,RF-005
54,958,exposure,E,955,Hérauts,0.5916666666666667,PR-004
54,977,exposure,E,975,Iconoclastes,0.5916666666666667,PR-004
54,570,exposure,E,996,Scribes,0.5916666666666667,PR-004
54,8,burnout,D,-1,Hérauts,0,PR-004
54,187,burnout,D,-1,Anachorètes,0,RF-005
54,190,disenchantment,R,-1,Colporteurs,0.4,RF-005
54,296,disenchantment,R,-1,Hérauts,0.4,RF-005
54,500,disenchantment,R,-1,Colporteurs,0.4,MV-003
54,756,disenchantment,R,-1,Hérauts,0.4,RF-005
54,783,disenchantment,R,-1,Anachorètes,0.4,RF-005
54,787,disenchantment,R,-1,Colporteurs,0.4,RF-005
54,793,disenchantment,R,-1,Iconoclastes,0.4,RF-005
54,930,disenchantment,R,-1,Colporteurs,0.4,RF-005
54,948,disenchantment,R,-1,Anachorètes,0.4,RF-005
55,41,exposure,E,38,Colporteurs,0.4,RF-005
55,50,exposure,E,47,Scribes,0.5916666666666667,PR-004
55,74,exposure,E,71,Hérauts,0.4,RF-005
55,118,exposure,E,117,Iconoclastes,0.5916666666666667,PR-004
55,132,exposure,E,130,Hérauts,0.5916666666666667,PR-004
55,136,exposure,E,135,Iconoclastes,0.4,RF-005
55,151,exposure,E,150,Scribes,0.4,RF-005
55,178,exposure,E,176,Iconoclastes,0.5916666666666667,PR-004
55,224,exposure,E,223,Hérauts,0.5916666666666667,PR-004
55,392,exposure,E,321,Anachorètes,0.4,RF-005
55,509,exposure,E,351,Anachorètes,0.5916666666666667,PR-004
55,907,exposure,E,352,Colporteurs,0.5916666666666667,PR-004
55,402,exposure,E,400,Colporteurs,0.4,RF-005
55,403,exposure,E,401,Colporteurs,0.4,RF-005
55,417,exposure,E,414,Hérauts,0.5916666666666667,PR-004
55,435,exposure,E,432,Hérauts,0.5916666666666667,PR-004
55,505,exposure,E,503,Scribes,0.4,MV-003
55,533,exposure,E,532,Colporteurs,0.5916666666666667,PR-004
55,535,exposure,E,534,Hérauts,0.5916666666666667,PR-004
55,595,exposure,E,592,Colporteurs,0.4,RF-005
55,603,exposure,E,602,Scribes,0.5916666666666667,PR-004
55,619,exposure,E,617,Anachorètes,0.4,RF-005
55,694,exposure,E,692,Anachorètes,0.5916666666666667,PR-004
55,705,exposure,E,704,Anachorètes,0.5916666666666667,PR-004
55,539,exposure,E,707,Colporteurs,0.5916666666666667,PR-004
55,745,exposure,E,743,Scribes,0.4,RF-005
55,904,exposure,E,757,Hérauts,0.5916666666666667,PR-004
55,796,exposure,E,794,Hérauts,0.4,RF-005
55,536,exposure,E,800,Scribes,0.4,RF-005
55,819,exposure,E,818,Colporteurs,0.5916666666666667,PR-004
55,902,exposure,E,899,Hérauts,0.5916666666666667,PR-004
55,978,exposure,E,975,Hérauts,0.5916666666666667,PR-004
55,230,exposure,E,990,Iconoclastes,0.4,RF-005
55,999,exposure,E,997,Anachorètes,0.5916666666666667,PR-004
55,38,disenchantment,R,-1,Colporteurs,0.4,RF-005
55,44,disenchantment,R,-1,Scribes,0.5916666666666667,PR-004
55,114,disenchantment,R,-1,Colporteurs,0.5916666666666667,PR-004
55,167,disenchantment,R,-1,Colporteurs,0.5916666666666667,PR-004
55,171,disenchantment,R,-1,Colporteurs,0.5916666666666667,PR-004
55,216,disenchantment,R,-1,Iconoclastes,0.4,RF-005
55,249,disenchantment,R,-1,Hérauts,0.4,RF-005
55,290,disenchantment,R,-1,Anachorètes,0.4,RF-005
55,313,disenchantment,R,-1,Hérauts,0.4,RF-005
55,388,disenchantment,R,-1,Iconoclastes,0.4,RF-005
55,390,disenchantment,R,-1,Hérauts,0.4,RF-005
55,391,disenchantment,R,-1,Iconoclastes,0.4,RF-005
55,397,disenchantment,R,-1,Scribes,0.4,RF-005
55,411,disenchantment,R,-1,Scribes,0.5916666666666667,PR-004
55,436,disenchantment,R,-1,Scribes,0.5916666666666667,PR-004
55,476,disenchantment,R,-1,Hérauts,0.5916666666666667,PR-004
55,482,disenchantment,R,-1,Colporteurs,0.5916666666666667,PR-004
55,502,disenchantment,R,-1,Colporteurs,0.4,MV-003
55,647,disenchantment,R,-1,Scribes,0.5916666666666667,PR-004
55,706,disenchantment,R,-1,Iconoclastes,0.5916666666666667,PR-004
55,707,disenchantment,R,-1,Anachorètes,0.5916666666666667,PR-004
55,725,disenchantment,R,-1,Colporteurs,0.5916666666666667,PR-004
55,754,disenchantment,R,-1,Iconoclastes,0.5916666666666667,PR-004
55,815,disenchantment,R,-1,Scribes,0.5916666666666667,PR-004
55,832,disenchantment,R,-1,Hérauts,0.5916666666666667,PR-004
55,917,disenchantment,R,-1,Anachorètes,0.4,RF-005
55,973,disenchantment,R,-1,Iconoclastes,0.5916666666666667,PR-004
56,12,exposure,E,10,Colporteurs,0.5916666666666667,PR-004
56,144,exposure,E,34,Iconoclastes,0.4,RF-005
56,127,exposure,E,126,Scribes,0.4,RF-005
56,133,exposure,E,130,Iconoclastes,0.5916666666666667,PR-004
56,202,exposure,E,199,Iconoclastes,0.4,RF-005
56,227,exposure,E,225,Anachorètes,0.5916666666666667,PR-004
56,102,exposure,E,228,Scribes,0.5916666666666667,PR-004
56,360,exposure,E,243,Iconoclastes,0.4,RF-005
56,304,exposure,E,301,Hérauts,0.4,RF-005
56,239,exposure,E,335,Anachorètes,0.5916666666666667,PR-004
56,586,exposure,E,368,Scribes,0.4,RF-005
56,410,exposure,E,407,Scribes,0.5916666666666667,PR-004
56,419,exposure,E,418,Anachorètes,0.4,MV-003
56,441,exposure,E,438,Iconoclastes,0.5916666666666667,PR-004
56,873,exposure,E,483,Anachorètes,0.5916666666666667,PR-004
56,367,exposure,E,484,Scribes,0.5916666666666667,PR-004
56,498,exposure,E,495,Colporteurs,0.4,RF-005
56,514,exposure,E,616,Iconoclastes,0.4,RF-005
56,626,exposure,E,624,Iconoclastes,0.5916666666666667,PR-004
56,628,exposure,E,627,Anachorètes,0.5916666666666667,PR-004
56,643,exposure,E,642,Scribes,0.5916666666666667,PR-004
56,724,exposure,E,721,Hérauts,0.5916666666666667,PR-004
56,972,exposure,E,747,Iconoclastes,0.5916666666666667,PR-004
56,781,exposure,E,780,Colporteurs,0.4,RF-005
56,797,exposure,E,794,Hérauts,0.4,RF-005
56,868,exposure,E,866,Iconoclastes,0.4,RF-005
56,901,exposure,E,899,Scribes,0.5916666666666667,PR-004
56,31,disenchantment,R,-1,Scribes,0.4,RF-005
56,47,disenchantment,R,-1,Scribes,0.5916666666666667,PR-004
56,59,disenchantment,R,-1,Iconoclastes,0.5916666666666667,PR-004
56,67,disenchantment,R,-1,Anachorètes,0.4,RF-005
56,85,disenchantment,R,-1,Scribes,0.4,RF-005
56,132,burnout,D,-1,Hérauts,0,PR-004
56,189,disenchantment,R,-1,Hérauts,0.4,RF-005
56,204,disenchantment,R,-1,Scribes,0.5916666666666667,PR-004
56,237,disenchantment,R,-1,Iconoclastes,0.4,RF-005
56,293,disenchantment,R,-1,Hérauts,0.4,RF-005
56,395,disenchantment,R,-1,Scribes,0.4,RF-005
56,418,disenchantment,R,-1,Iconoclastes,0.4,MV-003
56,420,disenchantment,R,-1,Hérauts,0.4,MV-003
56,424,disenchantment,R,-1,Hérauts,0.5916666666666667,PR-004
56,425,burnout,D,-1,Hérauts,0,PR-004
56,437,disenchantment,R,-1,Anachorètes,0.5916666666666667,PR-004
56,559,disenchantment,R,-1,Hérauts,0.5916666666666667,PR-004
56,592,disenchantment,R,-1,Scribes,0.4,RF-005
56,616,disenchantment,R,-1,Anachorètes,0.4,RF-005
56,676,disenchantment,R,-1,Scribes,0.4,RF-005
56,684,disenchantment,R,-1,Anachorètes,0.4,RF-005
56,701,disenchantment,R,-1,Iconoclastes,0.5916666666666667,PR-004
56,723,disenchantment,R,-1,Scribes,0.5916666666666667,PR-004
56,894,disenchantment,R,-1,Anachorètes,0.4,RF-005
56,912,disenchantment,R,-1,Hérauts,0.4,RF-005
56,927,disenchantment,R,-1,Hérauts,0.4,RF-005
56,966,disenchantment,R,-1,Scribes,0.5916666666666667,PR-004
56,988,disenchantment,R,-1,Colporteurs,0.5916666666666667,PR-004
57,981,exposure,E,40,Iconoclastes,0.4,RF-005
57,72,exposure,E,69,Anachorètes,0.4,RF-005
57,94,exposure,E,93,Iconoclastes,0.5916666666666667,PR-004
57,104,exposure,E,101,Iconoclastes,0.4,RF-005
57,870,exposure,E,177,Hérauts,0.5916666666666667,PR-004
57,200,exposure,E,198,Hérauts,0.4,RF-005
57,982,exposure,E,230,Scribes,0.4,RF-005
57,276,exposure,E,273,Colporteurs,0.5916666666666667,PR-004
57,302,exposure,E,301,Anachorètes,0.4,RF-005
57,308,exposure,E,305,Colporteurs,0.4,RF-005
57,329,exposure,E,328,Anachorètes,0.4,RF-005
57,700,exposure,E,386,Iconoclastes,0.4,RF-005
57,404,exposure,E,403,Hérauts,0.4,RF-005
57,370,exposure,E,409,Iconoclastes,0.5916666666666667,PR-004
57,934,exposure,E,489,Scribes,0.4,RF-005
57,659,exposure,E,501,Scribes,0.4,MV-003
57,542,exposure,E,539,Colporteurs,0.5916666666666667,PR-004
57,658,exposure,E,567,Hérauts,0.5916666666666667,PR-004
57,584,exposure,E,581,Scribes,0.5916666666666667,PR-004
57,596,exposure,E,595,Anachorètes,0.4,RF-005
57,618,exposure,E,617,Hérauts,0.4,RF-005
57,693,exposure,E,690,Anachorètes,0.4,RF-005
57,311,exposure,E,752,Colporteurs,0.4,RF-005
57,836,exposure,E,834,Colporteurs,0.5916666666666667,PR-004
57,980,exposure,E,978,Hérauts,0.5916666666666667,PR-004
57,7,disenchantment,R,-1,Anachorètes,0.5916666666666667,PR-004
57,29,disenchantment,R,-1,Hérauts,0.5916666666666667,PR-004
57,34,disenchantment,R,-1,Colporteurs,0.4,RF-005
57,106,disenchantment,R,-1,Hérauts,0.5916666666666667,PR-004
57,194,disenchantment,R,-1,Scribes,0.4,RF-005
57,230,disenchantment,R,-1,Iconoclastes,0.4,RF-005
57,242,disenchantment,R,-1,Scribes,0.4,RF-005
57,275,disenchantment,R,-1,Colporteurs,0.5916666666666667,PR-004
57,336,disenchantment,R,-1,Hérauts,0.4,RF-005
57,387,disenchantment,R,-1,Anachorètes,0.4,RF-005
57,565,disenchantment,R,-1,Hérauts,0.5916666666666667,PR-004
57,582,disenchantment,R,-1,Colporteurs,0.5916666666666667,PR-004
57,639,burnout,D,-1,Hérauts,0,PR-004
57,692,disenchantment,R,-1,Anachorètes,0.5916666666666667,PR-004
57,709,disenchantment,R,-1,Anachorètes,0.5916666666666667,PR-004
57,741,disenchantment,R,-1,Iconoclastes,0.5916666666666667,PR-004
57,802,disenchantment,R,-1,Scribes,0.4,RF-005
57,817,disenchantment,R,-1,Anachorètes,0.5916666666666667,PR-004
57,893,disenchantment,R,-1,Colporteurs,0.4,RF-005
57,967,disenchantment,R,-1,Hérauts,0.5916666666666667,PR-004
57,977,disenchantment,R,-1,Iconoclastes,0.5916666666666667,PR-004
58,15,exposure,E,12,Anachorètes,0.5916666666666667,PR-004
58,229,exposure,E,227,Hérauts,0.5916666666666667,PR-004
58,822,exposure,E,321,Iconoclastes,0.4,RF-005
58,331,exposure,E,330,Iconoclastes,0.4,RF-005
58,363,exposure,E,361,Anachorètes,0.4,RF-005
58,844,exposure,E,410,Scribes,0.5916666666666667,PR-004
58,729,exposure,E,427,Colporteurs,0.5916666666666667,PR-004
58,434,exposure,E,433,Hérauts,0.5916666666666667,PR-004
58,460,exposure,E,457,Scribes,0.4,RF-005
58,492,exposure,E,490,Colporteurs,0.4,RF-005
58,511,exposure,E,509,Iconoclastes,0.5916666666666667,PR-004
58,516,exposure,E,514,Colporteurs,0.4,RF-005
58,625,exposure,E,624,Hérauts,0.5916666666666667,PR-004
58,722,exposure,E,720,Scribes,0.5916666666666667,PR-004
58,750,exposure,E,749,Colporteurs,0.4,RF-005
58,840,exposure,E,837,Colporteurs,0.5916666666666667,PR-004
58,905,exposure,E,902,Iconoclastes,0.5916666666666667,PR-004
58,869,exposure,E,972,Colporteurs,0.5916666666666667,PR-004
58,979,exposure,E,978,Iconoclastes,0.5916666666666667,PR-004
58,69,disenchantment,R,-1,Iconoclastes,0.4,RF-005
58,117,disenchantment,R,-1,Hérauts,0.5916666666666667,PR-004
58,165,disenchantment,R,-1,Colporteurs,0.4,RF-005
58,177,disenchantment,R,-1,Scribes,0.5916666666666667,PR-004
58,186,disenchantment,R,-1,Colporteurs,0.4,RF-005
58,263,disenchantment,R,-1,Anachorètes,0.5916666666666667,PR-004
58,300,disenchantment,R,-1,Hérauts,0.4,RF-005
58,344,disenchantment,R,-1,Colporteurs,0.5916666666666667,PR-004
58,347,disenchantment,R,-1,Hérauts,0.5916666666666667,PR-004
58,349,disenchantment,R,-1,Anachorètes,0.5916666666666667,PR-004
58,400,disenchantment,R,-1,Anachorètes,0.4,RF-005
58,408,burnout,D,-1,Iconoclastes,0,PR-004
58,449,disenchantment,R,-1,Anachorètes,0.5916666666666667,PR-004
58,532,disenchantment,R,-1,Iconoclastes,0.5916666666666667,PR-004
58,608,disenchantment,R,-1,Anachorètes,0.4,RF-005
58,637,disenchantment,R,-1,Scribes,0.5916666666666667,PR-004
58,691,disenchantment,R,-1,Colporteurs,0.4,RF-005
58,697,burnout,D,-1,Colporteurs,0,PR-004
58,717,disenchantment,R,-1,Scribes,0.5916666666666667,PR-004
58,739,disenchantment,R,-1,Iconoclastes,0.5916666666666667,PR-004
58,834,disenchantment,R,-1,Hérauts,0.5916666666666667,PR-004
58,949,disenchantment,R,-1,Colporteurs,0.5916666666666667,PR-004
59,294,exposure,E,110,Hérauts,0.4,RF-005
59,445,exposure,E,265,Scribes,0.5916666666666667,PR-004
59,271,exposure,E,268,Hérauts,0.4,RF-005
59,278,exposure,E,276,Colporteurs,0.5916666666666667,PR-004
59,13,exposure,E,308,Colporteurs,0.4,RF-005
59,322,exposure,E,320,Colporteurs,0.4,RF-005
59,357,exposure,E,356,Anachorètes,0.5916666666666667,PR-004
59,867,exposure,E,360,Colporteurs,0.4,RF-005
59,442,exposure,E,440,Anachorètes,0.5916666666666667,PR-004
59,510,exposure,E,509,Iconoclastes,0.5916666666666667,PR-004
59,515,exposure,E,514,Iconoclastes,0.4,RF-005
59,537,exposure,E,534,Iconoclastes,0.5916666666666667,PR-004
59,543,exposure,E,542,Colporteurs,0.5916666666666667,PR-004
59,564,exposure,E,561,Iconoclastes,0.5916666666666667,PR-004
59,620,exposure,E,617,Iconoclastes,0.4,RF-005
59,646,exposure,E,644,Anachorètes,0.5916666666666667,PR-004
59,660,exposure,E,658,Anachorètes,0.5916666666666667,PR-004
59,708,exposure,E,705,Scribes,0.5916666666666667,PR-004
59,753,exposure,E,752,Anachorètes,0.4,RF-005
59,760,exposure,E,757,Iconoclastes,0.5916666666666667,PR-004
59,795,exposure,E,794,Colporteurs,0.4,RF-005
59,900,exposure,E,899,Scribes,0.5916666666666667,PR-004
59,906,exposure,E,904,Scribes,0.5916666666666667,PR-004
59,935,exposure,E,934,Hérauts,0.4,RF-005
59,984,exposure,E,982,Colporteurs,0.4,RF-005
59,40,disenchantment,R,-1,Hérauts,0.4,RF-005
59,72,disenchantment,R,-1,Anachorètes,0.4,RF-005
59,82,burnout,D,-1,Scribes,0,RF-005
59,130,disenchantment,R,-1,Anachorètes,0.5916666666666667,PR-004
59,155,disenchantment,R,-1,Hérauts,0.5916666666666667,PR-004
59,168,disenchantment,R,-1,Colporteurs,0.4,RF-005
59,180,disenchantment,R,-1,Colporteurs,0.4,RF-005
59,184,disenchantment,R,-1,Colporteurs,0.4,RF-005
59,265,disenchantment,R,-1,Colporteurs,0.5916666666666667,PR-004
59,295,disenchantment,R,-1,Anachorètes,0.4,RF-005
59,301,disenchantment,R,-1,Colporteurs,0.4,RF-005
59,324,disenchantment,R,-1,Iconoclastes,0.4,RF-005
59,327,disenchantment,R,-1,Anachorètes,0.4,RF-005
59,329,disenchantment,R,-1,Anachorètes,0.4,RF-005
59,440,disenchantment,R,-1,Iconoclastes,0.5916666666666667,PR-004
59,468,disenchantment,R,-1,Anachorètes,0.5916666666666667,PR-004
59,509,disenchantment,R,-1,Anachorètes,0.5916666666666667,PR-004
59,585,disenchantment,R,-1,Hérauts,0.4,RF-005
59,593,disenchantment,R,-1,Scribes,0.4,RF-005
59,644,disenchantment,R,-1,Scribes,0.5916666666666667,PR-004
59,737,disenchantment,R,-1,Scribes,0.5916666666666667,PR-004
59,789,disenchantment,R,-1,Hérauts,0.4,RF-005
59,799,disenchantment,R,-1,Anachorètes,0.4,RF-005
59,953,disenchantment,R,-1,Hérauts,0.5916666666666667,PR-004
59,999,disenchantment,R,-1,Anachorètes,0.5916666666666667,PR-004
60,88,exposure,E,87,Colporteurs,0.4,RF-005
60,139,exposure,E,138,Iconoclastes,0.4,RF-005
60,145,exposure,E,144,Scribes,0.4,RF-005
60,231,exposure,E,229,Iconoclastes,0.5916666666666667,PR-004
60,381,exposure,E,269,Iconoclastes,0.4,RF-005
60,279,exposure,E,276,Anachorètes,0.5916666666666667,PR-004
60,334,exposure,E,331,Anachorètes,0.4,RF-005
60,341,exposure,E,340,Iconoclastes,0.4,RF-005
60,463,exposure,E,360,Scribes,0.4,RF-005
60,405,exposure,E,402,Scribes,0.4,RF-005
60,444,exposure,E,441,Iconoclastes,0.5916666666666667,PR-004
60,461,exposure,E,460,Colporteurs,0.4,RF-005
60,518,exposure,E,516,Colporteurs,0.4,RF-005
60,538,exposure,E,536,Hérauts,0.4,RF-005
60,540,exposure,E,539,Colporteurs,0.5916666666666667,PR-004
60,598,exposure,E,595,Hérauts,0.4,RF-005
60,839,exposure,E,836,Scribes,0.5916666666666667,PR-004
60,872,exposure,E,869,Scribes,0.5916666666666667,PR-004
60,931,exposure,E,929,Anachorètes,0.4,RF-005
60,60,disenchantment,R,-1,Colporteurs,0.4,RF-005
60,90,disenchantment,R,-1,Hérauts,0.4,RF-005
60,128,burnout,D,-1,Iconoclastes,0,RF-005
60,198,disenchantment,R,-1,Anachorètes,0.4,RF-005
60,376,disenchantment,R,-1,Iconoclastes,0.5916666666666667,PR-004
60,410,disenchantment,R,-1,Scribes,0.5916666666666667,PR-004
60,416,disenchantment,R,-1,Hérauts,0.5916666666666667,PR-004
60,473,disenchantment,R,-1,Anachorètes,0.5916666666666667,PR-004
60,489,disenchantment,R,-1,Hérauts,0.4,RF-005
60,587,disenchantment,R,-1,Colporteurs,0.4,RF-005
60,610,disenchantment,R,-1,Iconoclastes,0.5916666666666667,PR-004
60,780,disenchantment,R,-1,Iconoclastes,0.4,RF-005
60,797,disenchantment,R,-1,Hérauts,0.4,RF-005
60,837,disenchantment,R,-1,Anachorètes,0.5916666666666667,PR-004
60,943,disenchantment,R,-1,Anachorètes,0.4,RF-005
60,945,disenchantment,R,-1,Anachorètes,0.4,RF-005
60,978,disenchantment,R,-1,Hérauts,0.5916666666666667,PR-004
60,982,disenchantment,R,-1,Scribes,0.4,RF-005
61,99,exposure,E,96,Iconoclastes,0.5916666666666667,PR-004
61,159,exposure,E,156,Scribes,0.4,RF-005
61,270,exposure,E,268,Anachorètes,0.4,RF-005
61,285,exposure,E,282,Colporteurs,0.4,RF-005
61,833,exposure,E,311,Anachorètes,0.4,RF-005
61,21,exposure,E,360,Iconoclastes,0.4,RF-005
61,459,exposure,E,456,Iconoclastes,0.5916666666666667,PR-004
61,458,exposure,E,457,Colporteurs,0.4,RF-005
61,508,exposure,E,505,Colporteurs,0.4,MV-003
61,512,exposure,E,511,Iconoclastes,0.5916666666666667,PR-004
61,696,exposure,E,693,Scribes,0.4,RF-005
61,762,exposure,E,760,Iconoclastes,0.5916666666666667,PR-004
61,36,exposure,E,823,Iconoclastes,0.4,RF-005
61,874,exposure,E,873,Iconoclastes,0.5916666666666667,PR-004
61,30,disenchantment,R,-1,Iconoclastes,0.4,RF-005
61,133,disenchantment,R,-1,Iconoclastes,0.5916666666666667,PR-004
61,220,disenchantment,R,-1,Colporteurs,0.5916666666666667,PR-004
61,268,disenchantment,R,-1,Iconoclastes,0.4,RF-005
61,315,disenchantment,R,-1,Colporteurs,0.4,RF-005
61,417,disenchantment,R,-1,Hérauts,0.5916666666666667,PR-004
61,620,disenchantment,R,-1,Iconoclastes,0.4,RF-005
61,730,disenchantment,R,-1,Colporteurs,0.5916666666666667,PR-004
61,743,disenchantment,R,-1,Iconoclastes,0.4,RF-005
61,747,disenchantment,R,-1,Iconoclastes,0.5916666666666667,PR-004
61,836,disenchantment,R,-1,Colporteurs,0.5916666666666667,PR-004
61,844,disenchantment,R,-1,Scribes,0.5916666666666667,PR-004
61,873,disenchantment,R,-1,Anachorètes,0.5916666666666667,PR-004
61,983,disenchantment,R,-1,Hérauts,0.5916666666666667,PR-004
62,17,exposure,E,15,Iconoclastes,0.5916666666666667,PR-004
62,838,exposure,E,104,Anachorètes,0.4,RF-005
62,141,exposure,E,139,Scribes,0.4,RF-005
62,146,exposure,E,144,Scribes,0.4,RF-005
62,234,exposure,E,231,Colporteurs,0.5916666666666667,PR-004
62,310,exposure,E,341,Colporteurs,0.4,RF-005
62,358,exposure,E,357,Scribes,0.5916666666666667,PR-004
62,364,exposure,E,363,Anachorètes,0.4,RF-005
62,383,exposure,E,381,Scribes,0.4,RF-005
62,406,exposure,E,403,Anachorètes,0.4,RF-005
62,513,exposure,E,511,Colporteurs,0.5916666666666667,PR-004
62,519,exposure,E,518,Iconoclastes,0.4,RF-005
62,558,exposure,E,555,Hérauts,0.4,RF-005
62,569,exposure,E,567,Anachorètes,0.5916666666666667,PR-004
62,597,exposure,E,643,Anachorètes,0.5916666666666667,PR-004
62,937,exposure,E,934,Hérauts,0.4,RF-005
62,936,exposure,E,935,Iconoclastes,0.4,RF-005
62,78,disenchantment,R,-1,Colporteurs,0.4,RF-005
62,95,disenchantment,R,-1,Colporteurs,0.5916666666666667,PR-004
62,115,disenchantment,R,-1,Hérauts,0.5916666666666667,PR-004
62,144,disenchantment,R,-1,Iconoclastes,0.4,RF-005
62,197,disenchantment,R,-1,Anachorètes,0.4,RF-005
62,203,disenchantment,R,-1,Colporteurs,0.5916666666666667,PR-004
62,226,disenchantment,R,-1,Anachorètes,0.5916666666666667,PR-004
62,292,disenchantment,R,-1,Iconoclastes,0.4,RF-005
62,351,disenchantment,R,-1,Scribes,0.5916666666666667,PR-004
62,378,disenchantment,R,-1,Scribes,0.4,RF-005
62,514,disenchantment,R,-1,Iconoclastes,0.4,RF-005
62,609,disenchantment,R,-1,Scribes,0.4,RF-005
62,622,disenchantment,R,-1,Anachorètes,0.5916666666666667,PR-004
62,635,disenchantment,R,-1,Hérauts,0.5916666666666667,PR-004
62,645,disenchantment,R,-1,Colporteurs,0.5916666666666667,PR-004
62,668,disenchantment,R,-1,Iconoclastes,0.5916666666666667,PR-004
62,689,disenchantment,R,-1,Hérauts,0.4,RF-005
62,738,disenchantment,R,-1,Scribes,0.5916666666666667,PR-004
62,851,disenchantment,R,-1,Scribes,0.4,RF-005
62,888,disenchantment,R,-1,Scribes,0.4,RF-005
62,900,disenchantment,R,-1,Scribes,0.5916666666666667,PR-004
62,901,disenchantment,R,-1,Scribes,0.5916666666666667,PR-004
62,940,disenchantment,R,-1,Colporteurs,0.4,RF-005
62,986,disenchantment,R,-1,Scribes,0.5916666666666667,PR-004
62,994,disenchantment,R,-1,Anachorètes,0.5916666666666667,PR-004
63,848,exposure,E,12,Anachorètes,0.5916666666666667,PR-004
63,571,exposure,E,74,Scribes,0.4,RF-005
63,842,exposure,E,99,Anachorètes,0.5916666666666667,PR-004
63,147,exposure,E,145,Iconoclastes,0.4,RF-005
63,382,exposure,E,381,Iconoclastes,0.4,RF-005
63,430,exposure,E,429,Anachorètes,0.5916666666666667,PR-004
63,517,exposure,E,516,Iconoclastes,0.4,RF-005
63,974,exposure,E,564,Hérauts,0.5916666666666667,PR-004
63,649,exposure,E,648,Scribes,0.5916666666666667,PR-004
63,985,exposure,E,984,Anachorètes,0.4,RF-005
63,12,disenchantment,R,-1,Colporteurs,0.5916666666666667,PR-004
63,123,disenchantment,R,-1,Colporteurs,0.4,RF-005
63,277,disenchantment,R,-1,Colporteurs,0.5916666666666667,PR-004
63,322,disenchantment,R,-1,Colporteurs,0.4,RF-005
63,331,disenchantment,R,-1,Iconoclastes,0.4,RF-005
63,386,disenchantment,R,-1,Scribes,0.4,RF-005
63,405,disenchantment,R,-1,Scribes,0.4,RF-005
63,456,disenchantment,R,-1,Iconoclastes,0.5916666666666667,PR-004
63,493,disenchantment,R,-1,Iconoclastes,0.4,RF-005
63,545,disenchantment,R,-1,Scribes,0.4,RF-005
63,566,disenchantment,R,-1,Scribes,0.5916666666666667,PR-004
63,685,disenchantment,R,-1,Colporteurs,0.4,RF-005
63,784,disenchantment,R,-1,Iconoclastes,0.4,RF-005
63,785,disenchantment,R,-1,Hérauts,0.4,RF-005
63,788,disenchantment,R,-1,Scribes,0.4,RF-005
63,809,disenchantment,R,-1,Hérauts,0.5916666666666667,PR-004
63,859,disenchantment,R,-1,Hérauts,0.4,RF-005
63,887,disenchantment,R,-1,Scribes,0.4,RF-005
63,891,disenchantment,R,-1,Colporteurs,0.4,RF-005
63,904,disenchantment,R,-1,Hérauts,0.5916666666666667,PR-004
64,28,exposure,E,27,Iconoclastes,0.5916666666666667,PR-004
64,148,exposure,E,146,Scribes,0.4,RF-005
64,233,exposure,E,231,Iconoclastes,0.5916666666666667,PR-004
64,281,exposure,E,279,Colporteurs,0.5916666666666667,PR-004
64,366,exposure,E,363,Iconoclastes,0.4,RF-005
64,453,exposure,E,404,Iconoclastes,0.4,RF-005
64,443,exposure,E,442,Hérauts,0.5916666666666667,PR-004
64,464,exposure,E,461,Iconoclastes,0.4,RF-005
64,871,exposure,E,868,Iconoclastes,0.4,RF-005
64,976,exposure,E,975,Anachorètes,0.5916666666666667,PR-004
64,111,disenchantment,R,-1,Iconoclastes,0.5916666666666667,PR-004
64,145,disenchantment,R,-1,Scribes,0.4,RF-005
64,152,disenchantment,R,-1,Hérauts,0.4,RF-005
64,273,disenchantment,R,-1,Colporteurs,0.5916666666666667,PR-004
64,294,disenchantment,R,-1,Hérauts,0.4,RF-005
64,308,disenchantment,R,-1,Colporteurs,0.4,RF-005
64,536,disenchantment,R,-1,Scribes,0.4,RF-005
64,540,disenchantment,R,-1,Colporteurs,0.5916666666666667,PR-004
64,569,disenchantment,R,-1,Anachorètes,0.5916666666666667,PR-004
64,612,disenchantment,R,-1,Scribes,0.4,RF-005
64,751,disenchantment,R,-1,Colporteurs,0.4,RF-005
64,770,disenchantment,R,-1,Scribes,0.4,MV-003
64,840,disenchantment,R,-1,Colporteurs,0.5916666666666667,PR-004
64,852,disenchantment,R,-1,Colporteurs,0.4,RF-005
64,869,disenchantment,R,-1,Colporteurs,0.5916666666666667,PR-004
64,874,disenchantment,R,-1,Iconoclastes,0.5916666666666667,PR-004
64,899,burnout,D,-1,Iconoclastes,0,PR-004
64,931,disenchantment,R,-1,Anachorètes,0.4,RF-005
64,995,disenchantment,R,-1,Anachorètes,0.5916666666666667,PR-004
65,16,exposure,E,15,Scribes,0.5916666666666667,PR-004
65,20,exposure,E,17,Iconoclastes,0.5916666666666667,PR-004
65,37,exposure,E,36,Iconoclastes,0.4,RF-005
65,149,exposure,E,146,Hérauts,0.4,RF-005
65,160,exposure,E,159,Anachorètes,0.4,RF-005
65,195,exposure,E,192,Iconoclastes,0.4,RF-005
65,235,exposure,E,234,Anachorètes,0.5916666666666667,PR-004
65,286,exposure,E,285,Scribes,0.4,RF-005
65,337,exposure,E,334,Scribes,0.4,RF-005
65,359,exposure,E,357,Colporteurs,0.5916666666666667,PR-004
65,385,exposure,E,382,Anachorètes,0.4,RF-005
65,447,exposure,E,445,Anachorètes,0.5916666666666667,PR-004
65,520,exposure,E,518,Hérauts,0.4,RF-005
65,521,exposure,E,519,Scribes,0.4,RF-005
65,573,exposure,E,571,Scribes,0.4,RF-005
65,652,exposure,E,649,Hérauts,0.5916666666666667,PR-004
65,903,exposure,E,902,Iconoclastes,0.5916666666666667,PR-004
65,938,exposure,E,936,Iconoclastes,0.4,RF-005
65,45,disenchantment,R,-1,Anachorètes,0.4,RF-005
65,218,disenchantment,R,-1,Anachorètes,0.5916666666666667,PR-004
65,245,disenchantment,R,-1,Anachorètes,0.4,RF-005
65,361,disenchantment,R,-1,Colporteurs,0.4,RF-005
65,396,disenchantment,R,-1,Hérauts,0.4,MV-003
65,488,disenchantment,R,-1,Hérauts,0.4,RF-005
65,515,disenchantment,R,-1,Iconoclastes,0.4,RF-005
65,541,disenchantment,R,-1,Anachorètes,0.4,RF-005
65,586,disenchantment,R,-1,Scribes,0.4,RF-005
65,646,disenchantment,R,-1,Anachorètes,0.5916666666666667,PR-004
65,801,disenchantment,R,-1,Anachorètes,0.4,RF-005
65,974,disenchantment,R,-1,Hérauts,0.5916666666666667,PR-004
66,137,exposure,E,136,Iconoclastes,0.4,RF-005
66,154,exposure,E,151,Hérauts,0.4,RF-005
66,232,exposure,E,231,Hérauts,0.5916666666666667,PR-004
66,307,exposure,E,304,Colporteurs,0.4,RF-005
66,439,exposure,E,438,Colporteurs,0.5916666666666667,PR-004
66,572,exposure,E,571,Anachorètes,0.4,RF-005
66,600,exposure,E,597,Hérauts,0.5916666666666667,PR-004
66,792,exposure,E,791,Anachorètes,0.4,RF-005
66,816,exposure,E,814,Anachorètes,0.5916666666666667,PR-004
66,147,disenchantment,R,-1,Iconoclastes,0.4,RF-005
66,150,disenchantment,R,-1,Hérauts,0.4,RF-005
66,164,disenchantment,R,-1,Scribes,0.5916666666666667,PR-004
66,233,disenchantment,R,-1,Iconoclastes,0.5916666666666667,PR-004
66,368,disenchantment,R,-1,Colporteurs,0.4,RF-005
66,369,disenchantment,R,-1,Colporteurs,0.5916666666666667,PR-004
66,577,burnout,D,-1,Scribes,0,PR-004
66,601,disenchantment,R,-1,Hérauts,0.4,RF-005
66,629,disenchantment,R,-1,Scribes,0.4,RF-005
66,715,disenchantment,R,-1,Colporteurs,0.5916666666666667,PR-004
66,750,disenchantment,R,-1,Colporteurs,0.4,RF-005
66,818,disenchantment,R,-1,Iconoclastes,0.5916666666666667,PR-004
66,819,disenchantment,R,-1,Colporteurs,0.5916666666666667,PR-004
66,867,disenchantment,R,-1,Colporteurs,0.4,RF-005
66,921,disenchantment,R,-1,Hérauts,0.4,RF-005
66,963,disenchantment,R,-1,Colporteurs,0.5916666666666667,PR-004
67,14,exposure,E,13,Hérauts,0.4,RF-005
67,23,exposure,E,21,Hérauts,0.4,RF-005
67,939,exposure,E,71,Colporteurs,0.4,RF-005
67,100,exposure,E,99,Scribes,0.5916666666666667,PR-004
67,431,exposure,E,430,Hérauts,0.5916666666666667,PR-004
67,845,exposure,E,519,Colporteurs,0.4,RF-005
67,576,exposure,E,573,Anachorètes,0.4,RF-005
67,695,exposure,E,694,Scribes,0.5916666666666667,PR-004
67,782,exposure,E,781,Colporteurs,0.4,RF-005
67,49,disenchantment,R,-1,Iconoclastes,0.5916666666666667,PR-004
67,139,disenchantment,R,-1,Iconoclastes,0.4,RF-005
67,174,disenchantment,R,-1,Hérauts,0.5916666666666667,PR-004
67,195,disenchantment,R,-1,Iconoclastes,0.4,RF-005
67,353,disenchantment,R,-1,Colporteurs,0.5916666666666667,PR-004
67,366,disenchantment,R,-1,Iconoclastes,0.4,RF-005
67,382,disenchantment,R,-1,Iconoclastes,0.4,RF-005
67,393,disenchantment,R,-1,Hérauts,0.4,RF-005
67,394,disenchantment,R,-1,Iconoclastes,0.4,RF-005
67,445,disenchantment,R,-1,Scribes,0.5916666666666667,PR-004
67,471,disenchantment,R,-1,Colporteurs,0.5916666666666667,PR-004
67,483,disenchantment,R,-1,Colporteurs,0.5916666666666667,PR-004
67,492,disenchantment,R,-1,Colporteurs,0.4,RF-005
67,511,disenchantment,R,-1,Iconoclastes,0.5916666666666667,PR-004
67,542,disenchantment,R,-1,Colporteurs,0.5916666666666667,PR-004
67,570,disenchantment,R,-1,Scribes,0.5916666666666667,PR-004
67,605,disenchantment,R,-1,Colporteurs,0.5916666666666667,PR-004
67,681,disenchantment,R,-1,Scribes,0.4,RF-005
67,718,disenchantment,R,-1,Hérauts,0.4,RF-005
67,753,disenchantment,R,-1,Anachorètes,0.4,RF-005
67,910,disenchantment,R,-1,Scribes,0.4,RF-005
67,958,disenchantment,R,-1,Hérauts,0.5916666666666667,PR-004
67,972,disenchantment,R,-1,Iconoclastes,0.5916666666666667,PR-004
68,19,exposure,E,17,Anachorètes,0.5916666666666667,PR-004
68,342,exposure,E,341,Scribes,0.4,RF-005
68,523,exposure,E,521,Colporteurs,0.4,RF-005
68,654,exposure,E,652,Scribes,0.5916666666666667,PR-004
68,192,disenchantment,R,-1,Colporteurs,0.4,RF-005
68,207,disenchantment,R,-1,Anachorètes,0.5916666666666667,PR-004
68,235,disenchantment,R,-1,Anachorètes,0.5916666666666667,PR-004
68,262,disenchantment,R,-1,Anachorètes,0.5916666666666667,PR-004
68,304,disenchantment,R,-1,Hérauts,0.4,RF-005
68,317,disenchantment,R,-1,Scribes,0.4,RF-005
68,447,disenchantment,R,-1,Anachorètes,0.5916666666666667,PR-004
68,457,disenchantment,R,-1,Colporteurs,0.4,RF-005
68,460,burnout,D,-1,Scribes,0,RF-005
68,484,disenchantment,R,-1,Iconoclastes,0.5916666666666667,PR-004
68,539,disenchantment,R,-1,Colporteurs,0.5916666666666667,PR-004
68,544,disenchantment,R,-1,Colporteurs,0.4,RF-005
68,553,disenchantment,R,-1,Scribes,0.4,RF-005
68,580,disenchantment,R,-1,Scribes,0.5916666666666667,PR-004
68,627,disenchantment,R,-1,Scribes,0.5916666666666667,PR-004
68,642,disenchantment,R,-1,Hérauts,0.5916666666666667,PR-004
68,659,disenchantment,R,-1,Scribes,0.4,MV-003
68,708,disenchantment,R,-1,Scribes,0.5916666666666667,PR-004
68,892,disenchantment,R,-1,Scribes,0.4,RF-005
68,942,disenchantment,R,-1,Anachorètes,0.4,RF-005
68,964,disenchantment,R,-1,Colporteurs,0.5916666666666667,PR-004
69,18,exposure,E,16,Iconoclastes,0.5916666666666667,PR-004
69,857,exposure,E,23,Colporteurs,0.4,RF-005
69,309,exposure,E,307,Hérauts,0.4,RF-005
69,504,exposure,E,501,Anachorètes,0.4,MV-003
69,651,exposure,E,648,Colporteurs,0.5916666666666667,PR-004
69,843,exposure,E,842,Anachorètes,0.5916666666666667,PR-004
69,846,exposure,E,845,Hérauts,0.4,RF-005
69,160,disenchantment,R,-1,Anachorètes,0.4,RF-005
69,247,disenchantment,R,-1,Anachorètes,0.4,RF-005
69,362,disenchantment,R,-1,Colporteurs,0.4,RF-005
69,389,disenchantment,R,-1,Hérauts,0.4,RF-005
69,409,disenchantment,R,-1,Colporteurs,0.5916666666666667,PR-004
69,412,disenchantment,R,-1,Scribes,0.5916666666666667,PR-004
69,423,disenchantment,R,-1,Colporteurs,0.4,RF-005
69,441,disenchantment,R,-1,Iconoclastes,0.5916666666666667,PR-004
69,534,disenchantment,R,-1,Scribes,0.5916666666666667,PR-004
69,535,disenchantment,R,-1,Hérauts,0.5916666666666667,PR-004
69,555,disenchantment,R,-1,Iconoclastes,0.4,RF-005
69,584,disenchantment,R,-1,Scribes,0.5916666666666667,PR-004
69,660,disenchantment,R,-1,Anachorètes,0.5916666666666667,PR-004
69,688,disenchantment,R,-1,Hérauts,0.4,RF-005
69,752,disenchantment,R,-1,Colporteurs,0.4,RF-005
69,774,disenchantment,R,-1,Hérauts,0.4,RF-005
69,779,disenchantment,R,-1,Scribes,0.4,RF-005
69,795,disenchantment,R,-1,Colporteurs,0.4,RF-005
70,24,exposure,E,23,Anachorètes,0.4,RF-005
70,103,exposure,E,101,Anachorètes,0.4,RF-005
70,462,exposure,E,461,Iconoclastes,0.4,RF-005
70,506,exposure,E,505,Hérauts,0.4,MV-003
70,522,exposure,E,520,Scribes,0.4,RF-005
70,702,exposure,E,700,Colporteurs,0.4,RF-005
70,908,exposure,E,906,Anachorètes,0.5916666666666667,PR-004
70,48,disenchantment,R,-1,Scribes,0.4,RF-005
70,161,disenchantment,R,-1,Colporteurs,0.4,RF-005
70,219,disenchantment,R,-1,Hérauts,0.5916666666666667,PR-004
70,225,disenchantment,R,-1,Colporteurs,0.5916666666666667,PR-004
70,269,disenchantment,R,-1,Anachorètes,0.4,RF-005
70,319,disenchantment,R,-1,Anachorètes,0.4,RF-005
70,321,disenchantment,R,-1,Colporteurs,0.4,RF-005
70,328,disenchantment,R,-1,Scribes,0.4,RF-005
70,429,disenchantment,R,-1,Iconoclastes,0.5916666666666667,PR-004
70,459,disenchantment,R,-1,Iconoclastes,0.5916666666666667,PR-004
70,494,disenchantment,R,-1,Anachorètes,0.4,RF-005
70,503,disenchantment,R,-1,Colporteurs,0.4,MV-003
70,561,disenchantment,R,-1,Hérauts,0.5916666666666667,PR-004
70,726,disenchantment,R,-1,Scribes,0.5916666666666667,PR-004
70,791,disenchantment,R,-1,Colporteurs,0.4,RF-005
70,798,disenchantment,R,-1,Colporteurs,0.4,RF-005
70,903,disenchantment,R,-1,Iconoclastes,0.5916666666666667,PR-004
70,938,disenchantment,R,-1,Iconoclastes,0.4,RF-005
70,951,disenchantment,R,-1,Anachorètes,0.4,RF-005
70,996,disenchantment,R,-1,Iconoclastes,0.5916666666666667,PR-004
71,22,exposure,E,20,Colporteurs,0.5916666666666667,PR-004
71,574,exposure,E,571,Colporteurs,0.4,RF-005
71,655,exposure,E,654,Anachorètes,0.5916666666666667,PR-004
71,847,exposure,E,846,Scribes,0.4,RF-005
71,862,exposure,E,860,Colporteurs,0.5916666666666667,PR-004
71,68,disenchantment,R,-1,Scribes,0.4,RF-005
71,88,disenchantment,R,-1,Colporteurs,0.4,RF-005
71,127,disenchantment,R,-1,Scribes,0.4,RF-005
71,153,disenchantment,R,-1,Iconoclastes,0.4,RF-005
71,175,disenchantment,R,-1,Hérauts,0.5916666666666667,PR-004
71,284,disenchantment,R,-1,Colporteurs,0.4,RF-005
71,286,disenchantment,R,-1,Scribes,0.4,RF-005
71,461,disenchantment,R,-1,Colporteurs,0.4,RF-005
71,464,disenchantment,R,-1,Iconoclastes,0.4,RF-005
71,549,disenchantment,R,-1,Hérauts,0.4,RF-005
71,611,disenchantment,R,-1,Iconoclastes,0.4,RF-005
71,674,disenchantment,R,-1,Hérauts,0.4,RF-005
71,699,disenchantment,R,-1,Anachorètes,0.5916666666666667,PR-004
71,762,disenchantment,R,-1,Iconoclastes,0.5916666666666667,PR-004
71,773,disenchantment,R,-1,Scribes,0.4,RF-005
71,952,disenchantment,R,-1,Colporteurs,0.4,RF-005
72,524,exposure,E,523,Hérauts,0.4,RF-005
72,653,exposure,E,652,Anachorètes,0.5916666666666667,PR-004
72,16,disenchantment,R,-1,Scribes,0.5916666666666667,PR-004
72,27,disenchantment,R,-1,Scribes,0.5916666666666667,PR-004
72,28,disenchantment,R,-1,Iconoclastes,0.5916666666666667,PR-004
72,335,disenchantment,R,-1,Scribes,0.5916666666666667,PR-004
72,422,disenchantment,R,-1,Iconoclastes,0.4,RF-005
72,455,disenchantment,R,-1,Colporteurs,0.5916666666666667,PR-004
72,458,disenchantment,R,-1,Colporteurs,0.4,RF-005
72,466,disenchantment,R,-1,Hérauts,0.5916666666666667,PR-004
72,472,disenchantment,R,-1,Colporteurs,0.5916666666666667,PR-004
72,479,disenchantment,R,-1,Anachorètes,0.5916666666666667,PR-004
72,522,disenchantment,R,-1,Scribes,0.4,RF-005
72,529,disenchantment,R,-1,Hérauts,0.5916666666666667,PR-004
72,537,disenchantment,R,-1,Iconoclastes,0.5916666666666667,PR-004
72,573,disenchantment,R,-1,Scribes,0.4,RF-005
72,597,disenchantment,R,-1,Anachorètes,0.5916666666666667,PR-004
72,711,disenchantment,R,-1,Scribes,0.4,RF-005
72,796,disenchantment,R,-1,Hérauts,0.4,RF-005
72,821,disenchantment,R,-1,Scribes,0.4,RF-005
72,857,disenchantment,R,-1,Colporteurs,0.4,RF-005
72,898,disenchantment,R,-1,Anachorètes,0.4,RF-005
72,981,disenchantment,R,-1,Iconoclastes,0.4,RF-005
73,312,exposure,E,310,Anachorètes,0.4,RF-005
73,14,disenchantment,R,-1,Hérauts,0.4,RF-005
73,118,disenchantment,R,-1,Iconoclastes,0.5916666666666667,PR-004
73,283,disenchantment,R,-1,Scribes,0.4,RF-005
73,352,disenchantment,R,-1,Colporteurs,0.5916666666666667,PR-004
73,375,disenchantment,R,-1,Scribes,0.5916666666666667,PR-004
73,413,disenchantment,R,-1,Anachorètes,0.5916666666666667,PR-004
73,426,burnout,D,-1,Hérauts,0,PR-004
73,613,disenchantment,R,-1,Colporteurs,0.4,RF-005
73,675,disenchantment,R,-1,Scribes,0.5916666666666667,PR-004
73,694,disenchantment,R,-1,Anachorètes,0.5916666666666667,PR-004
73,732,disenchantment,R,-1,Scribes,0.5916666666666667,PR-004
73,794,disenchantment,R,-1,Anachorètes,0.4,RF-005
73,858,disenchantment,R,-1,Anachorètes,0.5916666666666667,PR-004
73,914,disenchantment,R,-1,Scribes,0.5916666666666667,PR-004
73,957,disenchantment,R,-1,Anachorètes,0.5916666666666667,PR-004
73,962,disenchantment,R,-1,Anachorètes,0.5916666666666667,PR-004
74,454,exposure,E,453,Iconoclastes,0.4,RF-005
74,201,exposure,E,518,Colporteurs,0.4,RF-005
74,656,exposure,E,655,Anachorètes,0.5916666666666667,PR-004
74,23,disenchantment,R,-1,Hérauts,0.4,RF-005
74,36,disenchantment,R,-1,Iconoclastes,0.4,RF-005
74,50,disenchantment,R,-1,Scribes,0.5916666666666667,PR-004
74,96,disenchantment,R,-1,Hérauts,0.5916666666666667,PR-004
74,101,disenchantment,R,-1,Iconoclastes,0.4,RF-005
74,236,disenchantment,R,-1,Anachorètes,0.4,RF-005
74,346,disenchantment,R,-1,Hérauts,0.5916666666666667,PR-004
74,358,disenchantment,R,-1,Scribes,0.5916666666666667,PR-004
74,367,disenchantment,R,-1,Scribes,0.5916666666666667,PR-004
74,370,disenchantment,R,-1,Iconoclastes,0.5916666666666667,PR-004
74,463,disenchantment,R,-1,Scribes,0.4,RF-005
74,572,disenchantment,R,-1,Anachorètes,0.4,RF-005
74,596,disenchantment,R,-1,Anachorètes,0.4,RF-005
74,618,disenchantment,R,-1,Hérauts,0.4,RF-005
74,643,disenchantment,R,-1,Scribes,0.5916666666666667,PR-004
74,682,disenchantment,R,-1,Scribes,0.4,RF-005
74,716,disenchantment,R,-1,Hérauts,0.5916666666666667,PR-004
74,835,disenchantment,R,-1,Hérauts,0.5916666666666667,PR-004
74,868,disenchantment,R,-1,Iconoclastes,0.4,RF-005
74,993,disenchantment,R,-1,Hérauts,0.5916666666666667,PR-004
74,1000,disenchantment,R,-1,Anachorètes,0.5916666666666667,PR-004
75,13,disenchantment,R,-1,Colporteurs,0.4,RF-005
75,19,disenchantment,R,-1,Anachorètes,0.5916666666666667,PR-004
75,81,disenchantment,R,-1,Anachorètes,0.4,RF-005
75,125,disenchantment,R,-1,Anachorètes,0.4,RF-005
75,158,disenchantment,R,-1,Scribes,0.4,RF-005
75,307,disenchantment,R,-1,Colporteurs,0.4,RF-005
75,333,disenchantment,R,-1,Anachorètes,0.5916666666666667,PR-004
75,359,disenchantment,R,-1,Colporteurs,0.5916666666666667,PR-004
75,419,disenchantment,R,-1,Anachorètes,0.4,MV-003
75,438,disenchantment,R,-1,Hérauts,0.5916666666666667,PR-004
75,533,disenchantment,R,-1,Colporteurs,0.5916666666666667,PR-004
75,602,disenchantment,R,-1,Colporteurs,0.5916666666666667,PR-004
75,653,disenchantment,R,-1,Anachorètes,0.5916666666666667,PR-004
75,703,disenchantment,R,-1,Colporteurs,0.5916666666666667,PR-004
75,728,disenchantment,R,-1,Anachorètes,0.5916666666666667,PR-004
75,782,disenchantment,R,-1,Colporteurs,0.4,RF-005
75,810,disenchantment,R,-1,Colporteurs,0.5916666666666667,PR-004
75,843,disenchantment,R,-1,Anachorètes,0.5916666666666667,PR-004
75,846,disenchantment,R,-1,Hérauts,0.4,RF-005
75,848,disenchantment,R,-1,Anachorètes,0.5916666666666667,PR-004
75,849,disenchantment,R,-1,Iconoclastes,0.4,RF-005
75,939,disenchantment,R,-1,Colporteurs,0.4,RF-005
75,979,disenchantment,R,-1,Iconoclastes,0.5916666666666667,PR-004
76,157,exposure,E,41,Scribes,0.4,RF-005
76,140,exposure,E,137,Iconoclastes,0.4,RF-005
76,314,exposure,E,312,Anachorètes,0.4,RF-005
76,736,exposure,E,735,Hérauts,0.5916666666666667,PR-004
76,15,disenchantment,R,-1,Anachorètes,0.5916666666666667,PR-004
76,18,disenchantment,R,-1,Iconoclastes,0.5916666666666667,PR-004
76,66,disenchantment,R,-1,Anachorètes,0.4,RF-005
76,79,disenchantment,R,-1,Scribes,0.4,RF-005
76,93,disenchantment,R,-1,Anachorètes,0.5916666666666667,PR-004
76,98,disenchantment,R,-1,Hérauts,0.4,RF-005
76,154,disenchantment,R,-1,Hérauts,0.4,RF-005
76,298,disenchantment,R,-1,Scribes,0.4,RF-005
76,371,disenchantment,R,-1,Scribes,0.4,RF-005
76,442,disenchantment,R,-1,Anachorètes,0.5916666666666667,PR-004
76,531,disenchantment,R,-1,Colporteurs,0.5916666666666667,PR-004
76,599,disenchantment,R,-1,Scribes,0.5916666666666667,PR-004
76,666,disenchantment,R,-1,Scribes,0.4,RF-005
76,677,disenchantment,R,-1,Scribes,0.5916666666666667,PR-004
76,705,disenchantment,R,-1,Anachorètes,0.5916666666666667,PR-004
76,820,disenchantment,R,-1,Scribes,0.4,RF-005
76,866,disenchantment,R,-1,Scribes,0.4,RF-005
76,925,disenchantment,R,-1,Anachorètes,0.4,RF-005
77,526,exposure,E,524,Scribes,0.4,RF-005
77,575,exposure,E,574,Anachorètes,0.4,RF-005
77,657,exposure,E,655,Iconoclastes,0.5916666666666667,PR-004
77,53,disenchantment,R,-1,Colporteurs,0.4,RF-005
77,116,disenchantment,R,-1,Hérauts,0.5916666666666667,PR-004
77,206,disenchantment,R,-1,Anachorètes,0.5916666666666667,PR-004
77,281,disenchantment,R,-1,Colporteurs,0.5916666666666667,PR-004
77,330,disenchantment,R,-1,Iconoclastes,0.4,RF-005
77,341,disenchantment,R,-1,Iconoclastes,0.4,RF-005
77,365,disenchantment,R,-1,Hérauts,0.4,RF-005
77,392,disenchantment,R,-1,Anachorètes,0.4,RF-005
77,403,disenchantment,R,-1,Colporteurs,0.4,RF-005
77,433,disenchantment,R,-1,Iconoclastes,0.5916666666666667,PR-004
77,519,disenchantment,R,-1,Iconoclastes,0.4,RF-005
77,606,disenchantment,R,-1,Iconoclastes,0.5916666666666667,PR-004
77,624,disenchantment,R,-1,Hérauts,0.5916666666666667,PR-004
77,649,disenchantment,R,-1,Scribes,0.5916666666666667,PR-004
77,651,disenchantment,R,-1,Colporteurs,0.5916666666666667,PR-004
77,722,disenchantment,R,-1,Scribes,0.5916666666666667,PR-004
77,800,disenchantment,R,-1,Colporteurs,0.4,RF-005
77,845,disenchantment,R,-1,Colporteurs,0.4,RF-005
77,886,disenchantment,R,-1,Iconoclastes,0.4,RF-005
78,588,exposure,E,314,Anachorètes,0.4,RF-005
78,864,exposure,E,862,Colporteurs,0.5916666666666667,PR-004
78,11,disenchantment,R,-1,Colporteurs,0.5916666666666667,PR-004
78,173,disenchantment,R,-1,Iconoclastes,0.5916666666666667,PR-004
78,305,disenchantment,R,-1,Anachorètes,0.4,RF-005
78,354,disenchantment,R,-1,Hérauts,0.5916666666666667,PR-004
78,398,disenchantment,R,-1,Iconoclastes,0.4,RF-005
78,444,disenchantment,R,-1,Iconoclastes,0.5916666666666667,PR-004
78,510,disenchantment,R,-1,Iconoclastes,0.5916666666666667,PR-004
78,571,disenchantment,R,-1,Scribes,0.4,RF-005
78,617,disenchantment,R,-1,Hérauts,0.4,RF-005
78,625,disenchantment,R,-1,Hérauts,0.5916666666666667,PR-004
78,648,disenchantment,R,-1,Iconoclastes,0.5916666666666667,PR-004
78,702,disenchantment,R,-1,Colporteurs,0.4,RF-005
78,721,disenchantment,R,-1,Iconoclastes,0.5916666666666667,PR-004
78,816,disenchantment,R,-1,Anachorètes,0.5916666666666667,PR-004
78,850,disenchantment,R,-1,Scribes,0.4,RF-005
78,909,disenchantment,R,-1,Anachorètes,0.4,RF-005
78,997,disenchantment,R,-1,Colporteurs,0.5916666666666667,PR-004
79,37,disenchantment,R,-1,Iconoclastes,0.4,RF-005
79,289,disenchantment,R,-1,Colporteurs,0.4,RF-005
79,311,disenchantment,R,-1,Colporteurs,0.4,RF-005
79,312,disenchantment,R,-1,Anachorètes,0.4,RF-005
79,470,disenchantment,R,-1,Scribes,0.5916666666666667,PR-004
79,505,disenchantment,R,-1,Scribes,0.4,MV-003
79,538,disenchantment,R,-1,Hérauts,0.4,RF-005
79,558,disenchantment,R,-1,Hérauts,0.4,RF-005
79,735,disenchantment,R,-1,Scribes,0.5916666666666667,PR-004
79,745,disenchantment,R,-1,Scribes,0.4,RF-005
79,941,disenchantment,R,-1,Iconoclastes,0.5916666666666667,PR-004
80,142,exposure,E,141,Colporteurs,0.4,RF-005
80,266,exposure,E,264,Colporteurs,0.5916666666666667,PR-004
80,590,exposure,E,588,Anachorètes,0.4,RF-005
80,402,disenchantment,R,-1,Colporteurs,0.4,RF-005
80,428,disenchantment,R,-1,Iconoclastes,0.5916666666666667,PR-004
80,430,disenchantment,R,-1,Anachorètes,0.5916666666666667,PR-004
80,475,disenchantment,R,-1,Colporteurs,0.5916666666666667,PR-004
80,477,disenchantment,R,-1,Iconoclastes,0.5916666666666667,PR-004
80,864,disenchantment,R,-1,Colporteurs,0.5916666666666667,PR-004
80,902,disenchantment,R,-1,Hérauts,0.5916666666666667,PR-004
80,975,disenchantment,R,-1,Anachorètes,0.5916666666666667,PR-004
81,650,exposure,E,588,Iconoclastes,0.4,RF-005
81,10,disenchantment,R,-1,Iconoclastes,0.5916666666666667,PR-004
81,54,disenchantment,R,-1,Anachorètes,0.5916666666666667,PR-004
81,74,disenchantment,R,-1,Hérauts,0.4,RF-005
81,87,disenchantment,R,-1,Scribes,0.4,RF-005
81,205,disenchantment,R,-1,Anachorètes,0.5916666666666667,PR-004
81,285,disenchantment,R,-1,Colporteurs,0.4,RF-005
81,340,disenchantment,R,-1,Scribes,0.4,RF-005
81,704,disenchantment,R,-1,Scribes,0.5916666666666667,PR-004
81,965,disenchantment,R,-1,Anachorètes,0.5916666666666667,PR-004
82,267,exposure,E,266,Colporteurs,0.5916666666666667,PR-004
82,76,disenchantment,R,-1,Hérauts,0.4,RF-005
82,86,disenchantment,R,-1,Scribes,0.5916666666666667,PR-004
82,201,disenchantment,R,-1,Colporteurs,0.4,RF-005
82,229,disenchantment,R,-1,Hérauts,0.5916666666666667,PR-004
82,243,disenchantment,R,-1,Iconoclastes,0.4,RF-005
82,246,disenchantment,R,-1,Scribes,0.4,RF-005
82,279,disenchantment,R,-1,Anachorètes,0.5916666666666667,PR-004
82,297,disenchantment,R,-1,Anachorètes,0.4,RF-005
82,372,disenchantment,R,-1,Hérauts,0.4,RF-005
82,432,disenchantment,R,-1,Hérauts,0.5916666666666667,PR-004
82,474,disenchantment,R,-1,Scribes,0.5916666666666667,PR-004
82,480,disenchantment,R,-1,Anachorètes,0.5916666666666667,PR-004
82,513,disenchantment,R,-1,Colporteurs,0.5916666666666667,PR-004
82,727,disenchantment,R,-1,Iconoclastes,0.5916666666666667,PR-004
82,814,disenchantment,R,-1,Hérauts,0.5916666666666667,PR-004
82,831,disenchantment,R,-1,Colporteurs,0.5916666666666667,PR-004
82,860,disenchantment,R,-1,Anachorètes,0.5916666666666667,PR-004
82,936,disenchantment,R,-1,Iconoclastes,0.4,RF-005
83,75,disenchantment,R,-1,Hérauts,0.4,RF-005
83,222,disenchantment,R,-1,Iconoclastes,0.5916666666666667,PR-004
83,271,disenchantment,R,-1,Hérauts,0.4,RF-005
83,581,disenchantment,R,-1,Iconoclastes,0.5916666666666667,PR-004
83,636,disenchantment,R,-1,Anachorètes,0.4,RF-005
83,838,disenchantment,R,-1,Anachorètes,0.4,RF-005
84,26,exposure,E,24,Hérauts,0.4,RF-005
84,149,disenchantment,R,-1,Hérauts,0.4,RF-005
84,302,disenchantment,R,-1,Anachorètes,0.4,RF-005
84,360,disenchantment,R,-1,Iconoclastes,0.4,RF-005
84,407,disenchantment,R,-1,Anachorètes,0.5916666666666667,PR-004
84,499,disenchantment,R,-1,Colporteurs,0.4,MV-003
84,552,disenchantment,R,-1,Iconoclastes,0.4,RF-005
84,575,disenchantment,R,-1,Anachorètes,0.4,RF-005
84,578,disenchantment,R,-1,Anachorètes,0.5916666666666667,PR-004
84,657,disenchantment,R,-1,Iconoclastes,0.5916666666666667,PR-004
84,808,disenchantment,R,-1,Hérauts,0.5916666666666667,PR-004
84,872,disenchantment,R,-1,Scribes,0.5916666666666667,PR-004
84,878,disenchantment,R,-1,Iconoclastes,0.5916666666666667,PR-004
84,987,disenchantment,R,-1,Scribes,0.4,RF-005
85,191,disenchantment,R,-1,Scribes,0.4,RF-005
85,227,disenchantment,R,-1,Anachorètes,0.5916666666666667,PR-004
85,266,disenchantment,R,-1,Colporteurs,0.5916666666666667,PR-004
85,278,disenchantment,R,-1,Colporteurs,0.5916666666666667,PR-004
85,280,disenchantment,R,-1,Hérauts,0.4,RF-005
85,462,disenchantment,R,-1,Iconoclastes,0.4,RF-005
85,486,disenchantment,R,-1,Scribes,0.5916666666666667,PR-004
85,729,disenchantment,R,-1,Colporteurs,0.5916666666666667,PR-004
85,771,disenchantment,R,-1,Iconoclastes,0.4,RF-005
85,781,disenchantment,R,-1,Colporteurs,0.4,RF-005
85,875,disenchantment,R,-1,Colporteurs,0.4,MV-003
85,934,disenchantment,R,-1,Scribes,0.4,RF-005
85,990,disenchantment,R,-1,Hérauts,0.4,RF-005
86,55,disenchantment,R,-1,Colporteurs,0.4,RF-005
86,104,disenchantment,R,-1,Iconoclastes,0.4,RF-005
86,166,disenchantment,R,-1,Anachorètes,0.5916666666666667,PR-004
86,223,disenchantment,R,-1,Scribes,0.5916666666666667,PR-004
86,385,disenchantment,R,-1,Anachorètes,0.4,RF-005
86,404,disenchantment,R,-1,Hérauts,0.4,RF-005
86,521,disenchantment,R,-1,Scribes,0.4,RF-005
86,564,burnout,D,-1,Iconoclastes,0,PR-004
86,686,disenchantment,R,-1,Colporteurs,0.4,RF-005
86,824,disenchantment,R,-1,Hérauts,0.4,RF-005
86,911,disenchantment,R,-1,Colporteurs,0.4,RF-005
86,916,disenchantment,R,-1,Colporteurs,0.5916666666666667,PR-004
87,507,exposure,E,506,Scribes,0.4,MV-003
87,21,disenchantment,R,-1,Iconoclastes,0.4,RF-005
87,213,disenchantment,R,-1,Anachorètes,0.4,RF-005
87,435,disenchantment,R,-1,Hérauts,0.5916666666666667,PR-004
87,498,disenchantment,R,-1,Colporteurs,0.4,RF-005
87,516,disenchantment,R,-1,Colporteurs,0.4,RF-005
87,664,disenchantment,R,-1,Hérauts,0.4,RF-005
87,842,disenchantment,R,-1,Anachorètes,0.5916666666666667,PR-004
87,989,disenchantment,R,-1,Scribes,0.5916666666666667,PR-004
88,320,disenchantment,R,-1,Scribes,0.4,RF-005
88,490,disenchantment,R,-1,Hérauts,0.4,RF-005
88,517,disenchantment,R,-1,Iconoclastes,0.4,RF-005
88,803,disenchantment,R,-1,Anachorètes,0.5916666666666667,PR-004
89,151,disenchantment,R,-1,Scribes,0.4,RF-005
89,364,disenchantment,R,-1,Anachorètes,0.4,RF-005
89,506,disenchantment,R,-1,Hérauts,0.4,MV-003
89,567,disenchantment,R,-1,Scribes,0.5916666666666667,PR-004
89,598,disenchantment,R,-1,Hérauts,0.4,RF-005
89,693,disenchantment,R,-1,Anachorètes,0.4,RF-005
89,871,disenchantment,R,-1,Iconoclastes,0.4,RF-005
89,969,disenchantment,R,-1,Colporteurs,0.5916666666666667,PR-004
90,22,burnout,D,-1,Colporteurs,0,PR-004
90,107,disenchantment,R,-1,Iconoclastes,0.5916666666666667,PR-004
90,126,disenchantment,R,-1,Anachorètes,0.4,RF-005
90,303,disenchantment,R,-1,Iconoclastes,0.4,RF-005
90,626,disenchantment,R,-1,Iconoclastes,0.5916666666666667,PR-004
90,695,disenchantment,R,-1,Scribes,0.5916666666666667,PR-004
90,777,disenchantment,R,-1,Iconoclastes,0.4,RF-005
90,790,disenchantment,R,-1,Scribes,0.4,RF-005
90,822,disenchantment,R,-1,Iconoclastes,0.4,RF-005
90,839,disenchantment,R,-1,Scribes,0.5916666666666667,PR-004
90,897,disenchantment,R,-1,Colporteurs,0.5916666666666667,PR-004
90,956,disenchantment,R,-1,Hérauts,0.5916666666666667,PR-004
90,984,disenchantment,R,-1,Colporteurs,0.4,RF-005
91,148,disenchantment,R,-1,Scribes,0.4,RF-005
91,170,disenchantment,R,-1,Iconoclastes,0.5916666666666667,PR-004
91,172,disenchantment,R,-1,Iconoclastes,0.5916666666666667,PR-004
91,261,disenchantment,R,-1,Scribes,0.4,RF-005
91,337,disenchantment,R,-1,Scribes,0.4,RF-005
91,512,disenchantment,R,-1,Iconoclastes,0.5916666666666667,PR-004
91,588,disenchantment,R,-1,Anachorètes,0.4,RF-005
91,772,disenchantment,R,-1,Iconoclastes,0.4,RF-005
91,926,disenchantment,R,-1,Hérauts,0.4,RF-005
92,58,disenchantment,R,-1,Anachorètes,0.4,RF-005
92,520,disenchantment,R,-1,Hérauts,0.4,RF-005
92,650,disenchantment,R,-1,Iconoclastes,0.4,RF-005
92,690,disenchantment,R,-1,Scribes,0.4,RF-005
93,143,exposure,E,140,Iconoclastes,0.4,RF-005
93,863,exposure,E,861,Iconoclastes,0.4,RF-005
93,119,disenchantment,R,-1,Anachorètes,0.4,RF-005
93,136,disenchantment,R,-1,Iconoclastes,0.4,RF-005
93,224,disenchantment,R,-1,Hérauts,0.5916666666666667,PR-004
93,323,disenchantment,R,-1,Anachorètes,0.4,RF-005
93,524,disenchantment,R,-1,Hérauts,0.4,RF-005
93,890,disenchantment,R,-1,Anachorètes,0.4,RF-005
93,935,disenchantment,R,-1,Hérauts,0.4,RF-005
94,103,disenchantment,R,-1,Anachorètes,0.4,RF-005
94,211,disenchantment,R,-1,Iconoclastes,0.5916666666666667,PR-004
94,325,disenchantment,R,-1,Hérauts,0.5916666666666667,PR-004
94,495,disenchantment,R,-1,Colporteurs,0.4,RF-005
94,876,disenchantment,R,-1,Scribes,0.4,MV-003
95,65,disenchantment,R,-1,Anachorètes,0.4,RF-005
95,638,disenchantment,R,-1,Scribes,0.5916666666666667,PR-004
95,804,disenchantment,R,-1,Anachorètes,0.5916666666666667,PR-004
95,870,disenchantment,R,-1,Hérauts,0.5916666666666667,PR-004
96,97,exposure,E,94,Scribes,0.5916666666666667,PR-004
96,94,disenchantment,R,-1,Iconoclastes,0.5916666666666667,PR-004
96,159,disenchantment,R,-1,Scribes,0.4,RF-005
96,231,disenchantment,R,-1,Iconoclastes,0.5916666666666667,PR-004
96,234,disenchantment,R,-1,Colporteurs,0.5916666666666667,PR-004
96,968,disenchantment,R,-1,Anachorètes,0.5916666666666667,PR-004
97,51,disenchantment,R,-1,Hérauts,0.4,RF-005
97,232,disenchantment,R,-1,Hérauts,0.5916666666666667,PR-004
97,526,disenchantment,R,-1,Scribes,0.4,RF-005
97,576,disenchantment,R,-1,Anachorètes,0.4,RF-005
98,523,disenchantment,R,-1,Colporteurs,0.4,RF-005
98,861,disenchantment,R,-1,Hérauts,0.4,RF-005
98,889,disenchantment,R,-1,Iconoclastes,0.4,RF-005
99,105,disenchantment,R,-1,Iconoclastes,0.5916666666666667,PR-004
99,252,disenchantment,R,-1,Hérauts,0.4,RF-005
99,434,disenchantment,R,-1,Hérauts,0.5916666666666667,PR-004
99,600,disenchantment,R,-1,Hérauts,0.5916666666666667,PR-004
99,619,disenchantment,R,-1,Anachorètes,0.4,RF-005
99,746,disenchantment,R,-1,Iconoclastes,0.5916666666666667,PR-004
100,138,disenchantment,R,-1,Scribes,0.4,RF-005
100,543,disenchantment,R,-1,Colporteurs,0.5916666666666667,PR-004
101,71,disenchantment,R,-1,Scribes,0.4,RF-005
101,143,disenchantment,R,-1,Iconoclastes,0.4,RF-005
101,228,disenchantment,R,-1,Scribes,0.5916666666666667,PR-004
101,309,disenchantment,R,-1,Hérauts,0.4,RF-005
101,357,disenchantment,R,-1,Anachorètes,0.5916666666666667,PR-004
101,579,disenchantment,R,-1,Colporteurs,0.5916666666666667,PR-004
101,700,disenchantment,R,-1,Iconoclastes,0.4,RF-005
101,906,disenchantment,R,-1,Scribes,0.5916666666666667,PR-004
102,41,disenchantment,R,-1,Colporteurs,0.4,RF-005
102,200,disenchantment,R,-1,Hérauts,0.4,RF-005
102,414,disenchantment,R,-1,Colporteurs,0.5916666666666667,PR-004
102,465,disenchantment,R,-1,Hérauts,0.5916666666666667,PR-004
102,546,disenchantment,R,-1,Hérauts,0.4,RF-005
102,661,disenchantment,R,-1,Iconoclastes,0.4,RF-005
102,740,disenchantment,R,-1,Anachorètes,0.5916666666666667,PR-004
103,406,disenchantment,R,-1,Anachorètes,0.4,RF-005
103,548,disenchantment,R,-1,Scribes,0.4,RF-005
103,823,disenchantment,R,-1,Iconoclastes,0.4,RF-005
104,439,disenchantment,R,-1,Colporteurs,0.5916666666666667,PR-004
104,924,disenchantment,R,-1,Scribes,0.4,RF-005
104,937,disenchantment,R,-1,Hérauts,0.4,RF-005
104,980,disenchantment,R,-1,Hérauts,0.5916666666666667,PR-004
105,17,disenchantment,R,-1,Iconoclastes,0.5916666666666667,PR-004
105,102,disenchantment,R,-1,Scribes,0.5916666666666667,PR-004
105,141,disenchantment,R,-1,Scribes,0.4,RF-005
105,615,disenchantment,R,-1,Hérauts,0.4,RF-005
105,863,disenchantment,R,-1,Iconoclastes,0.4,RF-005
105,907,disenchantment,R,-1,Colporteurs,0.5916666666666667,PR-004
106,24,disenchantment,R,-1,Anachorètes,0.4,RF-005
106,272,disenchantment,R,-1,Scribes,0.5916666666666667,PR-004
106,518,disenchantment,R,-1,Colporteurs,0.4,RF-005
106,786,disenchantment,R,-1,Anachorètes,0.4,RF-005
106,896,disenchantment,R,-1,Colporteurs,0.4,RF-005
106,976,disenchantment,R,-1,Anachorètes,0.5916666666666667,PR-004
107,43,disenchantment,R,-1,Scribes,0.5916666666666667,PR-004
107,188,disenchantment,R,-1,Scribes,0.4,RF-005
107,590,disenchantment,R,-1,Anachorètes,0.4,RF-005
107,604,disenchantment,R,-1,Scribes,0.4,RF-005
107,672,disenchantment,R,-1,Hérauts,0.5916666666666667,PR-004
107,736,disenchantment,R,-1,Hérauts,0.5916666666666667,PR-004
107,760,disenchantment,R,-1,Iconoclastes,0.5916666666666667,PR-004
107,884,disenchantment,R,-1,Scribes,0.4,RF-005
108,62,disenchantment,R,-1,Colporteurs,0.5916666666666667,PR-004
108,267,disenchantment,R,-1,Colporteurs,0.5916666666666667,PR-004
109,142,disenchantment,R,-1,Colporteurs,0.4,RF-005
109,146,disenchantment,R,-1,Scribes,0.4,RF-005
109,683,disenchantment,R,-1,Scribes,0.4,RF-005
109,833,disenchantment,R,-1,Anachorètes,0.4,RF-005
110,89,disenchantment,R,-1,Anachorètes,0.5916666666666667,PR-004
110,99,disenchantment,R,-1,Iconoclastes,0.5916666666666667,PR-004
110,342,disenchantment,R,-1,Scribes,0.4,RF-005
111,20,disenchantment,R,-1,Iconoclastes,0.5916666666666667,PR-004
111,140,disenchantment,R,-1,Iconoclastes,0.4,RF-005
111,258,disenchantment,R,-1,Scribes,0.5916666666666667,PR-004
111,431,disenchantment,R,-1,Hérauts,0.5916666666666667,PR-004
111,731,disenchantment,R,-1,Iconoclastes,0.5916666666666667,PR-004
112,97,disenchantment,R,-1,Scribes,0.5916666666666667,PR-004
112,847,disenchantment,R,-1,Scribes,0.4,RF-005
113,383,disenchantment,R,-1,Scribes,0.4,RF-005
113,652,disenchantment,R,-1,Hérauts,0.5916666666666667,PR-004
113,654,disenchantment,R,-1,Scribes,0.5916666666666667,PR-004
113,720,disenchantment,R,-1,Iconoclastes,0.5916666666666667,PR-004
114,985,disenchantment,R,-1,Anachorètes,0.4,RF-005
115,178,disenchantment,R,-1,Iconoclastes,0.5916666666666667,PR-004
115,318,disenchantment,R,-1,Hérauts,0.4,RF-005
115,628,disenchantment,R,-1,Anachorètes,0.5916666666666667,PR-004
116,607,disenchantment,R,-1,Scribes,0.5916666666666667,PR-004
116,811,disenchantment,R,-1,Colporteurs,0.5916666666666667,PR-004
117,678,disenchantment,R,-1,Hérauts,0.4,MV-008
117,696,disenchantment,R,-1,Scribes,0.4,RF-005
118,179,disenchantment,R,-1,Colporteurs,0.5916666666666667,PR-004
118,196,disenchantment,R,-1,Iconoclastes,0.4,RF-005
118,202,disenchantment,R,-1,Iconoclastes,0.4,RF-005
118,288,disenchantment,R,-1,Colporteurs,0.4,RF-005
118,998,disenchantment,R,-1,Scribes,0.5916666666666667,PR-004
119,100,disenchantment,R,-1,Scribes,0.5916666666666667,PR-004
119,595,disenchantment,R,-1,Colporteurs,0.4,RF-005
119,673,disenchantment,R,-1,Colporteurs,0.5916666666666667,PR-004
120,157,disenchantment,R,-1,Scribes,0.4,RF-005
120,176,disenchantment,R,-1,Hérauts,0.5916666666666667,PR-004
120,363,disenchantment,R,-1,Anachorètes,0.4,RF-005
121,26,disenchantment,R,-1,Hérauts,0.4,RF-005
121,156,disenchantment,R,-1,Hérauts,0.4,RF-005
121,641,disenchantment,R,-1,Anachorètes,0.5916666666666667,PR-004
122,583,disenchantment,R,-1,Colporteurs,0.5916666666666667,PR-004
122,929,disenchantment,R,-1,Iconoclastes,0.4,RF-005
123,276,disenchantment,R,-1,Colporteurs,0.5916666666666667,PR-004
123,655,disenchantment,R,-1,Anachorètes,0.5916666666666667,PR-004
123,671,disenchantment,R,-1,Anachorètes,0.5916666666666667,PR-004
124,239,disenchantment,R,-1,Anachorètes,0.5916666666666667,PR-004
124,443,disenchantment,R,-1,Hérauts,0.5916666666666667,PR-004
125,282,disenchantment,R,-1,Iconoclastes,0.4,RF-005
125,905,disenchantment,R,-1,Iconoclastes,0.5916666666666667,PR-004
126,181,disenchantment,R,-1,Anachorètes,0.4,RF-005
126,199,disenchantment,R,-1,Colporteurs,0.4,RF-005
126,574,disenchantment,R,-1,Colporteurs,0.4,RF-005
127,314,disenchantment,R,-1,Anachorètes,0.4,RF-005
127,487,disenchantment,R,-1,Anachorètes,0.4,RF-005
128,862,disenchantment,R,-1,Colporteurs,0.5916666666666667,PR-004
129,656,disenchantment,R,-1,Anachorètes,0.4,MV-007
129,991,disenchantment,R,-1,Iconoclastes,0.5916666666666667,PR-004
130,270,disenchantment,R,-1,Anachorètes,0.4,RF-005
130,427,disenchantment,R,-1,Iconoclastes,0.5916666666666667,PR-004
131,724,disenchantment,R,-1,Hérauts,0.5916666666666667,PR-004
131,775,disenchantment,R,-1,Iconoclastes,0.4,RF-005
132,264,disenchantment,R,-1,Anachorètes,0.5916666666666667,PR-004
132,710,disenchantment,R,-1,Anachorètes,0.5916666666666667,PR-004
132,950,disenchantment,R,-1,Anachorètes,0.5916666666666667,PR-004
139,453,disenchantment,R,-1,Iconoclastes,0.4,RF-005
140,248,disenchantment,R,-1,Scribes,0.4,MV-011
140,955,disenchantment,R,-1,Scribes,0.4,MV-009
142,603,disenchantment,R,-1,Scribes,0.5916666666666667,PR-004
144,135,disenchantment,R,-1,Scribes,0.4,RF-005
144,381,disenchantment,R,-1,Iconoclastes,0.4,RF-005
145,110,disenchantment,R,-1,Iconoclastes,0.4,RF-005
146,633,disenchantment,R,-1,Anachorètes,0.4,RF-005
146,757,disenchantment,R,-1,Iconoclastes,0.4,MV-006
147,504,disenchantment,R,-1,Anachorètes,0.4,MV-003
148,401,disenchantment,R,-1,Scribes,0.4,RF-005
148,908,disenchantment,R,-1,Anachorètes,0.5916666666666667,PR-004
151,310,disenchantment,R,-1,Colporteurs,0.4,RF-005
153,454,disenchantment,R,-1,Iconoclastes,0.4,RF-005
154,334,disenchantment,R,-1,Anachorètes,0.4,RF-005
157,658,disenchantment,R,-1,Hérauts,0.5916666666666667,PR-004
163,137,disenchantment,R,-1,Iconoclastes,0.4,RF-005
163,665,disenchantment,R,-1,Scribes,0.5916666666666667,PR-004
164,792,disenchantment,R,-1,Anachorètes,0.4,RF-005
168,356,disenchantment,R,-1,Anachorètes,0.5916666666666667,PR-004
168,749,disenchantment,R,-1,Anachorètes,0.4,RF-005
171,680,disenchantment,R,-1,Scribes,0.4,MV-014
173,467,disenchantment,R,-1,Anachorètes,0.5916666666666667,PR-004
174,399,disenchantment,R,-1,Colporteurs,0.4,MV-015
175,208,disenchantment,R,-1,Colporteurs,0.5916666666666667,PR-004
184,109,disenchantment,R,-1,Anachorètes,0.4,MV-016
188,895,disenchantment,R,-1,Hérauts,0.4,SC-017
310,33,exposure,E,-1,Colporteurs,0.6666666666666667,PR-018
310,855,exposure,E,-1,Hérauts,0.6666666666666667,PR-018
316,33,disenchantment,R,-1,Colporteurs,0.6666666666666667,PR-018
374,855,disenchantment,R,-1,Hérauts,0.4,MV-020
403,134,exposure,E,-1,Colporteurs,0.5916666666666667,PR-022
410,134,disenchantment,R,-1,Colporteurs,0.5916666666666667,PR-022
466,70,exposure,E,-1,Iconoclastes,0.6166666666666667,PR-023
466,932,exposure,E,-1,Hérauts,0.6166666666666667,PR-023
474,932,disenchantment,R,-1,Hérauts,0.6166666666666667,PR-023
